row_id,cyberbullying_type
0,not_cyberbullying
1,not_cyberbullying
2,not_cyberbullying
3,not_cyberbullying
4,not_cyberbullying
5,not_cyberbullying
6,not_cyberbullying
7,not_cyberbullying
8,not_cyberbullying
9,not_cyberbullying
10,not_cyberbullying
11,not_cyberbullying
12,not_cyberbullying
13,not_cyberbullying
14,not_cyberbullying
15,not_cyberbullying
16,not_cyberbullying
17,not_cyberbullying
18,not_cyberbullying
19,not_cyberbullying
20,not_cyberbullying
21,not_cyberbullying
22,not_cyberbullying
23,not_cyberbullying
24,not_cyberbullying
25,not_cyberbullying
26,not_cyberbullying
27,not_cyberbullying
28,not_cyberbullying
29,not_cyberbullying
30,not_cyberbullying
31,not_cyberbullying
32,not_cyberbullying
33,not_cyberbullying
34,not_cyberbullying
35,not_cyberbullying
36,not_cyberbullying
37,not_cyberbullying
38,not_cyberbullying
39,not_cyberbullying
40,not_cyberbullying
41,not_cyberbullying
42,not_cyberbullying
43,not_cyberbullying
44,not_cyberbullying
45,not_cyberbullying
46,not_cyberbullying
47,not_cyberbullying
48,not_cyberbullying
49,not_cyberbullying
50,not_cyberbullying
51,not_cyberbullying
52,not_cyberbullying
53,not_cyberbullying
54,not_cyberbullying
55,not_cyberbullying
56,not_cyberbullying
57,not_cyberbullying
58,not_cyberbullying
59,not_cyberbullying
60,not_cyberbullying
61,not_cyberbullying
62,not_cyberbullying
63,not_cyberbullying
64,not_cyberbullying
65,not_cyberbullying
66,not_cyberbullying
67,not_cyberbullying
68,not_cyberbullying
69,not_cyberbullying
70,not_cyberbullying
71,not_cyberbullying
72,not_cyberbullying
73,not_cyberbullying
74,not_cyberbullying
75,not_cyberbullying
76,not_cyberbullying
77,not_cyberbullying
78,not_cyberbullying
79,not_cyberbullying
80,not_cyberbullying
81,not_cyberbullying
82,not_cyberbullying
83,not_cyberbullying
84,not_cyberbullying
85,not_cyberbullying
86,not_cyberbullying
87,not_cyberbullying
89,not_cyberbullying
90,not_cyberbullying
91,not_cyberbullying
92,not_cyberbullying
93,not_cyberbullying
94,not_cyberbullying
95,not_cyberbullying
96,not_cyberbullying
97,not_cyberbullying
98,not_cyberbullying
99,not_cyberbullying
100,not_cyberbullying
101,not_cyberbullying
102,not_cyberbullying
103,not_cyberbullying
104,not_cyberbullying
105,not_cyberbullying
106,not_cyberbullying
107,not_cyberbullying
108,not_cyberbullying
109,not_cyberbullying
110,not_cyberbullying
111,not_cyberbullying
112,not_cyberbullying
113,not_cyberbullying
114,not_cyberbullying
115,not_cyberbullying
116,not_cyberbullying
117,not_cyberbullying
118,not_cyberbullying
119,not_cyberbullying
120,not_cyberbullying
121,not_cyberbullying
122,not_cyberbullying
123,not_cyberbullying
124,not_cyberbullying
125,not_cyberbullying
126,not_cyberbullying
127,not_cyberbullying
128,not_cyberbullying
129,not_cyberbullying
130,not_cyberbullying
131,not_cyberbullying
132,not_cyberbullying
133,not_cyberbullying
134,not_cyberbullying
135,not_cyberbullying
136,not_cyberbullying
137,not_cyberbullying
138,not_cyberbullying
139,not_cyberbullying
140,not_cyberbullying
141,not_cyberbullying
142,not_cyberbullying
143,not_cyberbullying
144,not_cyberbullying
145,not_cyberbullying
146,not_cyberbullying
147,not_cyberbullying
148,not_cyberbullying
149,not_cyberbullying
150,not_cyberbullying
151,not_cyberbullying
152,not_cyberbullying
153,not_cyberbullying
154,not_cyberbullying
155,not_cyberbullying
156,not_cyberbullying
157,not_cyberbullying
158,not_cyberbullying
159,not_cyberbullying
160,not_cyberbullying
161,not_cyberbullying
162,not_cyberbullying
163,not_cyberbullying
164,not_cyberbullying
165,not_cyberbullying
166,not_cyberbullying
167,not_cyberbullying
168,not_cyberbullying
169,not_cyberbullying
170,not_cyberbullying
171,not_cyberbullying
172,not_cyberbullying
173,not_cyberbullying
174,not_cyberbullying
175,not_cyberbullying
176,not_cyberbullying
177,not_cyberbullying
178,not_cyberbullying
179,not_cyberbullying
180,not_cyberbullying
181,not_cyberbullying
182,not_cyberbullying
183,not_cyberbullying
184,not_cyberbullying
185,not_cyberbullying
186,not_cyberbullying
187,not_cyberbullying
188,not_cyberbullying
189,not_cyberbullying
190,not_cyberbullying
191,not_cyberbullying
192,not_cyberbullying
193,not_cyberbullying
194,not_cyberbullying
195,not_cyberbullying
196,not_cyberbullying
197,not_cyberbullying
198,not_cyberbullying
199,not_cyberbullying
200,not_cyberbullying
201,not_cyberbullying
202,not_cyberbullying
203,not_cyberbullying
204,not_cyberbullying
205,not_cyberbullying
206,not_cyberbullying
207,not_cyberbullying
208,not_cyberbullying
209,not_cyberbullying
210,not_cyberbullying
211,not_cyberbullying
212,not_cyberbullying
213,not_cyberbullying
214,not_cyberbullying
215,not_cyberbullying
216,not_cyberbullying
217,not_cyberbullying
218,not_cyberbullying
219,not_cyberbullying
220,not_cyberbullying
221,not_cyberbullying
222,not_cyberbullying
223,not_cyberbullying
224,not_cyberbullying
225,not_cyberbullying
226,not_cyberbullying
227,not_cyberbullying
228,not_cyberbullying
229,not_cyberbullying
230,not_cyberbullying
231,not_cyberbullying
232,not_cyberbullying
233,not_cyberbullying
234,not_cyberbullying
235,not_cyberbullying
236,not_cyberbullying
237,not_cyberbullying
238,not_cyberbullying
239,not_cyberbullying
240,not_cyberbullying
241,not_cyberbullying
242,not_cyberbullying
243,not_cyberbullying
244,not_cyberbullying
245,not_cyberbullying
246,not_cyberbullying
247,not_cyberbullying
248,not_cyberbullying
249,not_cyberbullying
250,not_cyberbullying
251,not_cyberbullying
252,not_cyberbullying
253,not_cyberbullying
254,not_cyberbullying
255,not_cyberbullying
256,not_cyberbullying
257,not_cyberbullying
258,not_cyberbullying
259,not_cyberbullying
260,not_cyberbullying
261,not_cyberbullying
262,not_cyberbullying
263,not_cyberbullying
264,not_cyberbullying
265,not_cyberbullying
266,not_cyberbullying
267,not_cyberbullying
268,not_cyberbullying
269,not_cyberbullying
270,not_cyberbullying
271,not_cyberbullying
272,not_cyberbullying
273,not_cyberbullying
274,not_cyberbullying
275,not_cyberbullying
276,not_cyberbullying
277,not_cyberbullying
278,not_cyberbullying
279,not_cyberbullying
280,not_cyberbullying
281,not_cyberbullying
282,not_cyberbullying
283,not_cyberbullying
284,not_cyberbullying
285,not_cyberbullying
286,not_cyberbullying
287,not_cyberbullying
288,not_cyberbullying
289,not_cyberbullying
290,not_cyberbullying
291,not_cyberbullying
292,not_cyberbullying
293,not_cyberbullying
294,not_cyberbullying
295,not_cyberbullying
296,not_cyberbullying
297,not_cyberbullying
298,not_cyberbullying
299,not_cyberbullying
300,not_cyberbullying
301,not_cyberbullying
302,not_cyberbullying
303,not_cyberbullying
304,not_cyberbullying
305,not_cyberbullying
306,not_cyberbullying
307,not_cyberbullying
308,not_cyberbullying
309,not_cyberbullying
310,not_cyberbullying
311,not_cyberbullying
312,not_cyberbullying
313,not_cyberbullying
314,not_cyberbullying
315,not_cyberbullying
316,not_cyberbullying
317,not_cyberbullying
318,not_cyberbullying
319,not_cyberbullying
320,not_cyberbullying
321,not_cyberbullying
322,not_cyberbullying
323,not_cyberbullying
324,not_cyberbullying
325,not_cyberbullying
326,not_cyberbullying
327,not_cyberbullying
328,not_cyberbullying
329,not_cyberbullying
330,not_cyberbullying
331,not_cyberbullying
332,not_cyberbullying
333,not_cyberbullying
334,not_cyberbullying
335,not_cyberbullying
336,not_cyberbullying
337,not_cyberbullying
338,not_cyberbullying
339,not_cyberbullying
340,not_cyberbullying
341,not_cyberbullying
342,not_cyberbullying
343,not_cyberbullying
344,not_cyberbullying
345,not_cyberbullying
346,not_cyberbullying
347,not_cyberbullying
348,not_cyberbullying
349,not_cyberbullying
350,not_cyberbullying
351,not_cyberbullying
352,not_cyberbullying
353,not_cyberbullying
354,not_cyberbullying
355,not_cyberbullying
356,not_cyberbullying
357,not_cyberbullying
358,not_cyberbullying
359,not_cyberbullying
360,not_cyberbullying
361,not_cyberbullying
362,not_cyberbullying
363,not_cyberbullying
364,not_cyberbullying
365,not_cyberbullying
366,not_cyberbullying
367,not_cyberbullying
368,not_cyberbullying
369,not_cyberbullying
370,not_cyberbullying
371,not_cyberbullying
372,not_cyberbullying
373,not_cyberbullying
374,not_cyberbullying
375,not_cyberbullying
376,not_cyberbullying
377,not_cyberbullying
378,not_cyberbullying
379,not_cyberbullying
380,not_cyberbullying
381,not_cyberbullying
382,not_cyberbullying
383,not_cyberbullying
384,not_cyberbullying
385,not_cyberbullying
386,not_cyberbullying
387,not_cyberbullying
388,not_cyberbullying
389,not_cyberbullying
390,not_cyberbullying
391,not_cyberbullying
392,not_cyberbullying
393,not_cyberbullying
394,not_cyberbullying
395,not_cyberbullying
396,not_cyberbullying
397,not_cyberbullying
398,not_cyberbullying
399,not_cyberbullying
400,not_cyberbullying
401,not_cyberbullying
402,not_cyberbullying
403,not_cyberbullying
404,not_cyberbullying
405,not_cyberbullying
406,not_cyberbullying
407,not_cyberbullying
408,not_cyberbullying
409,not_cyberbullying
410,not_cyberbullying
411,not_cyberbullying
412,not_cyberbullying
413,not_cyberbullying
414,not_cyberbullying
415,not_cyberbullying
416,not_cyberbullying
417,not_cyberbullying
418,not_cyberbullying
419,not_cyberbullying
420,not_cyberbullying
421,not_cyberbullying
422,not_cyberbullying
423,not_cyberbullying
424,not_cyberbullying
425,not_cyberbullying
426,not_cyberbullying
427,not_cyberbullying
428,not_cyberbullying
429,not_cyberbullying
430,not_cyberbullying
431,not_cyberbullying
432,not_cyberbullying
433,not_cyberbullying
434,not_cyberbullying
435,not_cyberbullying
436,not_cyberbullying
437,not_cyberbullying
438,not_cyberbullying
439,not_cyberbullying
440,not_cyberbullying
441,not_cyberbullying
442,not_cyberbullying
443,not_cyberbullying
444,not_cyberbullying
445,not_cyberbullying
446,not_cyberbullying
447,not_cyberbullying
448,not_cyberbullying
449,not_cyberbullying
450,not_cyberbullying
451,not_cyberbullying
452,not_cyberbullying
453,not_cyberbullying
454,not_cyberbullying
455,not_cyberbullying
456,not_cyberbullying
457,not_cyberbullying
458,not_cyberbullying
459,not_cyberbullying
460,not_cyberbullying
461,not_cyberbullying
462,not_cyberbullying
463,not_cyberbullying
464,not_cyberbullying
465,not_cyberbullying
466,not_cyberbullying
467,not_cyberbullying
468,not_cyberbullying
469,not_cyberbullying
470,not_cyberbullying
471,not_cyberbullying
472,not_cyberbullying
473,not_cyberbullying
474,not_cyberbullying
475,not_cyberbullying
476,not_cyberbullying
477,not_cyberbullying
478,not_cyberbullying
479,not_cyberbullying
480,not_cyberbullying
481,not_cyberbullying
482,not_cyberbullying
483,not_cyberbullying
484,not_cyberbullying
485,not_cyberbullying
486,not_cyberbullying
487,not_cyberbullying
488,not_cyberbullying
489,not_cyberbullying
490,not_cyberbullying
491,not_cyberbullying
492,not_cyberbullying
493,not_cyberbullying
494,not_cyberbullying
495,not_cyberbullying
496,not_cyberbullying
497,not_cyberbullying
498,not_cyberbullying
499,not_cyberbullying
500,not_cyberbullying
501,not_cyberbullying
502,not_cyberbullying
503,not_cyberbullying
504,not_cyberbullying
505,not_cyberbullying
506,not_cyberbullying
507,not_cyberbullying
508,not_cyberbullying
509,not_cyberbullying
510,not_cyberbullying
511,not_cyberbullying
512,not_cyberbullying
513,not_cyberbullying
514,not_cyberbullying
515,not_cyberbullying
516,not_cyberbullying
517,not_cyberbullying
518,not_cyberbullying
519,not_cyberbullying
520,not_cyberbullying
521,not_cyberbullying
522,not_cyberbullying
523,not_cyberbullying
524,not_cyberbullying
525,not_cyberbullying
526,not_cyberbullying
527,not_cyberbullying
528,not_cyberbullying
529,not_cyberbullying
530,not_cyberbullying
531,not_cyberbullying
532,not_cyberbullying
533,not_cyberbullying
534,not_cyberbullying
535,not_cyberbullying
536,not_cyberbullying
537,not_cyberbullying
538,not_cyberbullying
539,not_cyberbullying
540,not_cyberbullying
541,not_cyberbullying
542,not_cyberbullying
543,not_cyberbullying
544,not_cyberbullying
545,not_cyberbullying
546,not_cyberbullying
547,not_cyberbullying
548,not_cyberbullying
549,not_cyberbullying
550,not_cyberbullying
551,not_cyberbullying
552,not_cyberbullying
553,not_cyberbullying
554,not_cyberbullying
555,not_cyberbullying
556,not_cyberbullying
557,not_cyberbullying
558,not_cyberbullying
559,not_cyberbullying
560,not_cyberbullying
561,not_cyberbullying
562,not_cyberbullying
563,not_cyberbullying
564,not_cyberbullying
565,not_cyberbullying
566,not_cyberbullying
567,not_cyberbullying
568,not_cyberbullying
569,not_cyberbullying
570,not_cyberbullying
571,not_cyberbullying
572,not_cyberbullying
573,not_cyberbullying
574,not_cyberbullying
575,not_cyberbullying
576,not_cyberbullying
577,not_cyberbullying
578,not_cyberbullying
579,not_cyberbullying
580,not_cyberbullying
581,not_cyberbullying
582,not_cyberbullying
583,not_cyberbullying
584,not_cyberbullying
585,not_cyberbullying
586,not_cyberbullying
587,not_cyberbullying
588,not_cyberbullying
589,not_cyberbullying
590,not_cyberbullying
591,not_cyberbullying
592,not_cyberbullying
593,not_cyberbullying
594,not_cyberbullying
595,not_cyberbullying
596,not_cyberbullying
597,not_cyberbullying
598,not_cyberbullying
599,not_cyberbullying
600,not_cyberbullying
601,not_cyberbullying
602,not_cyberbullying
603,not_cyberbullying
604,not_cyberbullying
605,not_cyberbullying
606,not_cyberbullying
607,not_cyberbullying
608,not_cyberbullying
609,not_cyberbullying
610,not_cyberbullying
611,not_cyberbullying
612,not_cyberbullying
613,not_cyberbullying
614,not_cyberbullying
615,not_cyberbullying
616,not_cyberbullying
617,not_cyberbullying
618,not_cyberbullying
619,not_cyberbullying
620,not_cyberbullying
621,not_cyberbullying
622,not_cyberbullying
623,not_cyberbullying
624,not_cyberbullying
625,not_cyberbullying
626,not_cyberbullying
627,not_cyberbullying
628,not_cyberbullying
629,not_cyberbullying
630,not_cyberbullying
631,not_cyberbullying
632,not_cyberbullying
633,not_cyberbullying
634,not_cyberbullying
635,not_cyberbullying
636,not_cyberbullying
637,not_cyberbullying
638,not_cyberbullying
639,not_cyberbullying
640,not_cyberbullying
641,not_cyberbullying
642,not_cyberbullying
643,not_cyberbullying
644,not_cyberbullying
645,not_cyberbullying
646,not_cyberbullying
647,not_cyberbullying
648,not_cyberbullying
649,not_cyberbullying
650,not_cyberbullying
651,not_cyberbullying
652,not_cyberbullying
653,not_cyberbullying
654,not_cyberbullying
655,not_cyberbullying
656,not_cyberbullying
657,not_cyberbullying
658,not_cyberbullying
659,not_cyberbullying
660,not_cyberbullying
661,not_cyberbullying
662,not_cyberbullying
663,not_cyberbullying
664,not_cyberbullying
665,not_cyberbullying
666,not_cyberbullying
667,not_cyberbullying
668,not_cyberbullying
669,not_cyberbullying
670,not_cyberbullying
671,not_cyberbullying
672,not_cyberbullying
673,not_cyberbullying
674,not_cyberbullying
675,not_cyberbullying
676,not_cyberbullying
677,not_cyberbullying
678,not_cyberbullying
679,not_cyberbullying
680,not_cyberbullying
681,not_cyberbullying
682,not_cyberbullying
683,not_cyberbullying
684,not_cyberbullying
685,not_cyberbullying
686,not_cyberbullying
687,not_cyberbullying
688,not_cyberbullying
689,not_cyberbullying
690,not_cyberbullying
691,not_cyberbullying
692,not_cyberbullying
693,not_cyberbullying
694,not_cyberbullying
695,not_cyberbullying
696,not_cyberbullying
697,not_cyberbullying
698,not_cyberbullying
699,not_cyberbullying
700,not_cyberbullying
701,not_cyberbullying
702,not_cyberbullying
703,not_cyberbullying
704,not_cyberbullying
705,not_cyberbullying
706,not_cyberbullying
707,not_cyberbullying
708,not_cyberbullying
709,not_cyberbullying
710,not_cyberbullying
711,not_cyberbullying
712,not_cyberbullying
713,not_cyberbullying
714,not_cyberbullying
715,not_cyberbullying
716,not_cyberbullying
717,not_cyberbullying
718,not_cyberbullying
719,not_cyberbullying
720,not_cyberbullying
721,not_cyberbullying
722,not_cyberbullying
723,not_cyberbullying
724,not_cyberbullying
725,not_cyberbullying
726,not_cyberbullying
727,not_cyberbullying
728,not_cyberbullying
729,not_cyberbullying
730,not_cyberbullying
731,not_cyberbullying
732,not_cyberbullying
733,not_cyberbullying
734,not_cyberbullying
736,not_cyberbullying
737,not_cyberbullying
738,not_cyberbullying
739,not_cyberbullying
740,not_cyberbullying
741,not_cyberbullying
742,not_cyberbullying
743,not_cyberbullying
744,not_cyberbullying
745,not_cyberbullying
746,not_cyberbullying
747,not_cyberbullying
748,not_cyberbullying
749,not_cyberbullying
750,not_cyberbullying
751,not_cyberbullying
752,not_cyberbullying
753,not_cyberbullying
754,not_cyberbullying
755,not_cyberbullying
756,not_cyberbullying
757,not_cyberbullying
758,not_cyberbullying
759,not_cyberbullying
760,not_cyberbullying
761,not_cyberbullying
762,not_cyberbullying
763,not_cyberbullying
764,not_cyberbullying
765,not_cyberbullying
766,not_cyberbullying
767,not_cyberbullying
768,not_cyberbullying
769,not_cyberbullying
770,not_cyberbullying
771,not_cyberbullying
772,not_cyberbullying
773,not_cyberbullying
774,not_cyberbullying
775,not_cyberbullying
776,not_cyberbullying
777,not_cyberbullying
778,not_cyberbullying
779,not_cyberbullying
780,not_cyberbullying
781,not_cyberbullying
782,not_cyberbullying
783,not_cyberbullying
784,not_cyberbullying
785,not_cyberbullying
786,not_cyberbullying
787,not_cyberbullying
788,not_cyberbullying
789,not_cyberbullying
790,not_cyberbullying
791,not_cyberbullying
792,not_cyberbullying
793,not_cyberbullying
794,not_cyberbullying
795,not_cyberbullying
796,not_cyberbullying
797,not_cyberbullying
798,not_cyberbullying
799,not_cyberbullying
800,not_cyberbullying
801,not_cyberbullying
802,not_cyberbullying
803,not_cyberbullying
804,not_cyberbullying
805,not_cyberbullying
806,not_cyberbullying
807,not_cyberbullying
808,not_cyberbullying
809,not_cyberbullying
810,not_cyberbullying
811,not_cyberbullying
812,not_cyberbullying
813,not_cyberbullying
814,not_cyberbullying
815,not_cyberbullying
816,not_cyberbullying
817,not_cyberbullying
818,not_cyberbullying
819,not_cyberbullying
820,not_cyberbullying
821,not_cyberbullying
822,not_cyberbullying
823,not_cyberbullying
824,not_cyberbullying
825,not_cyberbullying
826,not_cyberbullying
827,not_cyberbullying
828,not_cyberbullying
829,not_cyberbullying
830,not_cyberbullying
831,not_cyberbullying
832,not_cyberbullying
833,not_cyberbullying
834,not_cyberbullying
835,not_cyberbullying
836,not_cyberbullying
837,not_cyberbullying
838,not_cyberbullying
839,not_cyberbullying
840,not_cyberbullying
841,not_cyberbullying
842,not_cyberbullying
843,not_cyberbullying
844,not_cyberbullying
845,not_cyberbullying
846,not_cyberbullying
847,not_cyberbullying
848,not_cyberbullying
849,not_cyberbullying
850,not_cyberbullying
851,not_cyberbullying
852,not_cyberbullying
853,not_cyberbullying
854,not_cyberbullying
855,not_cyberbullying
856,not_cyberbullying
857,not_cyberbullying
858,not_cyberbullying
859,not_cyberbullying
860,not_cyberbullying
861,not_cyberbullying
862,not_cyberbullying
863,not_cyberbullying
864,not_cyberbullying
865,not_cyberbullying
866,not_cyberbullying
867,not_cyberbullying
868,not_cyberbullying
869,not_cyberbullying
870,not_cyberbullying
871,not_cyberbullying
872,not_cyberbullying
873,not_cyberbullying
874,not_cyberbullying
875,not_cyberbullying
876,not_cyberbullying
877,not_cyberbullying
878,not_cyberbullying
879,not_cyberbullying
880,not_cyberbullying
881,not_cyberbullying
882,not_cyberbullying
883,not_cyberbullying
884,not_cyberbullying
885,not_cyberbullying
886,not_cyberbullying
887,not_cyberbullying
888,not_cyberbullying
889,not_cyberbullying
890,not_cyberbullying
891,not_cyberbullying
892,not_cyberbullying
893,not_cyberbullying
894,not_cyberbullying
895,not_cyberbullying
896,not_cyberbullying
897,not_cyberbullying
898,not_cyberbullying
899,not_cyberbullying
900,not_cyberbullying
901,not_cyberbullying
902,not_cyberbullying
903,not_cyberbullying
904,not_cyberbullying
905,not_cyberbullying
906,not_cyberbullying
907,not_cyberbullying
908,not_cyberbullying
909,not_cyberbullying
910,not_cyberbullying
911,not_cyberbullying
912,not_cyberbullying
913,not_cyberbullying
914,not_cyberbullying
915,not_cyberbullying
916,not_cyberbullying
917,not_cyberbullying
918,not_cyberbullying
919,not_cyberbullying
920,not_cyberbullying
921,not_cyberbullying
922,not_cyberbullying
923,not_cyberbullying
924,not_cyberbullying
925,not_cyberbullying
926,not_cyberbullying
927,not_cyberbullying
928,not_cyberbullying
929,not_cyberbullying
930,not_cyberbullying
931,not_cyberbullying
932,not_cyberbullying
933,not_cyberbullying
934,not_cyberbullying
935,not_cyberbullying
936,not_cyberbullying
937,not_cyberbullying
938,not_cyberbullying
939,not_cyberbullying
940,not_cyberbullying
941,not_cyberbullying
942,not_cyberbullying
943,not_cyberbullying
944,not_cyberbullying
945,not_cyberbullying
946,not_cyberbullying
947,not_cyberbullying
948,not_cyberbullying
949,not_cyberbullying
950,not_cyberbullying
951,not_cyberbullying
952,not_cyberbullying
953,not_cyberbullying
954,not_cyberbullying
955,not_cyberbullying
956,not_cyberbullying
957,not_cyberbullying
958,not_cyberbullying
959,not_cyberbullying
960,not_cyberbullying
961,not_cyberbullying
962,not_cyberbullying
963,not_cyberbullying
964,not_cyberbullying
965,not_cyberbullying
966,not_cyberbullying
967,not_cyberbullying
968,not_cyberbullying
969,not_cyberbullying
970,not_cyberbullying
971,not_cyberbullying
972,not_cyberbullying
973,not_cyberbullying
974,not_cyberbullying
975,not_cyberbullying
976,not_cyberbullying
977,not_cyberbullying
978,not_cyberbullying
979,not_cyberbullying
980,not_cyberbullying
981,not_cyberbullying
982,not_cyberbullying
983,not_cyberbullying
984,not_cyberbullying
985,not_cyberbullying
986,not_cyberbullying
987,not_cyberbullying
988,not_cyberbullying
989,not_cyberbullying
990,not_cyberbullying
991,not_cyberbullying
992,not_cyberbullying
993,not_cyberbullying
994,not_cyberbullying
995,not_cyberbullying
996,not_cyberbullying
997,not_cyberbullying
998,not_cyberbullying
999,not_cyberbullying
1000,not_cyberbullying
1001,not_cyberbullying
1002,not_cyberbullying
1003,not_cyberbullying
1004,not_cyberbullying
1005,not_cyberbullying
1006,not_cyberbullying
1007,not_cyberbullying
1008,not_cyberbullying
1009,not_cyberbullying
1010,not_cyberbullying
1011,not_cyberbullying
1012,not_cyberbullying
1013,not_cyberbullying
1014,not_cyberbullying
1015,not_cyberbullying
1016,not_cyberbullying
1017,not_cyberbullying
1018,not_cyberbullying
1019,not_cyberbullying
1020,not_cyberbullying
1021,not_cyberbullying
1022,not_cyberbullying
1023,not_cyberbullying
1024,not_cyberbullying
1025,not_cyberbullying
1026,not_cyberbullying
1027,not_cyberbullying
1028,not_cyberbullying
1029,not_cyberbullying
1030,not_cyberbullying
1031,not_cyberbullying
1032,not_cyberbullying
1033,not_cyberbullying
1034,not_cyberbullying
1035,not_cyberbullying
1036,not_cyberbullying
1037,not_cyberbullying
1038,not_cyberbullying
1039,not_cyberbullying
1040,not_cyberbullying
1041,not_cyberbullying
1042,not_cyberbullying
1043,not_cyberbullying
1044,not_cyberbullying
1045,not_cyberbullying
1046,not_cyberbullying
1047,not_cyberbullying
1048,not_cyberbullying
1049,not_cyberbullying
1050,not_cyberbullying
1051,not_cyberbullying
1052,not_cyberbullying
1053,not_cyberbullying
1054,not_cyberbullying
1055,not_cyberbullying
1056,not_cyberbullying
1057,not_cyberbullying
1058,not_cyberbullying
1059,not_cyberbullying
1060,not_cyberbullying
1061,not_cyberbullying
1062,not_cyberbullying
1063,not_cyberbullying
1064,not_cyberbullying
1065,not_cyberbullying
1066,not_cyberbullying
1067,not_cyberbullying
1068,not_cyberbullying
1069,not_cyberbullying
1070,not_cyberbullying
1071,not_cyberbullying
1072,not_cyberbullying
1073,not_cyberbullying
1074,not_cyberbullying
1075,not_cyberbullying
1076,not_cyberbullying
1077,not_cyberbullying
1078,not_cyberbullying
1079,not_cyberbullying
1080,not_cyberbullying
1081,not_cyberbullying
1082,not_cyberbullying
1083,not_cyberbullying
1084,not_cyberbullying
1085,not_cyberbullying
1086,not_cyberbullying
1087,not_cyberbullying
1088,not_cyberbullying
1089,not_cyberbullying
1090,not_cyberbullying
1091,not_cyberbullying
1092,not_cyberbullying
1093,not_cyberbullying
1094,not_cyberbullying
1095,not_cyberbullying
1096,not_cyberbullying
1097,not_cyberbullying
1098,not_cyberbullying
1099,not_cyberbullying
1100,not_cyberbullying
1101,not_cyberbullying
1102,not_cyberbullying
1103,not_cyberbullying
1104,not_cyberbullying
1105,not_cyberbullying
1106,not_cyberbullying
1107,not_cyberbullying
1108,not_cyberbullying
1109,not_cyberbullying
1110,not_cyberbullying
1111,not_cyberbullying
1112,not_cyberbullying
1113,not_cyberbullying
1114,not_cyberbullying
1115,not_cyberbullying
1116,not_cyberbullying
1117,not_cyberbullying
1118,not_cyberbullying
1119,not_cyberbullying
1120,not_cyberbullying
1121,not_cyberbullying
1122,not_cyberbullying
1123,not_cyberbullying
1124,not_cyberbullying
1125,not_cyberbullying
1126,not_cyberbullying
1127,not_cyberbullying
1128,not_cyberbullying
1129,not_cyberbullying
1130,not_cyberbullying
1131,not_cyberbullying
1132,not_cyberbullying
1133,not_cyberbullying
1134,not_cyberbullying
1135,not_cyberbullying
1136,not_cyberbullying
1137,not_cyberbullying
1138,not_cyberbullying
1139,not_cyberbullying
1140,not_cyberbullying
1141,not_cyberbullying
1142,not_cyberbullying
1143,not_cyberbullying
1144,not_cyberbullying
1145,not_cyberbullying
1146,not_cyberbullying
1147,not_cyberbullying
1148,not_cyberbullying
1149,not_cyberbullying
1150,not_cyberbullying
1151,not_cyberbullying
1152,not_cyberbullying
1153,not_cyberbullying
1154,not_cyberbullying
1155,not_cyberbullying
1156,not_cyberbullying
1157,not_cyberbullying
1158,not_cyberbullying
1159,not_cyberbullying
1160,not_cyberbullying
1161,not_cyberbullying
1162,not_cyberbullying
1163,not_cyberbullying
1164,not_cyberbullying
1165,not_cyberbullying
1166,not_cyberbullying
1167,not_cyberbullying
1168,not_cyberbullying
1169,not_cyberbullying
1170,not_cyberbullying
1171,not_cyberbullying
1172,not_cyberbullying
1173,not_cyberbullying
1174,not_cyberbullying
1175,not_cyberbullying
1176,not_cyberbullying
1177,not_cyberbullying
1178,not_cyberbullying
1179,not_cyberbullying
1180,not_cyberbullying
1181,not_cyberbullying
1182,not_cyberbullying
1183,not_cyberbullying
1184,not_cyberbullying
1185,not_cyberbullying
1186,not_cyberbullying
1187,not_cyberbullying
1188,not_cyberbullying
1189,not_cyberbullying
1190,not_cyberbullying
1191,not_cyberbullying
1192,not_cyberbullying
1193,not_cyberbullying
1194,not_cyberbullying
1195,not_cyberbullying
1196,not_cyberbullying
1197,not_cyberbullying
1198,not_cyberbullying
1199,not_cyberbullying
1200,not_cyberbullying
1201,not_cyberbullying
1202,not_cyberbullying
1203,not_cyberbullying
1204,not_cyberbullying
1205,not_cyberbullying
1206,not_cyberbullying
1207,not_cyberbullying
1208,not_cyberbullying
1209,not_cyberbullying
1210,not_cyberbullying
1211,not_cyberbullying
1212,not_cyberbullying
1213,not_cyberbullying
1214,not_cyberbullying
1215,not_cyberbullying
1216,not_cyberbullying
1217,not_cyberbullying
1218,not_cyberbullying
1219,not_cyberbullying
1220,not_cyberbullying
1221,not_cyberbullying
1222,not_cyberbullying
1223,not_cyberbullying
1224,not_cyberbullying
1226,not_cyberbullying
1227,not_cyberbullying
1228,not_cyberbullying
1229,not_cyberbullying
1230,not_cyberbullying
1231,not_cyberbullying
1232,not_cyberbullying
1233,not_cyberbullying
1234,not_cyberbullying
1235,not_cyberbullying
1236,not_cyberbullying
1237,not_cyberbullying
1238,not_cyberbullying
1239,not_cyberbullying
1240,not_cyberbullying
1241,not_cyberbullying
1242,not_cyberbullying
1243,not_cyberbullying
1244,not_cyberbullying
1245,not_cyberbullying
1246,not_cyberbullying
1247,not_cyberbullying
1248,not_cyberbullying
1249,not_cyberbullying
1250,not_cyberbullying
1251,not_cyberbullying
1252,not_cyberbullying
1253,not_cyberbullying
1254,not_cyberbullying
1255,not_cyberbullying
1256,not_cyberbullying
1257,not_cyberbullying
1258,not_cyberbullying
1259,not_cyberbullying
1260,not_cyberbullying
1261,not_cyberbullying
1262,not_cyberbullying
1263,not_cyberbullying
1264,not_cyberbullying
1265,not_cyberbullying
1266,not_cyberbullying
1267,not_cyberbullying
1268,not_cyberbullying
1269,not_cyberbullying
1270,not_cyberbullying
1271,not_cyberbullying
1272,not_cyberbullying
1273,not_cyberbullying
1274,not_cyberbullying
1275,not_cyberbullying
1276,not_cyberbullying
1277,not_cyberbullying
1278,not_cyberbullying
1279,not_cyberbullying
1280,not_cyberbullying
1281,not_cyberbullying
1282,not_cyberbullying
1283,not_cyberbullying
1284,not_cyberbullying
1285,not_cyberbullying
1286,not_cyberbullying
1287,not_cyberbullying
1288,not_cyberbullying
1289,not_cyberbullying
1290,not_cyberbullying
1291,not_cyberbullying
1292,not_cyberbullying
1293,not_cyberbullying
1294,not_cyberbullying
1295,not_cyberbullying
1296,not_cyberbullying
1297,not_cyberbullying
1298,not_cyberbullying
1299,not_cyberbullying
1300,not_cyberbullying
1301,not_cyberbullying
1302,not_cyberbullying
1303,not_cyberbullying
1304,not_cyberbullying
1305,not_cyberbullying
1306,not_cyberbullying
1307,not_cyberbullying
1308,not_cyberbullying
1309,not_cyberbullying
1310,not_cyberbullying
1311,not_cyberbullying
1312,not_cyberbullying
1313,not_cyberbullying
1314,not_cyberbullying
1315,not_cyberbullying
1316,not_cyberbullying
1317,not_cyberbullying
1318,not_cyberbullying
1319,not_cyberbullying
1320,not_cyberbullying
1321,not_cyberbullying
1322,not_cyberbullying
1323,not_cyberbullying
1324,not_cyberbullying
1325,not_cyberbullying
1326,not_cyberbullying
1327,not_cyberbullying
1328,not_cyberbullying
1329,not_cyberbullying
1330,not_cyberbullying
1331,not_cyberbullying
1332,not_cyberbullying
1333,not_cyberbullying
1334,not_cyberbullying
1335,not_cyberbullying
1336,not_cyberbullying
1337,not_cyberbullying
1338,not_cyberbullying
1339,not_cyberbullying
1340,not_cyberbullying
1341,not_cyberbullying
1342,not_cyberbullying
1343,not_cyberbullying
1344,not_cyberbullying
1345,not_cyberbullying
1346,not_cyberbullying
1347,not_cyberbullying
1348,not_cyberbullying
1349,not_cyberbullying
1350,not_cyberbullying
1351,not_cyberbullying
1352,not_cyberbullying
1353,not_cyberbullying
1354,not_cyberbullying
1355,not_cyberbullying
1356,not_cyberbullying
1357,not_cyberbullying
1358,not_cyberbullying
1359,not_cyberbullying
1360,not_cyberbullying
1361,not_cyberbullying
1362,not_cyberbullying
1363,not_cyberbullying
1364,not_cyberbullying
1365,not_cyberbullying
1366,not_cyberbullying
1367,not_cyberbullying
1368,not_cyberbullying
1369,not_cyberbullying
1370,not_cyberbullying
1371,not_cyberbullying
1372,not_cyberbullying
1373,not_cyberbullying
1374,not_cyberbullying
1375,not_cyberbullying
1376,not_cyberbullying
1377,not_cyberbullying
1378,not_cyberbullying
1379,not_cyberbullying
1380,not_cyberbullying
1381,not_cyberbullying
1382,not_cyberbullying
1383,not_cyberbullying
1384,not_cyberbullying
1385,not_cyberbullying
1386,not_cyberbullying
1387,not_cyberbullying
1388,not_cyberbullying
1389,not_cyberbullying
1390,not_cyberbullying
1391,not_cyberbullying
1392,not_cyberbullying
1393,not_cyberbullying
1394,not_cyberbullying
1395,not_cyberbullying
1396,not_cyberbullying
1397,not_cyberbullying
1398,not_cyberbullying
1399,not_cyberbullying
1400,not_cyberbullying
1401,not_cyberbullying
1402,not_cyberbullying
1403,not_cyberbullying
1404,not_cyberbullying
1405,not_cyberbullying
1406,not_cyberbullying
1407,not_cyberbullying
1408,not_cyberbullying
1409,not_cyberbullying
1410,not_cyberbullying
1411,not_cyberbullying
1412,not_cyberbullying
1413,not_cyberbullying
1414,not_cyberbullying
1415,not_cyberbullying
1416,not_cyberbullying
1417,not_cyberbullying
1418,not_cyberbullying
1419,not_cyberbullying
1420,not_cyberbullying
1421,not_cyberbullying
1422,not_cyberbullying
1423,not_cyberbullying
1424,not_cyberbullying
1425,not_cyberbullying
1426,not_cyberbullying
1427,not_cyberbullying
1428,not_cyberbullying
1429,not_cyberbullying
1430,not_cyberbullying
1431,not_cyberbullying
1432,not_cyberbullying
1433,not_cyberbullying
1434,not_cyberbullying
1435,not_cyberbullying
1436,not_cyberbullying
1437,not_cyberbullying
1438,not_cyberbullying
1439,not_cyberbullying
1440,not_cyberbullying
1441,not_cyberbullying
1442,not_cyberbullying
1443,not_cyberbullying
1444,not_cyberbullying
1445,not_cyberbullying
1446,not_cyberbullying
1447,not_cyberbullying
1448,not_cyberbullying
1449,not_cyberbullying
1450,not_cyberbullying
1451,not_cyberbullying
1452,not_cyberbullying
1453,not_cyberbullying
1454,not_cyberbullying
1455,not_cyberbullying
1456,not_cyberbullying
1457,not_cyberbullying
1458,not_cyberbullying
1459,not_cyberbullying
1460,not_cyberbullying
1461,not_cyberbullying
1462,not_cyberbullying
1463,not_cyberbullying
1464,not_cyberbullying
1465,not_cyberbullying
1466,not_cyberbullying
1467,not_cyberbullying
1468,not_cyberbullying
1469,not_cyberbullying
1470,not_cyberbullying
1471,not_cyberbullying
1472,not_cyberbullying
1473,not_cyberbullying
1474,not_cyberbullying
1475,not_cyberbullying
1476,not_cyberbullying
1477,not_cyberbullying
1478,not_cyberbullying
1479,not_cyberbullying
1480,not_cyberbullying
1481,not_cyberbullying
1482,not_cyberbullying
1483,not_cyberbullying
1484,not_cyberbullying
1485,not_cyberbullying
1486,not_cyberbullying
1487,not_cyberbullying
1488,not_cyberbullying
1489,not_cyberbullying
1490,not_cyberbullying
1491,not_cyberbullying
1492,not_cyberbullying
1493,not_cyberbullying
1494,not_cyberbullying
1495,not_cyberbullying
1496,not_cyberbullying
1497,not_cyberbullying
1498,not_cyberbullying
1499,not_cyberbullying
1500,not_cyberbullying
1501,not_cyberbullying
1502,not_cyberbullying
1503,not_cyberbullying
1504,not_cyberbullying
1505,not_cyberbullying
1506,not_cyberbullying
1507,not_cyberbullying
1508,not_cyberbullying
1509,not_cyberbullying
1510,not_cyberbullying
1511,not_cyberbullying
1512,not_cyberbullying
1513,not_cyberbullying
1514,not_cyberbullying
1515,not_cyberbullying
1516,not_cyberbullying
1517,not_cyberbullying
1518,not_cyberbullying
1519,not_cyberbullying
1520,not_cyberbullying
1521,not_cyberbullying
1522,not_cyberbullying
1523,not_cyberbullying
1524,not_cyberbullying
1525,not_cyberbullying
1526,not_cyberbullying
1527,not_cyberbullying
1528,not_cyberbullying
1529,not_cyberbullying
1530,not_cyberbullying
1531,not_cyberbullying
1532,not_cyberbullying
1533,not_cyberbullying
1534,not_cyberbullying
1535,not_cyberbullying
1536,not_cyberbullying
1537,not_cyberbullying
1538,not_cyberbullying
1539,not_cyberbullying
1540,not_cyberbullying
1541,not_cyberbullying
1542,not_cyberbullying
1543,not_cyberbullying
1544,not_cyberbullying
1545,not_cyberbullying
1546,not_cyberbullying
1547,not_cyberbullying
1548,not_cyberbullying
1549,not_cyberbullying
1550,not_cyberbullying
1551,not_cyberbullying
1552,not_cyberbullying
1553,not_cyberbullying
1554,not_cyberbullying
1555,not_cyberbullying
1556,not_cyberbullying
1557,not_cyberbullying
1558,not_cyberbullying
1559,not_cyberbullying
1560,not_cyberbullying
1561,not_cyberbullying
1562,not_cyberbullying
1563,not_cyberbullying
1564,not_cyberbullying
1565,not_cyberbullying
1566,not_cyberbullying
1567,not_cyberbullying
1568,not_cyberbullying
1569,not_cyberbullying
1570,not_cyberbullying
1571,not_cyberbullying
1572,not_cyberbullying
1573,not_cyberbullying
1574,not_cyberbullying
1575,not_cyberbullying
1576,not_cyberbullying
1577,not_cyberbullying
1578,not_cyberbullying
1579,not_cyberbullying
1580,not_cyberbullying
1581,not_cyberbullying
1582,not_cyberbullying
1583,not_cyberbullying
1584,not_cyberbullying
1585,not_cyberbullying
1586,not_cyberbullying
1587,not_cyberbullying
1588,not_cyberbullying
1589,not_cyberbullying
1590,not_cyberbullying
1591,not_cyberbullying
1592,not_cyberbullying
1593,not_cyberbullying
1594,not_cyberbullying
1595,not_cyberbullying
1596,not_cyberbullying
1597,not_cyberbullying
1598,not_cyberbullying
1599,not_cyberbullying
1600,not_cyberbullying
1601,not_cyberbullying
1602,not_cyberbullying
1603,not_cyberbullying
1604,not_cyberbullying
1605,not_cyberbullying
1606,not_cyberbullying
1607,not_cyberbullying
1608,not_cyberbullying
1609,not_cyberbullying
1610,not_cyberbullying
1611,not_cyberbullying
1612,not_cyberbullying
1613,not_cyberbullying
1614,not_cyberbullying
1615,not_cyberbullying
1616,not_cyberbullying
1617,not_cyberbullying
1618,not_cyberbullying
1619,not_cyberbullying
1620,not_cyberbullying
1621,not_cyberbullying
1622,not_cyberbullying
1623,not_cyberbullying
1624,not_cyberbullying
1625,not_cyberbullying
1626,not_cyberbullying
1627,not_cyberbullying
1628,not_cyberbullying
1629,not_cyberbullying
1630,not_cyberbullying
1631,not_cyberbullying
1632,not_cyberbullying
1633,not_cyberbullying
1634,not_cyberbullying
1635,not_cyberbullying
1636,not_cyberbullying
1637,not_cyberbullying
1638,not_cyberbullying
1639,not_cyberbullying
1640,not_cyberbullying
1641,not_cyberbullying
1642,not_cyberbullying
1643,not_cyberbullying
1644,not_cyberbullying
1645,not_cyberbullying
1646,not_cyberbullying
1647,not_cyberbullying
1648,not_cyberbullying
1649,not_cyberbullying
1650,not_cyberbullying
1651,not_cyberbullying
1652,not_cyberbullying
1653,not_cyberbullying
1654,not_cyberbullying
1655,not_cyberbullying
1656,not_cyberbullying
1657,not_cyberbullying
1658,not_cyberbullying
1659,not_cyberbullying
1660,not_cyberbullying
1661,not_cyberbullying
1662,not_cyberbullying
1663,not_cyberbullying
1664,not_cyberbullying
1665,not_cyberbullying
1666,not_cyberbullying
1667,not_cyberbullying
1668,not_cyberbullying
1669,not_cyberbullying
1670,not_cyberbullying
1671,not_cyberbullying
1672,not_cyberbullying
1673,not_cyberbullying
1674,not_cyberbullying
1675,not_cyberbullying
1676,not_cyberbullying
1677,not_cyberbullying
1678,not_cyberbullying
1679,not_cyberbullying
1680,not_cyberbullying
1681,not_cyberbullying
1682,not_cyberbullying
1683,not_cyberbullying
1684,not_cyberbullying
1685,not_cyberbullying
1686,not_cyberbullying
1687,not_cyberbullying
1688,not_cyberbullying
1689,not_cyberbullying
1690,not_cyberbullying
1691,not_cyberbullying
1692,not_cyberbullying
1693,not_cyberbullying
1694,not_cyberbullying
1695,not_cyberbullying
1696,not_cyberbullying
1697,not_cyberbullying
1698,not_cyberbullying
1699,not_cyberbullying
1700,not_cyberbullying
1701,not_cyberbullying
1702,not_cyberbullying
1703,not_cyberbullying
1704,not_cyberbullying
1705,not_cyberbullying
1706,not_cyberbullying
1707,not_cyberbullying
1708,not_cyberbullying
1709,not_cyberbullying
1710,not_cyberbullying
1711,not_cyberbullying
1712,not_cyberbullying
1713,not_cyberbullying
1714,not_cyberbullying
1715,not_cyberbullying
1716,not_cyberbullying
1717,not_cyberbullying
1718,not_cyberbullying
1719,not_cyberbullying
1720,not_cyberbullying
1721,not_cyberbullying
1722,not_cyberbullying
1724,not_cyberbullying
1725,not_cyberbullying
1726,not_cyberbullying
1727,not_cyberbullying
1728,not_cyberbullying
1729,not_cyberbullying
1730,not_cyberbullying
1731,not_cyberbullying
1732,not_cyberbullying
1733,not_cyberbullying
1734,not_cyberbullying
1735,not_cyberbullying
1736,not_cyberbullying
1737,not_cyberbullying
1738,not_cyberbullying
1739,not_cyberbullying
1740,not_cyberbullying
1741,not_cyberbullying
1742,not_cyberbullying
1743,not_cyberbullying
1744,not_cyberbullying
1745,not_cyberbullying
1746,not_cyberbullying
1747,not_cyberbullying
1748,not_cyberbullying
1749,not_cyberbullying
1750,not_cyberbullying
1751,not_cyberbullying
1752,not_cyberbullying
1753,not_cyberbullying
1754,not_cyberbullying
1755,not_cyberbullying
1756,not_cyberbullying
1757,not_cyberbullying
1758,not_cyberbullying
1759,not_cyberbullying
1760,not_cyberbullying
1761,not_cyberbullying
1762,not_cyberbullying
1763,not_cyberbullying
1764,not_cyberbullying
1765,not_cyberbullying
1766,not_cyberbullying
1767,not_cyberbullying
1768,not_cyberbullying
1769,not_cyberbullying
1770,not_cyberbullying
1771,not_cyberbullying
1772,not_cyberbullying
1773,not_cyberbullying
1774,not_cyberbullying
1775,not_cyberbullying
1776,not_cyberbullying
1777,not_cyberbullying
1778,not_cyberbullying
1779,not_cyberbullying
1780,not_cyberbullying
1781,not_cyberbullying
1782,not_cyberbullying
1783,not_cyberbullying
1784,not_cyberbullying
1785,not_cyberbullying
1786,not_cyberbullying
1787,not_cyberbullying
1788,not_cyberbullying
1789,not_cyberbullying
1790,not_cyberbullying
1791,not_cyberbullying
1792,not_cyberbullying
1793,not_cyberbullying
1794,not_cyberbullying
1795,not_cyberbullying
1796,not_cyberbullying
1797,not_cyberbullying
1798,not_cyberbullying
1799,not_cyberbullying
1800,not_cyberbullying
1801,not_cyberbullying
1802,not_cyberbullying
1803,not_cyberbullying
1804,not_cyberbullying
1805,not_cyberbullying
1806,not_cyberbullying
1807,not_cyberbullying
1808,not_cyberbullying
1809,not_cyberbullying
1810,not_cyberbullying
1811,not_cyberbullying
1812,not_cyberbullying
1813,not_cyberbullying
1814,not_cyberbullying
1815,not_cyberbullying
1816,not_cyberbullying
1817,not_cyberbullying
1818,not_cyberbullying
1819,not_cyberbullying
1820,not_cyberbullying
1821,not_cyberbullying
1822,not_cyberbullying
1823,not_cyberbullying
1824,not_cyberbullying
1825,not_cyberbullying
1826,not_cyberbullying
1827,not_cyberbullying
1828,not_cyberbullying
1829,not_cyberbullying
1830,not_cyberbullying
1831,not_cyberbullying
1832,not_cyberbullying
1833,not_cyberbullying
1834,not_cyberbullying
1835,not_cyberbullying
1836,not_cyberbullying
1837,not_cyberbullying
1838,not_cyberbullying
1839,not_cyberbullying
1840,not_cyberbullying
1841,not_cyberbullying
1842,not_cyberbullying
1843,not_cyberbullying
1844,not_cyberbullying
1845,not_cyberbullying
1846,not_cyberbullying
1847,not_cyberbullying
1848,not_cyberbullying
1849,not_cyberbullying
1850,not_cyberbullying
1851,not_cyberbullying
1852,not_cyberbullying
1853,not_cyberbullying
1854,not_cyberbullying
1855,not_cyberbullying
1856,not_cyberbullying
1857,not_cyberbullying
1858,not_cyberbullying
1859,not_cyberbullying
1860,not_cyberbullying
1861,not_cyberbullying
1862,not_cyberbullying
1863,not_cyberbullying
1864,not_cyberbullying
1865,not_cyberbullying
1866,not_cyberbullying
1867,not_cyberbullying
1868,not_cyberbullying
1869,not_cyberbullying
1870,not_cyberbullying
1871,not_cyberbullying
1872,not_cyberbullying
1873,not_cyberbullying
1874,not_cyberbullying
1875,not_cyberbullying
1876,not_cyberbullying
1877,not_cyberbullying
1878,not_cyberbullying
1879,not_cyberbullying
1880,not_cyberbullying
1881,not_cyberbullying
1882,not_cyberbullying
1883,not_cyberbullying
1884,not_cyberbullying
1885,not_cyberbullying
1886,not_cyberbullying
1887,not_cyberbullying
1888,not_cyberbullying
1889,not_cyberbullying
1890,not_cyberbullying
1891,not_cyberbullying
1892,not_cyberbullying
1893,not_cyberbullying
1894,not_cyberbullying
1895,not_cyberbullying
1896,not_cyberbullying
1897,not_cyberbullying
1898,not_cyberbullying
1899,not_cyberbullying
1900,not_cyberbullying
1901,not_cyberbullying
1902,not_cyberbullying
1903,not_cyberbullying
1904,not_cyberbullying
1905,not_cyberbullying
1906,not_cyberbullying
1907,not_cyberbullying
1908,not_cyberbullying
1909,not_cyberbullying
1910,not_cyberbullying
1911,not_cyberbullying
1912,not_cyberbullying
1913,not_cyberbullying
1914,not_cyberbullying
1915,not_cyberbullying
1916,not_cyberbullying
1917,not_cyberbullying
1918,not_cyberbullying
1919,not_cyberbullying
1920,not_cyberbullying
1921,not_cyberbullying
1922,not_cyberbullying
1923,not_cyberbullying
1924,not_cyberbullying
1925,not_cyberbullying
1926,not_cyberbullying
1927,not_cyberbullying
1928,not_cyberbullying
1929,not_cyberbullying
1930,not_cyberbullying
1931,not_cyberbullying
1932,not_cyberbullying
1933,not_cyberbullying
1934,not_cyberbullying
1935,not_cyberbullying
1936,not_cyberbullying
1937,not_cyberbullying
1938,not_cyberbullying
1939,not_cyberbullying
1940,not_cyberbullying
1941,not_cyberbullying
1942,not_cyberbullying
1943,not_cyberbullying
1944,not_cyberbullying
1945,not_cyberbullying
1946,not_cyberbullying
1947,not_cyberbullying
1948,not_cyberbullying
1949,not_cyberbullying
1950,not_cyberbullying
1951,not_cyberbullying
1952,not_cyberbullying
1953,not_cyberbullying
1954,not_cyberbullying
1955,not_cyberbullying
1956,not_cyberbullying
1957,not_cyberbullying
1958,not_cyberbullying
1959,not_cyberbullying
1960,not_cyberbullying
1961,not_cyberbullying
1962,not_cyberbullying
1963,not_cyberbullying
1964,not_cyberbullying
1965,not_cyberbullying
1966,not_cyberbullying
1967,not_cyberbullying
1968,not_cyberbullying
1969,not_cyberbullying
1970,not_cyberbullying
1971,not_cyberbullying
1972,not_cyberbullying
1973,not_cyberbullying
1974,not_cyberbullying
1975,not_cyberbullying
1976,not_cyberbullying
1977,not_cyberbullying
1978,not_cyberbullying
1979,not_cyberbullying
1980,not_cyberbullying
1981,not_cyberbullying
1982,not_cyberbullying
1983,not_cyberbullying
1984,not_cyberbullying
1985,not_cyberbullying
1986,not_cyberbullying
1987,not_cyberbullying
1988,not_cyberbullying
1989,not_cyberbullying
1990,not_cyberbullying
1991,not_cyberbullying
1992,not_cyberbullying
1993,not_cyberbullying
1994,not_cyberbullying
1995,not_cyberbullying
1996,not_cyberbullying
1997,not_cyberbullying
1998,not_cyberbullying
1999,not_cyberbullying
2000,not_cyberbullying
2001,not_cyberbullying
2002,not_cyberbullying
2003,not_cyberbullying
2004,not_cyberbullying
2005,not_cyberbullying
2006,not_cyberbullying
2007,not_cyberbullying
2008,not_cyberbullying
2009,not_cyberbullying
2010,not_cyberbullying
2011,not_cyberbullying
2012,not_cyberbullying
2013,not_cyberbullying
2014,not_cyberbullying
2015,not_cyberbullying
2016,not_cyberbullying
2017,not_cyberbullying
2018,not_cyberbullying
2019,not_cyberbullying
2020,not_cyberbullying
2021,not_cyberbullying
2022,not_cyberbullying
2023,not_cyberbullying
2024,not_cyberbullying
2025,not_cyberbullying
2026,not_cyberbullying
2027,not_cyberbullying
2028,not_cyberbullying
2029,not_cyberbullying
2030,not_cyberbullying
2031,not_cyberbullying
2032,not_cyberbullying
2033,not_cyberbullying
2034,not_cyberbullying
2035,not_cyberbullying
2036,not_cyberbullying
2037,not_cyberbullying
2038,not_cyberbullying
2039,not_cyberbullying
2040,not_cyberbullying
2041,not_cyberbullying
2042,not_cyberbullying
2043,not_cyberbullying
2044,not_cyberbullying
2045,not_cyberbullying
2046,not_cyberbullying
2047,not_cyberbullying
2048,not_cyberbullying
2049,not_cyberbullying
2050,not_cyberbullying
2051,not_cyberbullying
2052,not_cyberbullying
2053,not_cyberbullying
2054,not_cyberbullying
2055,not_cyberbullying
2056,not_cyberbullying
2057,not_cyberbullying
2058,not_cyberbullying
2059,not_cyberbullying
2060,not_cyberbullying
2061,not_cyberbullying
2062,not_cyberbullying
2063,not_cyberbullying
2064,not_cyberbullying
2065,not_cyberbullying
2066,not_cyberbullying
2067,not_cyberbullying
2068,not_cyberbullying
2069,not_cyberbullying
2070,not_cyberbullying
2071,not_cyberbullying
2072,not_cyberbullying
2073,not_cyberbullying
2074,not_cyberbullying
2075,not_cyberbullying
2076,not_cyberbullying
2077,not_cyberbullying
2078,not_cyberbullying
2079,not_cyberbullying
2080,not_cyberbullying
2081,not_cyberbullying
2082,not_cyberbullying
2083,not_cyberbullying
2084,not_cyberbullying
2085,not_cyberbullying
2086,not_cyberbullying
2087,not_cyberbullying
2088,not_cyberbullying
2089,not_cyberbullying
2090,not_cyberbullying
2091,not_cyberbullying
2092,not_cyberbullying
2093,not_cyberbullying
2094,not_cyberbullying
2095,not_cyberbullying
2096,not_cyberbullying
2097,not_cyberbullying
2098,not_cyberbullying
2099,not_cyberbullying
2100,not_cyberbullying
2101,not_cyberbullying
2102,not_cyberbullying
2103,not_cyberbullying
2104,not_cyberbullying
2105,not_cyberbullying
2106,not_cyberbullying
2107,not_cyberbullying
2108,not_cyberbullying
2109,not_cyberbullying
2110,gender
2111,gender
2112,gender
2113,gender
2114,gender
2115,gender
2116,gender
2117,gender
2118,gender
2119,gender
2120,gender
2121,gender
2122,gender
2123,gender
2124,gender
2125,gender
2126,gender
2127,gender
2128,gender
2129,gender
2130,gender
2131,gender
2132,gender
2133,gender
2134,gender
2135,gender
2136,gender
2137,gender
2138,gender
2139,gender
2140,gender
2141,gender
2142,gender
2143,gender
2144,gender
2145,gender
2146,gender
2147,gender
2148,gender
2149,gender
2150,gender
2151,gender
2152,gender
2153,gender
2154,gender
2155,gender
2156,gender
2157,gender
2158,gender
2159,gender
2160,gender
2161,gender
2162,gender
2163,gender
2164,gender
2165,gender
2166,gender
2167,gender
2168,gender
2169,gender
2170,gender
2171,gender
2172,gender
2173,gender
2174,gender
2175,gender
2176,gender
2177,gender
2178,gender
2179,gender
2180,gender
2181,gender
2182,gender
2183,gender
2184,gender
2185,gender
2186,gender
2187,gender
2188,gender
2189,gender
2190,gender
2191,gender
2192,gender
2193,gender
2194,gender
2195,gender
2196,gender
2197,gender
2198,gender
2199,gender
2200,gender
2201,gender
2202,gender
2203,gender
2204,gender
2205,gender
2206,gender
2207,gender
2208,gender
2209,gender
2210,gender
2211,gender
2212,gender
2213,gender
2214,gender
2215,gender
2216,gender
2217,gender
2218,gender
2219,gender
2220,gender
2221,gender
2222,gender
2223,gender
2224,gender
2225,gender
2226,gender
2227,gender
2228,gender
2229,gender
2230,gender
2231,gender
2232,gender
2233,gender
2234,gender
2235,gender
2236,gender
2237,gender
2238,gender
2239,gender
2240,gender
2241,gender
2242,gender
2243,gender
2244,gender
2245,gender
2246,gender
2247,gender
2248,gender
2249,gender
2250,gender
2251,gender
2252,gender
2253,gender
2254,gender
2255,gender
2256,gender
2257,gender
2258,gender
2259,gender
2260,gender
2261,gender
2262,gender
2263,gender
2264,gender
2265,gender
2266,gender
2267,gender
2268,gender
2269,gender
2270,gender
2271,gender
2272,gender
2273,gender
2274,gender
2275,gender
2276,gender
2277,gender
2278,gender
2279,gender
2280,gender
2281,gender
2282,gender
2283,gender
2284,gender
2285,gender
2286,gender
2287,gender
2288,gender
2289,gender
2290,gender
2291,gender
2292,gender
2293,gender
2294,gender
2295,gender
2296,gender
2297,gender
2298,gender
2299,gender
2300,gender
2301,gender
2302,gender
2303,gender
2304,gender
2305,gender
2306,gender
2307,gender
2308,gender
2309,gender
2310,gender
2311,gender
2312,gender
2313,gender
2314,gender
2315,gender
2316,gender
2317,gender
2318,gender
2319,gender
2320,gender
2321,gender
2322,gender
2323,gender
2324,gender
2325,gender
2326,gender
2327,gender
2328,gender
2329,gender
2330,gender
2331,gender
2332,gender
2333,gender
2334,gender
2335,gender
2336,gender
2337,gender
2338,gender
2339,gender
2340,gender
2341,gender
2342,gender
2343,gender
2344,gender
2345,gender
2346,gender
2347,gender
2348,gender
2349,gender
2350,gender
2351,gender
2352,gender
2353,gender
2354,gender
2355,gender
2356,gender
2357,gender
2358,gender
2359,gender
2360,gender
2361,gender
2362,gender
2363,gender
2364,gender
2365,gender
2366,gender
2367,gender
2368,gender
2369,gender
2370,gender
2371,gender
2372,gender
2373,gender
2374,gender
2375,gender
2376,gender
2377,gender
2378,gender
2379,gender
2380,gender
2381,gender
2382,gender
2383,gender
2384,gender
2385,gender
2386,gender
2387,gender
2388,gender
2389,gender
2390,gender
2391,gender
2392,gender
2393,gender
2394,gender
2395,gender
2396,gender
2397,gender
2398,gender
2399,gender
2400,gender
2401,gender
2402,gender
2403,gender
2404,gender
2405,gender
2406,gender
2407,gender
2408,gender
2409,gender
2410,gender
2411,gender
2412,gender
2413,gender
2414,gender
2415,gender
2416,gender
2417,gender
2418,gender
2419,gender
2420,gender
2421,gender
2422,gender
2423,gender
2424,gender
2425,gender
2426,gender
2427,gender
2428,gender
2429,gender
2430,gender
2431,gender
2432,gender
2433,gender
2434,gender
2435,gender
2436,gender
2437,gender
2438,gender
2439,gender
2440,gender
2441,gender
2442,gender
2443,gender
2444,gender
2445,gender
2446,gender
2447,gender
2448,gender
2449,gender
2450,gender
2451,gender
2452,gender
2453,gender
2454,gender
2455,gender
2456,gender
2457,gender
2458,gender
2459,gender
2460,gender
2461,gender
2462,gender
2463,gender
2464,gender
2465,gender
2466,gender
2467,gender
2468,gender
2469,gender
2470,gender
2471,gender
2472,gender
2473,gender
2474,gender
2475,gender
2476,gender
2477,gender
2478,gender
2479,gender
2480,gender
2481,gender
2482,gender
2483,gender
2484,gender
2485,gender
2486,gender
2487,gender
2488,gender
2489,gender
2490,gender
2491,gender
2492,gender
2493,gender
2494,gender
2495,gender
2496,gender
2497,gender
2498,gender
2499,gender
2500,gender
2501,gender
2502,gender
2503,gender
2504,gender
2505,gender
2506,gender
2507,gender
2508,gender
2509,gender
2510,gender
2511,gender
2512,gender
2513,gender
2514,gender
2515,gender
2516,gender
2517,gender
2518,gender
2519,gender
2520,gender
2521,gender
2522,gender
2523,gender
2524,gender
2525,gender
2526,gender
2527,gender
2528,gender
2529,gender
2530,gender
2531,gender
2532,gender
2533,gender
2534,gender
2535,gender
2536,gender
2537,gender
2538,gender
2539,gender
2540,gender
2541,gender
2542,gender
2543,gender
2544,gender
2545,gender
2546,gender
2547,gender
2548,gender
2549,gender
2550,gender
2551,gender
2552,gender
2553,gender
2554,gender
2555,gender
2556,gender
2557,gender
2558,gender
2559,gender
2560,gender
2561,gender
2562,gender
2563,gender
2564,gender
2565,gender
2566,gender
2567,gender
2568,gender
2569,gender
2570,gender
2571,gender
2572,gender
2573,gender
2574,gender
2575,gender
2576,gender
2577,gender
2578,gender
2579,gender
2580,gender
2581,gender
2582,gender
2583,gender
2584,gender
2585,gender
2586,gender
2587,gender
2588,gender
2589,gender
2590,gender
2591,gender
2592,gender
2593,gender
2594,gender
2595,gender
2596,gender
2597,gender
2598,gender
2599,gender
2600,gender
2601,gender
2602,gender
2603,gender
2604,gender
2605,gender
2606,gender
2607,gender
2608,gender
2609,gender
2610,gender
2611,gender
2612,gender
2613,gender
2614,gender
2615,gender
2616,gender
2617,gender
2618,gender
2619,gender
2620,gender
2621,gender
2622,gender
2623,gender
2624,gender
2625,gender
2626,gender
2627,gender
2628,gender
2629,gender
2630,gender
2631,gender
2632,gender
2633,gender
2634,gender
2635,gender
2636,gender
2637,gender
2638,gender
2639,gender
2640,gender
2641,gender
2642,gender
2643,gender
2644,gender
2645,gender
2646,gender
2647,gender
2648,gender
2649,gender
2650,gender
2651,gender
2652,gender
2653,gender
2654,gender
2655,gender
2656,gender
2657,gender
2658,gender
2659,gender
2660,gender
2661,gender
2662,gender
2663,gender
2664,gender
2665,gender
2666,gender
2667,gender
2668,gender
2669,gender
2670,gender
2671,gender
2672,gender
2673,gender
2674,gender
2675,gender
2676,gender
2677,gender
2678,gender
2679,gender
2680,gender
2681,gender
2682,gender
2683,gender
2684,gender
2685,gender
2686,gender
2687,gender
2688,gender
2689,gender
2690,gender
2691,gender
2692,gender
2693,gender
2694,gender
2695,gender
2696,gender
2697,gender
2698,gender
2699,gender
2700,gender
2701,gender
2702,gender
2703,gender
2704,gender
2705,gender
2706,gender
2707,gender
2708,gender
2709,gender
2710,gender
2711,gender
2712,gender
2713,gender
2714,gender
2715,gender
2716,gender
2717,gender
2718,gender
2719,gender
2720,gender
2721,gender
2722,gender
2723,gender
2724,gender
2725,gender
2726,gender
2727,gender
2728,gender
2729,gender
2730,gender
2731,gender
2732,gender
2733,gender
2734,gender
2735,gender
2736,gender
2737,gender
2738,gender
2739,gender
2740,gender
2741,gender
2742,gender
2743,gender
2744,gender
2745,gender
2746,gender
2747,gender
2748,gender
2749,gender
2750,gender
2751,gender
2752,gender
2753,gender
2754,gender
2755,gender
2756,gender
2757,gender
2758,gender
2759,gender
2760,gender
2761,gender
2762,gender
2763,gender
2764,gender
2765,gender
2766,gender
2767,gender
2768,gender
2769,gender
2770,gender
2771,gender
2772,gender
2773,gender
2774,gender
2775,gender
2776,gender
2777,gender
2778,gender
2779,gender
2780,gender
2781,gender
2782,gender
2783,gender
2784,gender
2785,gender
2786,gender
2787,gender
2788,gender
2789,gender
2790,gender
2791,gender
2792,gender
2793,gender
2794,gender
2795,gender
2796,gender
2797,gender
2798,gender
2799,gender
2800,gender
2801,gender
2802,gender
2803,gender
2804,gender
2805,gender
2806,gender
2807,gender
2808,gender
2809,gender
2810,gender
2811,gender
2812,gender
2813,gender
2814,gender
2815,gender
2816,gender
2817,gender
2818,gender
2819,gender
2820,gender
2821,gender
2822,gender
2823,gender
2824,gender
2825,gender
2826,gender
2827,gender
2828,gender
2829,gender
2830,gender
2831,gender
2832,gender
2833,gender
2834,gender
2835,gender
2836,gender
2837,gender
2838,gender
2839,gender
2840,gender
2841,gender
2842,gender
2843,gender
2844,gender
2845,gender
2846,gender
2847,gender
2848,gender
2849,gender
2850,gender
2851,gender
2852,gender
2853,gender
2854,gender
2855,gender
2856,gender
2857,gender
2858,gender
2859,gender
2860,gender
2861,gender
2862,gender
2863,gender
2864,gender
2865,gender
2866,gender
2867,gender
2868,gender
2869,gender
2870,gender
2871,gender
2872,gender
2873,gender
2874,gender
2875,gender
2876,gender
2877,gender
2878,gender
2879,gender
2880,gender
2881,gender
2882,gender
2883,gender
2884,gender
2885,gender
2886,gender
2887,gender
2888,gender
2889,gender
2890,gender
2891,gender
2892,gender
2893,gender
2894,gender
2895,gender
2896,gender
2897,gender
2898,gender
2899,gender
2900,gender
2901,gender
2902,gender
2903,gender
2904,gender
2905,gender
2906,gender
2907,gender
2908,gender
2909,gender
2910,gender
2911,gender
2912,gender
2913,gender
2914,gender
2915,gender
2916,gender
2917,gender
2918,gender
2919,gender
2920,gender
2921,gender
2922,gender
2923,gender
2924,gender
2925,gender
2926,gender
2927,gender
2928,gender
2929,gender
2930,gender
2931,gender
2932,gender
2933,gender
2934,gender
2935,gender
2936,gender
2937,gender
2938,gender
2939,gender
2940,gender
2941,gender
2942,gender
2943,gender
2944,gender
2945,gender
2946,gender
2947,gender
2948,gender
2949,gender
2950,gender
2951,gender
2952,gender
2953,gender
2954,gender
2955,gender
2956,gender
2957,gender
2958,gender
2959,gender
2960,gender
2961,gender
2962,gender
2963,gender
2964,gender
2965,gender
2966,gender
2967,gender
2968,gender
2969,gender
2970,gender
2971,gender
2972,gender
2973,gender
2974,gender
2975,gender
2976,gender
2977,gender
2978,gender
2979,gender
2980,gender
2981,gender
2982,gender
2983,gender
2984,gender
2985,gender
2986,gender
2987,gender
2988,gender
2989,gender
2990,gender
2991,gender
2992,gender
2993,gender
2994,gender
2995,gender
2996,gender
2997,gender
2998,gender
2999,gender
3000,gender
3001,gender
3002,gender
3003,gender
3004,gender
3005,gender
3006,gender
3007,gender
3008,gender
3009,gender
3010,gender
3011,gender
3012,gender
3013,gender
3014,gender
3015,gender
3016,gender
3017,gender
3018,gender
3019,gender
3020,gender
3021,gender
3022,gender
3023,gender
3024,gender
3025,gender
3026,gender
3027,gender
3028,gender
3029,gender
3030,gender
3031,gender
3032,gender
3033,gender
3034,gender
3035,gender
3036,gender
3037,gender
3038,gender
3039,gender
3040,gender
3041,gender
3042,gender
3043,gender
3044,gender
3045,gender
3046,gender
3047,gender
3048,gender
3049,gender
3050,gender
3051,gender
3052,gender
3053,gender
3054,gender
3055,gender
3056,gender
3057,gender
3058,gender
3059,gender
3060,gender
3061,gender
3062,gender
3063,gender
3064,gender
3065,gender
3066,gender
3067,gender
3068,gender
3069,gender
3070,gender
3071,gender
3072,gender
3073,gender
3074,gender
3075,gender
3076,gender
3077,gender
3078,gender
3079,gender
3080,gender
3081,gender
3082,gender
3083,gender
3084,gender
3085,gender
3086,gender
3087,gender
3088,gender
3089,gender
3090,gender
3091,gender
3092,gender
3093,gender
3094,gender
3095,gender
3096,gender
3097,gender
3098,gender
3099,gender
3100,gender
3101,gender
3102,gender
3103,gender
3104,gender
3105,gender
3106,gender
3107,gender
3108,gender
3109,gender
3110,gender
3111,gender
3112,gender
3113,gender
3114,gender
3115,gender
3116,gender
3117,gender
3118,gender
3119,gender
3120,gender
3121,gender
3122,gender
3123,gender
3124,gender
3125,gender
3126,gender
3127,gender
3128,gender
3129,gender
3130,gender
3131,gender
3132,gender
3133,gender
3134,gender
3135,gender
3136,gender
3137,gender
3138,gender
3139,gender
3140,gender
3141,gender
3142,gender
3143,gender
3144,gender
3145,gender
3146,gender
3147,gender
3148,gender
3149,gender
3150,gender
3151,gender
3152,gender
3153,gender
3154,gender
3155,gender
3156,gender
3157,gender
3158,gender
3159,gender
3160,gender
3161,gender
3162,gender
3163,gender
3164,gender
3165,gender
3166,gender
3167,gender
3168,gender
3169,gender
3170,gender
3171,gender
3172,gender
3173,gender
3174,gender
3175,gender
3176,gender
3177,gender
3178,gender
3179,gender
3180,gender
3181,gender
3182,gender
3183,gender
3184,gender
3185,gender
3186,gender
3187,gender
3188,gender
3189,gender
3190,gender
3191,gender
3192,gender
3193,gender
3194,gender
3195,gender
3196,gender
3197,gender
3198,gender
3199,gender
3200,gender
3201,gender
3202,gender
3203,gender
3204,gender
3205,gender
3206,gender
3207,gender
3208,gender
3209,gender
3210,gender
3211,gender
3212,gender
3213,gender
3214,gender
3215,gender
3216,gender
3217,gender
3218,gender
3219,gender
3220,gender
3221,gender
3222,gender
3223,gender
3224,gender
3225,gender
3226,gender
3227,gender
3228,gender
3229,gender
3230,gender
3231,gender
3232,gender
3233,gender
3234,gender
3235,gender
3236,gender
3237,gender
3238,gender
3239,gender
3240,gender
3241,gender
3242,gender
3243,gender
3244,gender
3245,gender
3246,gender
3247,gender
3248,gender
3249,gender
3250,gender
3251,gender
3252,gender
3253,gender
3254,gender
3255,gender
3256,gender
3257,gender
3258,gender
3259,gender
3260,gender
3261,gender
3262,gender
3263,gender
3264,gender
3265,gender
3266,gender
3267,gender
3268,gender
3269,gender
3270,gender
3271,gender
3272,gender
3273,gender
3274,gender
3275,gender
3276,gender
3277,gender
3278,gender
3279,gender
3280,gender
3281,gender
3282,gender
3283,gender
3284,gender
3285,gender
3286,gender
3287,gender
3288,gender
3289,gender
3290,gender
3291,gender
3292,gender
3293,gender
3294,gender
3295,gender
3296,gender
3297,gender
3298,gender
3299,gender
3300,gender
3301,gender
3302,gender
3303,gender
3304,gender
3305,gender
3306,gender
3307,gender
3308,gender
3309,gender
3310,gender
3311,gender
3312,gender
3313,gender
3314,gender
3315,gender
3316,gender
3317,gender
3318,gender
3319,gender
3320,gender
3321,gender
3322,gender
3323,gender
3324,gender
3325,gender
3326,gender
3327,gender
3328,gender
3329,gender
3330,gender
3331,gender
3332,gender
3333,gender
3334,gender
3335,gender
3336,gender
3337,gender
3338,gender
3339,gender
3340,gender
3341,gender
3342,gender
3343,gender
3344,gender
3345,gender
3346,gender
3347,gender
3348,gender
3349,gender
3350,gender
3351,gender
3352,gender
3353,gender
3354,gender
3355,gender
3356,gender
3357,gender
3358,gender
3359,gender
3360,gender
3361,gender
3362,gender
3363,gender
3364,gender
3365,gender
3366,gender
3367,gender
3368,gender
3369,gender
3370,gender
3371,gender
3372,gender
3373,gender
3374,gender
3375,gender
3376,gender
3377,gender
3378,gender
3379,gender
3380,gender
3381,gender
3382,gender
3383,gender
3384,gender
3385,gender
3386,gender
3387,gender
3388,gender
3389,gender
3390,gender
3391,gender
3392,gender
3393,gender
3394,gender
3395,gender
3396,gender
3397,gender
3398,gender
3399,gender
3400,gender
3401,gender
3402,gender
3403,gender
3404,gender
3405,gender
3406,gender
3407,gender
3408,gender
3409,gender
3410,gender
3411,gender
3412,gender
3413,gender
3414,gender
3415,gender
3416,gender
3417,gender
3418,gender
3419,gender
3420,gender
3421,gender
3422,gender
3423,gender
3424,gender
3425,gender
3426,gender
3427,gender
3428,gender
3429,gender
3430,gender
3431,gender
3432,gender
3433,gender
3434,gender
3435,gender
3436,gender
3437,gender
3438,gender
3439,gender
3440,gender
3441,gender
3442,gender
3443,gender
3444,gender
3445,gender
3446,gender
3447,gender
3448,gender
3449,gender
3450,gender
3451,gender
3452,gender
3453,gender
3454,gender
3455,gender
3456,gender
3457,gender
3458,gender
3459,gender
3460,gender
3461,gender
3462,gender
3463,gender
3464,gender
3465,gender
3466,gender
3467,gender
3468,gender
3469,gender
3470,gender
3471,gender
3472,gender
3473,gender
3474,gender
3475,gender
3476,gender
3477,gender
3478,gender
3479,gender
3480,gender
3481,gender
3482,gender
3483,gender
3484,gender
3485,gender
3486,gender
3487,gender
3488,gender
3489,gender
3490,gender
3491,gender
3492,gender
3493,gender
3494,gender
3495,gender
3496,gender
3497,gender
3498,gender
3499,gender
3500,gender
3501,gender
3502,gender
3503,gender
3504,gender
3505,gender
3506,gender
3507,gender
3508,gender
3509,gender
3510,gender
3511,gender
3512,gender
3513,gender
3514,gender
3515,gender
3516,gender
3517,gender
3518,gender
3519,gender
3520,gender
3521,gender
3522,gender
3523,gender
3524,gender
3525,gender
3526,gender
3527,gender
3528,gender
3529,gender
3530,gender
3531,gender
3532,gender
3533,gender
3534,gender
3535,gender
3536,gender
3537,gender
3538,gender
3539,gender
3540,gender
3541,gender
3542,gender
3543,gender
3544,gender
3545,gender
3546,gender
3547,gender
3548,gender
3549,gender
3550,gender
3551,gender
3552,gender
3553,gender
3554,gender
3555,gender
3556,gender
3557,gender
3558,gender
3559,gender
3560,gender
3561,gender
3562,gender
3563,gender
3564,gender
3565,gender
3566,gender
3567,gender
3568,gender
3569,gender
3570,gender
3571,gender
3572,gender
3573,gender
3574,gender
3575,gender
3576,gender
3577,gender
3578,gender
3579,gender
3580,gender
3581,gender
3582,gender
3583,gender
3584,gender
3585,gender
3586,gender
3587,gender
3588,gender
3589,gender
3590,gender
3591,gender
3592,gender
3593,gender
3594,gender
3595,gender
3596,gender
3597,gender
3598,gender
3599,gender
3600,gender
3601,gender
3602,gender
3603,gender
3604,gender
3605,gender
3606,gender
3607,gender
3608,gender
3609,gender
3610,gender
3611,gender
3612,gender
3613,gender
3614,gender
3615,gender
3616,gender
3617,gender
3618,gender
3619,gender
3620,gender
3621,gender
3622,gender
3623,gender
3624,gender
3625,gender
3626,gender
3627,gender
3628,gender
3629,gender
3630,gender
3631,gender
3632,gender
3633,gender
3634,gender
3635,gender
3636,gender
3637,gender
3638,gender
3639,gender
3640,gender
3641,gender
3642,gender
3643,gender
3644,gender
3645,gender
3646,gender
3647,gender
3648,gender
3649,gender
3650,gender
3651,gender
3652,gender
3653,gender
3654,gender
3655,gender
3656,gender
3657,gender
3658,gender
3659,gender
3660,gender
3661,gender
3662,gender
3663,gender
3664,gender
3665,gender
3666,gender
3667,gender
3668,gender
3669,gender
3670,gender
3671,gender
3672,gender
3673,gender
3674,gender
3675,gender
3676,gender
3677,gender
3678,gender
3679,gender
3680,gender
3681,gender
3682,gender
3683,gender
3684,gender
3685,gender
3686,gender
3687,gender
3688,gender
3689,gender
3690,gender
3691,gender
3692,gender
3693,gender
3694,gender
3695,gender
3696,gender
3697,gender
3698,gender
3699,gender
3700,gender
3701,gender
3702,gender
3703,gender
3704,gender
3705,gender
3706,gender
3707,gender
3708,gender
3709,gender
3710,gender
3711,gender
3712,gender
3713,gender
3714,gender
3715,gender
3716,gender
3717,gender
3718,gender
3719,gender
3720,gender
3721,gender
3722,gender
3723,gender
3724,gender
3725,gender
3726,gender
3727,gender
3728,gender
3729,gender
3730,gender
3731,gender
3732,gender
3733,gender
3734,gender
3735,gender
3736,gender
3737,gender
3738,gender
3739,gender
3740,gender
3741,gender
3742,gender
3743,gender
3744,gender
3745,gender
3746,gender
3747,gender
3748,gender
3749,gender
3750,gender
3751,gender
3752,gender
3753,gender
3754,gender
3755,gender
3756,gender
3757,gender
3758,gender
3759,gender
3760,gender
3761,gender
3762,gender
3763,gender
3764,gender
3765,gender
3766,gender
3767,gender
3768,gender
3769,gender
3770,gender
3771,gender
3772,gender
3773,gender
3774,gender
3775,gender
3776,gender
3777,gender
3778,gender
3779,gender
3780,gender
3781,gender
3782,gender
3783,gender
3784,gender
3785,gender
3786,gender
3787,gender
3788,gender
3789,gender
3790,gender
3791,gender
3792,gender
3793,gender
3794,gender
3795,gender
3796,gender
3797,gender
3798,gender
3799,gender
3800,gender
3801,gender
3802,gender
3803,gender
3804,gender
3805,gender
3806,gender
3807,gender
3808,gender
3809,gender
3810,gender
3811,gender
3812,gender
3813,gender
3814,gender
3815,gender
3816,gender
3817,gender
3818,gender
3819,gender
3820,gender
3821,gender
3822,gender
3823,gender
3824,gender
3825,gender
3826,gender
3827,gender
3828,gender
3829,gender
3830,gender
3831,gender
3832,gender
3833,gender
3834,gender
3835,gender
3836,gender
3837,gender
3838,gender
3839,gender
3840,gender
3841,gender
3842,gender
3843,gender
3844,gender
3845,gender
3846,gender
3847,gender
3848,gender
3849,gender
3850,gender
3851,gender
3852,gender
3853,gender
3854,gender
3855,gender
3856,gender
3857,gender
3858,gender
3859,gender
3860,gender
3861,gender
3862,gender
3863,gender
3864,gender
3865,gender
3866,gender
3867,gender
3868,gender
3869,gender
3870,gender
3871,gender
3872,gender
3873,gender
3874,gender
3875,gender
3876,gender
3877,gender
3878,gender
3879,gender
3880,gender
3881,gender
3882,gender
3883,gender
3884,gender
3885,gender
3886,gender
3887,gender
3888,gender
3889,gender
3890,gender
3891,gender
3892,gender
3893,gender
3894,gender
3895,gender
3896,gender
3897,gender
3898,gender
3899,gender
3900,gender
3901,gender
3902,gender
3903,gender
3904,gender
3905,gender
3906,gender
3907,gender
3908,gender
3909,gender
3910,gender
3911,gender
3912,gender
3913,gender
3914,gender
3915,gender
3916,gender
3917,gender
3918,gender
3919,gender
3920,gender
3921,gender
3922,gender
3923,gender
3924,gender
3925,gender
3926,gender
3927,gender
3928,gender
3929,gender
3930,gender
3931,gender
3932,gender
3933,gender
3934,gender
3935,gender
3936,gender
3937,gender
3938,gender
3939,gender
3940,gender
3941,gender
3942,gender
3943,gender
3944,gender
3945,gender
3946,gender
3947,gender
3948,gender
3949,gender
3950,gender
3951,gender
3952,gender
3953,gender
3954,gender
3955,gender
3956,gender
3957,gender
3958,gender
3959,gender
3960,gender
3961,gender
3962,gender
3963,gender
3964,gender
3965,gender
3966,gender
3967,gender
3968,gender
3969,gender
3970,gender
3971,gender
3972,gender
3973,gender
3974,gender
3975,gender
3976,gender
3977,gender
3978,gender
3979,gender
3980,gender
3981,gender
3982,gender
3983,gender
3984,gender
3985,gender
3986,gender
3987,gender
3988,gender
3989,gender
3990,gender
3991,gender
3992,gender
3993,gender
3994,gender
3995,gender
3996,gender
3997,gender
3998,gender
3999,gender
4000,gender
4001,gender
4002,gender
4003,gender
4004,gender
4005,gender
4006,gender
4007,gender
4008,gender
4009,gender
4010,gender
4011,gender
4012,gender
4013,gender
4014,gender
4015,gender
4016,gender
4017,gender
4018,gender
4019,gender
4020,gender
4021,gender
4022,gender
4023,gender
4024,gender
4025,gender
4026,gender
4027,gender
4028,gender
4029,gender
4030,gender
4031,gender
4032,gender
4033,gender
4034,gender
4035,gender
4036,gender
4037,gender
4038,gender
4039,gender
4040,gender
4041,gender
4042,gender
4043,gender
4044,gender
4045,gender
4046,gender
4047,gender
4048,gender
4049,gender
4050,gender
4051,gender
4052,gender
4053,gender
4054,gender
4055,gender
4056,gender
4057,gender
4058,gender
4059,gender
4060,gender
4061,gender
4062,gender
4063,gender
4064,gender
4065,gender
4066,gender
4067,gender
4068,gender
4069,gender
4070,gender
4071,gender
4072,gender
4073,gender
4074,gender
4075,gender
4076,gender
4077,gender
4078,gender
4079,gender
4080,gender
4081,gender
4082,gender
4083,gender
4084,gender
4085,gender
4086,gender
4087,gender
4088,gender
4089,gender
4090,gender
4091,gender
4092,gender
4093,gender
4094,gender
4095,gender
4096,gender
4097,gender
4098,gender
4099,gender
4100,gender
4101,gender
4102,gender
4103,gender
4104,gender
4105,gender
4106,gender
4107,gender
4108,gender
4109,gender
4110,gender
4111,gender
4112,gender
4113,gender
4114,gender
4115,gender
4116,gender
4117,gender
4118,gender
4119,gender
4120,gender
4121,gender
4122,gender
4123,gender
4124,gender
4125,gender
4126,gender
4127,gender
4128,gender
4129,gender
4130,gender
4131,gender
4132,gender
4133,gender
4134,gender
4135,gender
4136,gender
4137,gender
4138,gender
4139,gender
4140,gender
4141,gender
4142,gender
4143,gender
4144,gender
4145,gender
4146,gender
4147,gender
4148,gender
4149,gender
4150,gender
4151,gender
4152,gender
4153,gender
4154,gender
4155,gender
4156,gender
4157,gender
4158,gender
4159,gender
4160,gender
4161,gender
4162,gender
4163,gender
4164,gender
4165,gender
4166,gender
4167,gender
4168,gender
4169,gender
4170,gender
4171,gender
4172,gender
4173,gender
4174,gender
4175,gender
4176,gender
4177,gender
4178,gender
4179,gender
4180,gender
4181,gender
4182,gender
4183,gender
4184,gender
4185,gender
4186,gender
4187,gender
4188,gender
4189,gender
4190,gender
4191,gender
4192,gender
4193,gender
4194,gender
4195,gender
4196,gender
4197,gender
4198,gender
4199,gender
4200,gender
4201,gender
4202,gender
4203,gender
4204,gender
4205,gender
4206,gender
4207,gender
4208,gender
4209,gender
4210,gender
4211,gender
4212,gender
4213,gender
4214,gender
4215,gender
4216,gender
4217,gender
4218,gender
4219,gender
4220,gender
4221,gender
4222,gender
4223,gender
4224,gender
4225,gender
4226,gender
4227,gender
4228,gender
4229,gender
4230,gender
4231,gender
4232,gender
4233,gender
4234,gender
4235,gender
4236,gender
4237,gender
4238,gender
4239,gender
4240,gender
4241,gender
4242,gender
4243,gender
4244,gender
4245,gender
4246,gender
4247,gender
4248,gender
4249,gender
4250,gender
4251,gender
4252,gender
4253,gender
4254,gender
4255,gender
4256,gender
4257,gender
4258,gender
4259,gender
4260,gender
4261,gender
4262,gender
4263,gender
4264,gender
4265,gender
4266,gender
4267,gender
4268,gender
4269,gender
4270,gender
4271,gender
4272,gender
4273,gender
4274,gender
4275,gender
4276,gender
4277,gender
4278,gender
4279,gender
4280,gender
4281,gender
4282,gender
4283,gender
4284,gender
4285,gender
4286,gender
4287,gender
4288,gender
4289,gender
4290,gender
4291,gender
4292,gender
4293,gender
4294,gender
4295,gender
4296,gender
4297,gender
4298,gender
4299,gender
4300,gender
4301,gender
4302,gender
4303,gender
4304,gender
4305,gender
4306,gender
4307,gender
4308,gender
4309,gender
4310,gender
4311,gender
4312,gender
4313,gender
4314,gender
4315,gender
4316,gender
4317,gender
4318,gender
4319,gender
4320,gender
4321,gender
4322,gender
4323,gender
4324,gender
4325,gender
4326,gender
4327,gender
4328,gender
4329,gender
4330,gender
4331,gender
4332,gender
4333,gender
4334,gender
4335,gender
4336,gender
4337,gender
4338,gender
4339,gender
4340,gender
4341,gender
4342,gender
4343,gender
4344,gender
4345,gender
4346,gender
4347,gender
4348,gender
4349,gender
4350,gender
4351,gender
4352,gender
4353,gender
4354,gender
4355,gender
4356,gender
4357,gender
4358,gender
4359,gender
4360,gender
4361,gender
4362,gender
4363,gender
4364,gender
4365,gender
4366,gender
4367,gender
4368,gender
4369,gender
4370,gender
4371,gender
4372,gender
4373,gender
4374,gender
4375,gender
4376,gender
4377,gender
4378,gender
4379,gender
4380,gender
4381,gender
4382,gender
4383,gender
4384,gender
4385,gender
4386,gender
4387,gender
4388,gender
4389,gender
4390,gender
4391,gender
4392,gender
4393,gender
4394,gender
4395,gender
4396,gender
4397,gender
4398,gender
4399,gender
4400,gender
4401,gender
4402,gender
4403,gender
4404,gender
4405,gender
4406,gender
4407,gender
4408,gender
4409,gender
4410,gender
4411,gender
4412,gender
4413,gender
4414,gender
4415,gender
4416,gender
4417,gender
4418,gender
4419,gender
4420,gender
4421,gender
4422,gender
4423,gender
4424,gender
4425,gender
4426,gender
4427,gender
4428,gender
4429,gender
4430,gender
4431,gender
4432,gender
4433,gender
4434,gender
4435,gender
4436,gender
4437,gender
4438,gender
4439,gender
4440,gender
4441,gender
4442,gender
4443,gender
4444,gender
4445,gender
4446,gender
4447,gender
4448,gender
4449,gender
4450,gender
4451,gender
4452,gender
4453,gender
4454,gender
4455,gender
4456,gender
4457,gender
4458,gender
4459,gender
4460,gender
4461,gender
4462,gender
4463,gender
4464,gender
4465,gender
4466,gender
4467,gender
4468,gender
4469,gender
4470,gender
4471,gender
4472,gender
4473,gender
4474,gender
4475,gender
4476,gender
4477,gender
4478,gender
4479,gender
4480,gender
4481,gender
4482,gender
4483,gender
4484,gender
4485,gender
4486,gender
4487,gender
4488,gender
4489,gender
4490,gender
4491,gender
4492,gender
4493,gender
4494,gender
4495,gender
4496,gender
4497,gender
4498,gender
4499,gender
4500,gender
4501,gender
4502,gender
4503,gender
4504,gender
4505,gender
4506,gender
4507,gender
4508,gender
4509,gender
4510,gender
4511,gender
4512,gender
4513,gender
4514,gender
4515,gender
4516,gender
4517,gender
4518,gender
4519,gender
4520,gender
4521,gender
4522,gender
4523,gender
4524,gender
4525,gender
4526,gender
4527,gender
4528,gender
4529,gender
4530,gender
4531,gender
4532,gender
4533,gender
4534,gender
4535,gender
4536,gender
4537,gender
4538,gender
4539,gender
4540,gender
4541,gender
4542,gender
4543,gender
4544,gender
4545,gender
4546,gender
4547,gender
4548,gender
4549,gender
4550,gender
4551,gender
4552,gender
4553,gender
4554,gender
4555,gender
4556,gender
4557,gender
4558,gender
4559,gender
4560,gender
4561,gender
4562,gender
4563,gender
4564,gender
4565,gender
4566,gender
4567,gender
4568,gender
4569,gender
4570,gender
4571,gender
4572,gender
4573,gender
4574,gender
4575,gender
4576,gender
4577,gender
4578,gender
4579,gender
4580,gender
4581,gender
4582,gender
4583,gender
4584,gender
4585,gender
4586,gender
4587,gender
4588,gender
4589,gender
4590,gender
4591,gender
4592,gender
4593,gender
4594,gender
4595,gender
4596,gender
4597,gender
4598,gender
4599,gender
4600,gender
4601,gender
4602,gender
4603,gender
4604,gender
4605,gender
4606,gender
4607,gender
4608,gender
4609,gender
4610,gender
4611,gender
4612,gender
4613,gender
4614,gender
4615,gender
4616,gender
4617,gender
4618,gender
4619,gender
4620,gender
4621,gender
4622,gender
4623,gender
4624,gender
4625,gender
4626,gender
4627,gender
4628,gender
4629,gender
4630,gender
4631,gender
4632,gender
4633,gender
4634,gender
4635,gender
4636,gender
4637,gender
4638,gender
4639,gender
4640,gender
4641,gender
4642,gender
4643,gender
4644,gender
4645,gender
4646,gender
4647,gender
4648,gender
4649,gender
4650,gender
4651,gender
4652,gender
4653,gender
4654,gender
4655,gender
4656,gender
4657,gender
4658,gender
4659,gender
4660,gender
4661,gender
4662,gender
4663,gender
4664,gender
4665,gender
4666,gender
4667,gender
4668,gender
4669,gender
4670,gender
4671,gender
4672,gender
4673,gender
4674,gender
4675,gender
4676,gender
4677,gender
4678,gender
4679,gender
4680,gender
4681,gender
4682,gender
4683,gender
4684,gender
4685,gender
4686,gender
4687,gender
4688,gender
4689,gender
4690,gender
4691,gender
4692,gender
4693,gender
4694,gender
4695,gender
4696,gender
4697,gender
4698,gender
4699,gender
4700,gender
4701,gender
4702,gender
4703,gender
4704,gender
4705,gender
4706,gender
4707,gender
4708,gender
4709,gender
4710,gender
4711,gender
4712,gender
4713,gender
4714,gender
4715,gender
4716,gender
4717,gender
4718,gender
4719,gender
4720,gender
4721,gender
4722,gender
4723,gender
4724,gender
4725,gender
4726,gender
4727,gender
4728,gender
4729,gender
4730,gender
4731,gender
4732,gender
4733,gender
4734,gender
4735,gender
4736,gender
4737,gender
4738,gender
4739,gender
4740,gender
4741,gender
4742,gender
4743,gender
4744,gender
4745,gender
4746,gender
4747,gender
4748,gender
4749,gender
4750,gender
4751,gender
4752,gender
4753,gender
4754,gender
4755,gender
4756,gender
4757,gender
4758,gender
4759,gender
4760,gender
4761,gender
4762,gender
4763,gender
4764,gender
4765,gender
4766,gender
4767,gender
4768,gender
4769,gender
4770,gender
4771,gender
4772,gender
4773,gender
4774,gender
4775,gender
4776,gender
4777,gender
4778,gender
4779,gender
4780,gender
4781,gender
4782,gender
4783,gender
4784,gender
4785,gender
4786,gender
4787,gender
4788,gender
4789,gender
4790,gender
4791,gender
4792,gender
4793,gender
4794,gender
4795,gender
4796,gender
4797,gender
4798,gender
4799,gender
4800,gender
4801,gender
4802,gender
4803,gender
4804,gender
4805,gender
4806,gender
4807,gender
4808,gender
4809,gender
4810,gender
4811,gender
4812,gender
4813,gender
4814,gender
4815,gender
4816,gender
4817,gender
4818,gender
4819,gender
4820,gender
4821,gender
4822,gender
4823,gender
4824,gender
4825,gender
4826,gender
4827,gender
4828,gender
4829,gender
4830,gender
4831,gender
4832,gender
4833,gender
4834,gender
4835,gender
4836,gender
4837,gender
4838,gender
4839,gender
4840,gender
4841,gender
4842,gender
4843,gender
4844,gender
4845,gender
4846,gender
4847,gender
4848,gender
4849,gender
4850,gender
4851,gender
4852,gender
4853,gender
4854,gender
4855,gender
4856,gender
4857,gender
4858,gender
4859,gender
4860,gender
4861,gender
4862,gender
4863,gender
4864,gender
4865,gender
4866,gender
4867,gender
4868,gender
4869,gender
4870,gender
4871,gender
4872,gender
4873,gender
4874,gender
4875,gender
4876,gender
4877,gender
4878,gender
4879,gender
4880,gender
4881,gender
4882,gender
4883,gender
4884,gender
4885,gender
4886,gender
4887,gender
4888,gender
4889,gender
4890,gender
4891,gender
4892,gender
4893,gender
4894,gender
4895,gender
4896,gender
4897,gender
4898,gender
4899,gender
4900,gender
4901,gender
4902,gender
4903,gender
4904,gender
4905,gender
4906,gender
4907,gender
4908,gender
4909,gender
4910,gender
4911,gender
4912,gender
4913,gender
4914,gender
4915,gender
4916,gender
4917,gender
4918,gender
4919,gender
4920,gender
4921,gender
4922,gender
4923,gender
4924,gender
4925,gender
4926,gender
4927,gender
4928,gender
4929,gender
4930,gender
4931,gender
4932,gender
4933,gender
4934,gender
4935,gender
4936,gender
4937,gender
4938,gender
4939,gender
4940,gender
4941,gender
4942,gender
4943,gender
4944,gender
4945,gender
4946,gender
4947,gender
4948,gender
4949,gender
4950,gender
4951,gender
4952,gender
4953,gender
4954,gender
4955,gender
4956,gender
4957,gender
4958,gender
4959,gender
4960,gender
4961,gender
4962,gender
4963,gender
4964,gender
4965,gender
4966,gender
4967,gender
4968,gender
4969,gender
4970,gender
4971,gender
4972,gender
4973,gender
4974,gender
4975,gender
4976,gender
4977,gender
4978,gender
4979,gender
4980,gender
4981,gender
4982,gender
4983,gender
4984,gender
4985,gender
4986,gender
4987,gender
4988,gender
4989,gender
4990,gender
4991,gender
4992,gender
4993,gender
4994,gender
4995,gender
4996,gender
4997,gender
4998,gender
4999,gender
5000,gender
5001,gender
5002,gender
5003,gender
5004,gender
5005,gender
5006,gender
5007,gender
5008,gender
5009,gender
5010,gender
5011,gender
5012,gender
5013,gender
5014,gender
5015,gender
5016,gender
5017,gender
5018,gender
5019,gender
5020,gender
5021,gender
5022,gender
5023,gender
5024,gender
5025,gender
5026,gender
5027,gender
5028,gender
5029,gender
5030,gender
5031,gender
5032,gender
5033,gender
5034,gender
5035,gender
5036,gender
5037,gender
5038,gender
5039,gender
5040,gender
5041,gender
5042,gender
5043,gender
5044,gender
5045,gender
5046,gender
5047,gender
5048,gender
5049,gender
5050,gender
5051,gender
5052,gender
5053,gender
5054,gender
5055,gender
5056,gender
5057,gender
5058,gender
5059,gender
5060,gender
5061,gender
5062,gender
5063,gender
5064,gender
5065,gender
5066,gender
5067,gender
5068,gender
5069,gender
5070,gender
5071,gender
5072,gender
5073,gender
5074,gender
5075,gender
5076,gender
5077,gender
5078,gender
5079,gender
5080,gender
5081,gender
5082,gender
5083,gender
5084,gender
5085,gender
5086,gender
5087,gender
5088,gender
5089,gender
5090,gender
5091,gender
5092,gender
5093,gender
5094,gender
5095,gender
5096,gender
5097,gender
5098,gender
5099,gender
5100,gender
5101,gender
5102,gender
5103,gender
5104,gender
5105,gender
5106,gender
5107,gender
5108,gender
5109,gender
5110,gender
5111,gender
5112,gender
5113,gender
5114,gender
5115,gender
5116,gender
5117,gender
5118,gender
5119,gender
5120,gender
5121,gender
5122,gender
5123,gender
5124,gender
5125,gender
5126,gender
5127,gender
5128,gender
5129,gender
5130,gender
5131,gender
5132,gender
5133,gender
5134,gender
5135,gender
5136,gender
5137,gender
5138,gender
5139,gender
5140,gender
5141,gender
5142,gender
5143,gender
5144,gender
5145,gender
5146,gender
5147,gender
5148,gender
5149,gender
5150,gender
5151,gender
5152,gender
5153,gender
5154,gender
5155,gender
5156,gender
5157,gender
5158,gender
5159,gender
5160,gender
5161,gender
5162,gender
5163,gender
5164,gender
5165,gender
5166,gender
5167,gender
5168,gender
5169,gender
5170,gender
5171,gender
5172,gender
5173,gender
5174,gender
5175,gender
5176,gender
5177,gender
5178,gender
5179,gender
5180,gender
5181,gender
5182,gender
5183,gender
5184,gender
5185,gender
5186,gender
5187,gender
5188,gender
5189,gender
5190,gender
5191,gender
5192,gender
5193,gender
5194,gender
5195,gender
5196,gender
5197,gender
5198,gender
5199,gender
5200,gender
5201,gender
5202,gender
5203,gender
5204,gender
5205,gender
5206,gender
5207,gender
5208,gender
5209,gender
5210,gender
5211,gender
5212,gender
5213,gender
5214,gender
5215,gender
5216,gender
5217,gender
5218,gender
5219,gender
5220,gender
5221,gender
5222,gender
5223,gender
5224,gender
5225,gender
5226,gender
5227,gender
5228,gender
5229,gender
5230,gender
5231,gender
5232,gender
5233,gender
5234,gender
5235,gender
5236,gender
5237,gender
5238,gender
5239,gender
5240,gender
5241,gender
5242,gender
5243,gender
5244,gender
5245,gender
5246,gender
5247,gender
5248,gender
5249,gender
5250,gender
5251,gender
5252,gender
5253,gender
5254,gender
5255,gender
5256,gender
5257,gender
5258,gender
5259,gender
5260,gender
5261,gender
5262,gender
5263,gender
5264,gender
5265,gender
5266,gender
5267,gender
5268,gender
5269,gender
5270,gender
5271,gender
5272,gender
5273,gender
5274,gender
5275,gender
5276,gender
5277,gender
5278,gender
5279,gender
5280,gender
5281,gender
5282,gender
5283,gender
5284,gender
5285,gender
5286,gender
5287,gender
5288,gender
5289,gender
5290,gender
5291,gender
5292,gender
5293,gender
5294,gender
5295,gender
5296,gender
5297,gender
5298,gender
5299,gender
5300,gender
5301,gender
5302,gender
5303,gender
5304,gender
5305,gender
5306,gender
5307,gender
5308,gender
5309,gender
5310,gender
5311,gender
5312,gender
5313,gender
5314,gender
5315,gender
5316,gender
5317,gender
5318,gender
5319,gender
5320,gender
5321,gender
5322,gender
5323,gender
5324,gender
5325,gender
5326,gender
5327,gender
5328,gender
5329,gender
5330,gender
5331,gender
5332,gender
5333,gender
5334,gender
5335,gender
5336,gender
5337,gender
5338,gender
5339,gender
5340,gender
5341,gender
5342,gender
5343,gender
5344,gender
5345,gender
5346,gender
5347,gender
5348,gender
5349,gender
5350,gender
5351,gender
5352,gender
5353,gender
5354,gender
5355,gender
5356,gender
5357,gender
5358,gender
5359,gender
5360,gender
5361,gender
5362,gender
5363,gender
5364,gender
5365,gender
5366,gender
5367,gender
5368,gender
5369,gender
5370,gender
5371,gender
5372,gender
5373,gender
5374,gender
5375,gender
5376,gender
5377,gender
5378,gender
5379,gender
5380,gender
5381,gender
5382,gender
5383,gender
5384,gender
5385,gender
5386,gender
5387,gender
5388,gender
5389,gender
5390,gender
5391,gender
5392,gender
5393,gender
5394,gender
5395,gender
5396,gender
5397,gender
5398,gender
5399,gender
5400,gender
5401,gender
5402,gender
5403,gender
5404,gender
5405,gender
5406,gender
5407,gender
5408,gender
5409,gender
5410,gender
5411,gender
5412,gender
5413,gender
5414,gender
5415,gender
5416,gender
5417,gender
5418,gender
5419,gender
5420,gender
5421,gender
5422,gender
5423,gender
5424,gender
5425,gender
5426,gender
5427,gender
5428,gender
5429,gender
5430,gender
5431,gender
5432,gender
5433,gender
5434,gender
5435,gender
5436,gender
5437,gender
5438,gender
5439,gender
5440,gender
5441,gender
5442,gender
5443,gender
5444,gender
5445,gender
5446,gender
5447,gender
5448,gender
5449,gender
5450,gender
5451,gender
5452,gender
5453,gender
5454,gender
5455,gender
5456,gender
5457,gender
5458,gender
5459,gender
5460,gender
5461,gender
5462,gender
5463,gender
5464,gender
5465,gender
5466,gender
5467,gender
5468,gender
5469,gender
5470,gender
5471,gender
5472,gender
5473,gender
5474,gender
5475,gender
5476,gender
5477,gender
5478,gender
5479,gender
5480,gender
5481,gender
5482,gender
5483,gender
5484,gender
5485,gender
5486,gender
5487,gender
5488,gender
5489,gender
5490,gender
5491,gender
5492,gender
5493,gender
5494,gender
5495,gender
5496,gender
5497,gender
5498,gender
5499,gender
5500,gender
5501,gender
5502,gender
5503,gender
5504,gender
5505,gender
5506,gender
5507,gender
5508,gender
5509,gender
5510,gender
5511,gender
5512,gender
5513,gender
5514,gender
5515,gender
5516,gender
5517,gender
5518,gender
5519,gender
5520,gender
5521,gender
5522,gender
5523,gender
5524,gender
5525,gender
5526,gender
5527,gender
5528,gender
5529,gender
5530,gender
5531,gender
5532,gender
5533,gender
5534,gender
5535,gender
5536,gender
5537,gender
5538,gender
5539,gender
5540,gender
5541,gender
5542,gender
5543,gender
5544,gender
5545,gender
5546,gender
5547,gender
5548,gender
5549,gender
5550,gender
5551,gender
5552,gender
5553,gender
5554,gender
5555,gender
5556,gender
5557,gender
5558,gender
5559,gender
5560,gender
5561,gender
5562,gender
5563,gender
5564,gender
5565,gender
5566,gender
5567,gender
5568,gender
5569,gender
5570,gender
5571,gender
5572,gender
5573,gender
5574,gender
5575,gender
5576,gender
5577,gender
5578,gender
5579,gender
5580,gender
5581,gender
5582,gender
5583,gender
5584,gender
5585,gender
5586,gender
5587,gender
5588,gender
5589,gender
5590,gender
5591,gender
5592,gender
5593,gender
5594,gender
5595,gender
5596,gender
5597,gender
5598,gender
5599,gender
5600,gender
5601,gender
5602,gender
5603,gender
5604,gender
5605,gender
5606,gender
5607,gender
5608,gender
5609,gender
5610,gender
5611,gender
5612,gender
5613,gender
5614,gender
5615,gender
5616,gender
5617,gender
5618,gender
5619,gender
5620,gender
5621,gender
5622,gender
5623,gender
5624,gender
5625,gender
5626,gender
5627,gender
5628,gender
5629,gender
5630,gender
5631,gender
5632,gender
5633,gender
5634,gender
5635,gender
5636,gender
5637,gender
5638,gender
5639,gender
5640,gender
5641,gender
5642,gender
5643,gender
5644,gender
5645,gender
5646,gender
5647,gender
5648,gender
5649,gender
5650,gender
5651,gender
5652,gender
5653,gender
5654,gender
5655,gender
5656,gender
5657,gender
5658,gender
5659,gender
5660,gender
5661,gender
5662,gender
5663,gender
5664,gender
5665,gender
5666,gender
5667,gender
5668,gender
5669,gender
5670,gender
5671,gender
5672,gender
5673,gender
5674,gender
5675,gender
5676,gender
5677,gender
5678,gender
5679,gender
5680,gender
5681,gender
5682,gender
5683,gender
5684,gender
5685,gender
5686,gender
5687,gender
5688,gender
5689,gender
5690,gender
5691,gender
5692,gender
5693,gender
5694,gender
5695,gender
5696,gender
5697,gender
5698,gender
5699,gender
5700,gender
5701,gender
5702,gender
5703,gender
5704,gender
5705,gender
5706,gender
5707,gender
5708,gender
5709,gender
5710,gender
5711,gender
5712,gender
5713,gender
5714,gender
5715,gender
5716,gender
5717,gender
5718,gender
5719,gender
5720,gender
5721,gender
5722,gender
5723,gender
5724,gender
5725,gender
5726,gender
5727,gender
5728,gender
5729,gender
5730,gender
5731,gender
5732,gender
5733,gender
5734,gender
5735,gender
5736,gender
5737,gender
5738,gender
5739,gender
5740,gender
5741,gender
5742,gender
5743,gender
5744,gender
5745,gender
5746,gender
5747,gender
5748,gender
5749,gender
5750,gender
5751,gender
5752,gender
5753,gender
5754,gender
5755,gender
5756,gender
5757,gender
5758,gender
5759,gender
5760,gender
5761,gender
5762,gender
5763,gender
5764,gender
5765,gender
5766,gender
5767,gender
5768,gender
5769,gender
5770,gender
5771,gender
5772,gender
5773,religion
5774,religion
5775,religion
5776,religion
5777,religion
5778,religion
5779,religion
5780,religion
5781,religion
5782,religion
5783,religion
5784,religion
5785,religion
5786,religion
5787,religion
5788,religion
5789,religion
5790,religion
5791,religion
5792,religion
5793,religion
5794,religion
5795,religion
5796,religion
5797,religion
5798,religion
5799,religion
5800,religion
5801,religion
5802,religion
5803,religion
5804,religion
5805,religion
5806,religion
5807,religion
5808,religion
5809,religion
5810,religion
5811,religion
5812,religion
5813,religion
5814,religion
5815,religion
5816,religion
5817,religion
5818,religion
5819,religion
5820,religion
5821,religion
5822,religion
5823,religion
5824,religion
5825,religion
5826,religion
5827,religion
5828,religion
5829,religion
5830,religion
5831,religion
5832,religion
5833,religion
5834,religion
5835,religion
5836,religion
5837,religion
5838,religion
5839,religion
5840,religion
5841,religion
5842,religion
5843,religion
5844,religion
5845,religion
5846,religion
5847,religion
5848,religion
5849,religion
5850,religion
5851,religion
5852,religion
5853,religion
5854,religion
5855,religion
5856,religion
5857,religion
5858,religion
5859,religion
5860,religion
5861,religion
5862,religion
5863,religion
5864,religion
5865,religion
5866,religion
5867,religion
5868,religion
5869,religion
5870,religion
5871,religion
5872,religion
5873,religion
5874,religion
5875,religion
5876,religion
5877,religion
5878,religion
5879,religion
5880,religion
5881,religion
5882,religion
5883,religion
5884,religion
5885,religion
5886,religion
5887,religion
5888,religion
5889,religion
5890,religion
5891,religion
5892,religion
5893,religion
5894,religion
5895,religion
5896,religion
5897,religion
5898,religion
5899,religion
5900,religion
5901,religion
5902,religion
5903,religion
5904,religion
5905,religion
5906,religion
5907,religion
5908,religion
5909,religion
5910,religion
5911,religion
5912,religion
5913,religion
5914,religion
5915,religion
5916,religion
5917,religion
5918,religion
5919,religion
5920,religion
5921,religion
5922,religion
5923,religion
5924,religion
5925,religion
5926,religion
5927,religion
5928,religion
5929,religion
5930,religion
5931,religion
5932,religion
5933,religion
5934,religion
5935,religion
5936,religion
5937,religion
5938,religion
5939,religion
5940,religion
5941,religion
5942,religion
5943,religion
5944,religion
5945,religion
5946,religion
5947,religion
5948,religion
5949,religion
5950,religion
5951,religion
5952,religion
5953,religion
5954,religion
5955,religion
5956,religion
5957,religion
5958,religion
5959,religion
5960,religion
5961,religion
5962,religion
5963,religion
5964,religion
5965,religion
5966,religion
5967,religion
5968,religion
5969,religion
5970,religion
5971,religion
5972,religion
5973,religion
5974,religion
5975,religion
5976,religion
5977,religion
5978,religion
5979,religion
5980,religion
5981,religion
5982,religion
5983,religion
5984,religion
5985,religion
5986,religion
5987,religion
5988,religion
5989,religion
5990,religion
5991,religion
5992,religion
5993,religion
5994,religion
5995,religion
5996,religion
5997,religion
5998,religion
5999,religion
6000,religion
6001,religion
6002,religion
6003,religion
6004,religion
6005,religion
6006,religion
6007,religion
6008,religion
6009,religion
6010,religion
6011,religion
6012,religion
6013,religion
6014,religion
6015,religion
6016,religion
6017,religion
6018,religion
6019,religion
6020,religion
6021,religion
6022,religion
6023,religion
6024,religion
6025,religion
6026,religion
6027,religion
6028,religion
6029,religion
6030,religion
6031,religion
6032,religion
6033,religion
6034,religion
6035,religion
6036,religion
6037,religion
6038,religion
6039,religion
6040,religion
6041,religion
6042,religion
6043,religion
6044,religion
6045,religion
6046,religion
6047,religion
6048,religion
6049,religion
6050,religion
6051,religion
6052,religion
6053,religion
6054,religion
6055,religion
6056,religion
6057,religion
6058,religion
6059,religion
6060,religion
6061,religion
6062,religion
6063,religion
6064,religion
6065,religion
6066,religion
6067,religion
6068,religion
6069,religion
6070,religion
6071,religion
6072,religion
6073,religion
6074,religion
6075,religion
6076,religion
6077,religion
6078,religion
6079,religion
6080,religion
6081,religion
6082,religion
6083,religion
6084,religion
6085,religion
6086,religion
6087,religion
6088,religion
6089,religion
6090,religion
6091,religion
6092,religion
6093,religion
6094,religion
6095,religion
6096,religion
6097,religion
6098,religion
6099,religion
6100,religion
6101,religion
6102,religion
6103,religion
6104,religion
6105,religion
6106,religion
6107,religion
6108,religion
6109,religion
6110,religion
6111,religion
6112,religion
6113,religion
6114,religion
6115,religion
6116,religion
6117,religion
6118,religion
6119,religion
6120,religion
6121,religion
6122,religion
6123,religion
6124,religion
6125,religion
6126,religion
6127,religion
6128,religion
6129,religion
6130,religion
6131,religion
6132,religion
6133,religion
6134,religion
6135,religion
6136,religion
6137,religion
6138,religion
6139,religion
6140,religion
6141,religion
6142,religion
6143,religion
6144,religion
6145,religion
6146,religion
6147,religion
6148,religion
6149,religion
6150,religion
6151,religion
6152,religion
6153,religion
6154,religion
6155,religion
6156,religion
6157,religion
6158,religion
6159,religion
6160,religion
6161,religion
6162,religion
6163,religion
6164,religion
6165,religion
6166,religion
6167,religion
6168,religion
6169,religion
6170,religion
6171,religion
6172,religion
6173,religion
6174,religion
6175,religion
6176,religion
6177,religion
6178,religion
6179,religion
6180,religion
6181,religion
6182,religion
6183,religion
6184,religion
6185,religion
6186,religion
6187,religion
6188,religion
6189,religion
6190,religion
6191,religion
6192,religion
6193,religion
6194,religion
6195,religion
6196,religion
6197,religion
6198,religion
6199,religion
6200,religion
6201,religion
6202,religion
6203,religion
6204,religion
6205,religion
6206,religion
6207,religion
6208,religion
6209,religion
6210,religion
6211,religion
6212,religion
6213,religion
6214,religion
6215,religion
6216,religion
6217,religion
6218,religion
6219,religion
6220,religion
6221,religion
6222,religion
6223,religion
6224,religion
6225,religion
6226,religion
6227,religion
6228,religion
6229,religion
6230,religion
6231,religion
6232,religion
6233,religion
6234,religion
6235,religion
6236,religion
6237,religion
6238,religion
6239,religion
6240,religion
6241,religion
6242,religion
6243,religion
6244,religion
6245,religion
6246,religion
6247,religion
6248,religion
6249,religion
6250,religion
6251,religion
6252,religion
6253,religion
6254,religion
6255,religion
6256,religion
6257,religion
6258,religion
6259,religion
6260,religion
6261,religion
6262,religion
6263,religion
6264,religion
6265,religion
6266,religion
6267,religion
6268,religion
6269,religion
6270,religion
6271,religion
6272,religion
6273,religion
6274,religion
6275,religion
6276,religion
6277,religion
6278,religion
6279,religion
6280,religion
6281,religion
6282,religion
6283,religion
6284,religion
6285,religion
6286,religion
6287,religion
6288,religion
6289,religion
6290,religion
6291,religion
6292,religion
6293,religion
6294,religion
6295,religion
6296,religion
6297,religion
6298,religion
6299,religion
6300,religion
6301,religion
6302,religion
6303,religion
6304,religion
6305,religion
6306,religion
6307,religion
6308,religion
6309,religion
6310,religion
6311,religion
6312,religion
6313,religion
6314,religion
6315,religion
6316,religion
6317,religion
6318,religion
6319,religion
6320,religion
6321,religion
6322,religion
6323,religion
6324,religion
6325,religion
6326,religion
6327,religion
6328,religion
6329,religion
6330,religion
6331,religion
6332,religion
6333,religion
6334,religion
6335,religion
6336,religion
6337,religion
6338,religion
6339,religion
6340,religion
6341,religion
6342,religion
6343,religion
6344,religion
6345,religion
6346,religion
6347,religion
6348,religion
6349,religion
6350,religion
6351,religion
6352,religion
6353,religion
6354,religion
6355,religion
6356,religion
6357,religion
6358,religion
6359,religion
6360,religion
6361,religion
6362,religion
6363,religion
6364,religion
6365,religion
6366,religion
6367,religion
6368,religion
6369,religion
6370,religion
6371,religion
6372,religion
6373,religion
6374,religion
6375,religion
6376,religion
6377,religion
6378,religion
6379,religion
6380,religion
6381,religion
6382,religion
6383,religion
6384,religion
6385,religion
6386,religion
6387,religion
6388,religion
6389,religion
6390,religion
6391,religion
6392,religion
6393,religion
6394,religion
6395,religion
6396,religion
6397,religion
6398,religion
6399,religion
6400,religion
6401,religion
6402,religion
6403,religion
6404,religion
6405,religion
6406,religion
6407,religion
6408,religion
6409,religion
6410,religion
6411,religion
6412,religion
6413,religion
6414,religion
6415,religion
6416,religion
6417,religion
6418,religion
6419,religion
6420,religion
6421,religion
6422,religion
6423,religion
6424,religion
6425,religion
6426,religion
6427,religion
6428,religion
6429,religion
6430,religion
6431,religion
6432,religion
6433,religion
6434,religion
6435,religion
6436,religion
6437,religion
6438,religion
6439,religion
6440,religion
6441,religion
6442,religion
6443,religion
6444,religion
6445,religion
6446,religion
6447,religion
6448,religion
6449,religion
6450,religion
6451,religion
6452,religion
6453,religion
6454,religion
6455,religion
6456,religion
6457,religion
6458,religion
6459,religion
6460,religion
6461,religion
6462,religion
6463,religion
6464,religion
6465,religion
6466,religion
6467,religion
6468,religion
6469,religion
6470,religion
6471,religion
6472,religion
6473,religion
6474,religion
6475,religion
6476,religion
6477,religion
6478,religion
6479,religion
6480,religion
6481,religion
6482,religion
6483,religion
6484,religion
6485,religion
6486,religion
6487,religion
6488,religion
6489,religion
6490,religion
6491,religion
6492,religion
6493,religion
6494,religion
6495,religion
6496,religion
6497,religion
6498,religion
6499,religion
6500,religion
6501,religion
6502,religion
6503,religion
6504,religion
6505,religion
6506,religion
6507,religion
6508,religion
6509,religion
6510,religion
6511,religion
6512,religion
6513,religion
6514,religion
6515,religion
6516,religion
6517,religion
6518,religion
6519,religion
6520,religion
6521,religion
6522,religion
6523,religion
6524,religion
6525,religion
6526,religion
6527,religion
6528,religion
6529,religion
6530,religion
6531,religion
6532,religion
6533,religion
6534,religion
6535,religion
6536,religion
6537,religion
6538,religion
6539,religion
6540,religion
6541,religion
6542,religion
6543,religion
6544,religion
6545,religion
6546,religion
6547,religion
6548,religion
6549,religion
6550,religion
6551,religion
6552,religion
6553,religion
6554,religion
6555,religion
6556,religion
6557,religion
6558,religion
6559,religion
6560,religion
6561,religion
6562,religion
6563,religion
6564,religion
6565,religion
6566,religion
6567,religion
6568,religion
6569,religion
6570,religion
6571,religion
6572,religion
6573,religion
6574,religion
6575,religion
6576,religion
6577,religion
6578,religion
6579,religion
6580,religion
6581,religion
6582,religion
6583,religion
6584,religion
6585,religion
6586,religion
6587,religion
6588,religion
6589,religion
6590,religion
6591,religion
6592,religion
6593,religion
6594,religion
6595,religion
6596,religion
6597,religion
6598,religion
6599,religion
6600,religion
6601,religion
6602,religion
6603,religion
6604,religion
6605,religion
6606,religion
6607,religion
6608,religion
6609,religion
6610,religion
6611,religion
6612,religion
6613,religion
6614,religion
6615,religion
6616,religion
6617,religion
6618,religion
6619,religion
6620,religion
6621,religion
6622,religion
6623,religion
6624,religion
6625,religion
6626,religion
6627,religion
6628,religion
6629,religion
6630,religion
6631,religion
6632,religion
6633,religion
6634,religion
6635,religion
6636,religion
6637,religion
6638,religion
6639,religion
6640,religion
6641,religion
6642,religion
6643,religion
6644,religion
6645,religion
6646,religion
6647,religion
6648,religion
6649,religion
6650,religion
6651,religion
6652,religion
6653,religion
6654,religion
6655,religion
6656,religion
6657,religion
6658,religion
6659,religion
6660,religion
6661,religion
6662,religion
6663,religion
6664,religion
6665,religion
6666,religion
6667,religion
6668,religion
6669,religion
6670,religion
6671,religion
6672,religion
6673,religion
6674,religion
6675,religion
6676,religion
6677,religion
6678,religion
6679,religion
6680,religion
6681,religion
6682,religion
6683,religion
6684,religion
6685,religion
6686,religion
6687,religion
6688,religion
6689,religion
6690,religion
6691,religion
6692,religion
6693,religion
6694,religion
6695,religion
6696,religion
6697,religion
6698,religion
6699,religion
6700,religion
6701,religion
6702,religion
6703,religion
6704,religion
6705,religion
6706,religion
6707,religion
6708,religion
6709,religion
6710,religion
6711,religion
6712,religion
6713,religion
6714,religion
6715,religion
6716,religion
6717,religion
6718,religion
6719,religion
6720,religion
6721,religion
6722,religion
6723,religion
6724,religion
6725,religion
6726,religion
6727,religion
6728,religion
6729,religion
6730,religion
6731,religion
6732,religion
6733,religion
6734,religion
6735,religion
6736,religion
6737,religion
6738,religion
6739,religion
6740,religion
6741,religion
6742,religion
6743,religion
6744,religion
6745,religion
6746,religion
6747,religion
6748,religion
6749,religion
6750,religion
6751,religion
6752,religion
6753,religion
6754,religion
6755,religion
6756,religion
6757,religion
6758,religion
6759,religion
6760,religion
6761,religion
6762,religion
6763,religion
6764,religion
6765,religion
6766,religion
6767,religion
6768,religion
6769,religion
6770,religion
6771,religion
6772,religion
6773,religion
6774,religion
6775,religion
6776,religion
6777,religion
6778,religion
6779,religion
6780,religion
6781,religion
6782,religion
6783,religion
6784,religion
6785,religion
6786,religion
6787,religion
6788,religion
6789,religion
6790,religion
6791,religion
6792,religion
6793,religion
6794,religion
6795,religion
6796,religion
6797,religion
6798,religion
6799,religion
6800,religion
6801,religion
6802,religion
6803,religion
6804,religion
6805,religion
6806,religion
6807,religion
6808,religion
6809,religion
6810,religion
6811,religion
6812,religion
6813,religion
6814,religion
6815,religion
6816,religion
6817,religion
6818,religion
6819,religion
6820,religion
6821,religion
6822,religion
6823,religion
6824,religion
6825,religion
6826,religion
6827,religion
6828,religion
6829,religion
6830,religion
6831,religion
6832,religion
6833,religion
6834,religion
6835,religion
6836,religion
6837,religion
6838,religion
6839,religion
6840,religion
6841,religion
6842,religion
6843,religion
6844,religion
6845,religion
6846,religion
6847,religion
6848,religion
6849,religion
6850,religion
6851,religion
6852,religion
6853,religion
6854,religion
6855,religion
6856,religion
6857,religion
6858,religion
6859,religion
6860,religion
6861,religion
6862,religion
6863,religion
6864,religion
6865,religion
6866,religion
6867,religion
6868,religion
6869,religion
6870,religion
6871,religion
6872,religion
6873,religion
6874,religion
6875,religion
6876,religion
6877,religion
6878,religion
6879,religion
6880,religion
6881,religion
6882,religion
6883,religion
6884,religion
6885,religion
6886,religion
6887,religion
6888,religion
6889,religion
6890,religion
6891,religion
6892,religion
6893,religion
6894,religion
6895,religion
6896,religion
6897,religion
6898,religion
6899,religion
6900,religion
6901,religion
6902,religion
6903,religion
6904,religion
6905,religion
6906,religion
6907,religion
6908,religion
6909,religion
6910,religion
6911,religion
6912,religion
6913,religion
6914,religion
6915,religion
6916,religion
6917,religion
6918,religion
6919,religion
6920,religion
6921,religion
6922,religion
6923,religion
6924,religion
6925,religion
6926,religion
6927,religion
6928,religion
6929,religion
6930,religion
6931,religion
6932,religion
6933,religion
6934,religion
6935,religion
6936,religion
6937,religion
6938,religion
6939,religion
6940,religion
6941,religion
6942,religion
6943,religion
6944,religion
6945,religion
6946,religion
6947,religion
6948,religion
6949,religion
6950,religion
6951,religion
6952,religion
6953,religion
6954,religion
6955,religion
6956,religion
6957,religion
6958,religion
6959,religion
6960,religion
6961,religion
6962,religion
6963,religion
6964,religion
6965,religion
6966,religion
6967,religion
6968,religion
6969,religion
6970,religion
6971,religion
6972,religion
6973,religion
6974,religion
6975,religion
6976,religion
6977,religion
6978,religion
6979,religion
6980,religion
6981,religion
6982,religion
6983,religion
6984,religion
6985,religion
6986,religion
6987,religion
6988,religion
6989,religion
6990,religion
6991,religion
6992,religion
6993,religion
6994,religion
6995,religion
6996,religion
6997,religion
6998,religion
6999,religion
7000,religion
7001,religion
7002,religion
7003,religion
7004,religion
7005,religion
7006,religion
7007,religion
7008,religion
7009,religion
7010,religion
7011,religion
7012,religion
7013,religion
7014,religion
7015,religion
7016,religion
7017,religion
7018,religion
7019,religion
7020,religion
7021,religion
7022,religion
7023,religion
7024,religion
7025,religion
7026,religion
7027,religion
7028,religion
7029,religion
7030,religion
7031,religion
7032,religion
7033,religion
7034,religion
7035,religion
7036,religion
7037,religion
7038,religion
7039,religion
7040,religion
7041,religion
7042,religion
7043,religion
7044,religion
7045,religion
7046,religion
7047,religion
7048,religion
7049,religion
7050,religion
7051,religion
7052,religion
7053,religion
7054,religion
7055,religion
7056,religion
7057,religion
7058,religion
7059,religion
7060,religion
7061,religion
7062,religion
7063,religion
7064,religion
7065,religion
7066,religion
7067,religion
7068,religion
7069,religion
7070,religion
7071,religion
7072,religion
7073,religion
7074,religion
7075,religion
7076,religion
7077,religion
7078,religion
7079,religion
7080,religion
7081,religion
7082,religion
7083,religion
7084,religion
7085,religion
7086,religion
7087,religion
7088,religion
7089,religion
7090,religion
7091,religion
7092,religion
7093,religion
7094,religion
7095,religion
7096,religion
7097,religion
7098,religion
7099,religion
7100,religion
7101,religion
7102,religion
7103,religion
7104,religion
7105,religion
7106,religion
7107,religion
7108,religion
7109,religion
7110,religion
7111,religion
7112,religion
7113,religion
7114,religion
7115,religion
7116,religion
7117,religion
7118,religion
7119,religion
7120,religion
7121,religion
7122,religion
7123,religion
7124,religion
7125,religion
7126,religion
7127,religion
7128,religion
7129,religion
7130,religion
7131,religion
7132,religion
7133,religion
7134,religion
7135,religion
7136,religion
7137,religion
7138,religion
7139,religion
7140,religion
7141,religion
7142,religion
7143,religion
7144,religion
7145,religion
7146,religion
7147,religion
7148,religion
7149,religion
7150,religion
7151,religion
7152,religion
7153,religion
7154,religion
7155,religion
7156,religion
7157,religion
7158,religion
7159,religion
7160,religion
7161,religion
7162,religion
7163,religion
7164,religion
7165,religion
7166,religion
7167,religion
7168,religion
7169,religion
7170,religion
7171,religion
7172,religion
7173,religion
7174,religion
7175,religion
7176,religion
7177,religion
7178,religion
7179,religion
7180,religion
7181,religion
7182,religion
7183,religion
7184,religion
7185,religion
7186,religion
7187,religion
7188,religion
7189,religion
7190,religion
7191,religion
7192,religion
7193,religion
7194,religion
7195,religion
7196,religion
7197,religion
7198,religion
7199,religion
7200,religion
7201,religion
7202,religion
7203,religion
7204,religion
7205,religion
7206,religion
7207,religion
7208,religion
7209,religion
7210,religion
7211,religion
7212,religion
7213,religion
7214,religion
7215,religion
7216,religion
7217,religion
7218,religion
7219,religion
7220,religion
7221,religion
7222,religion
7223,religion
7224,religion
7225,religion
7226,religion
7227,religion
7228,religion
7229,religion
7230,religion
7231,religion
7232,religion
7233,religion
7234,religion
7235,religion
7236,religion
7237,religion
7238,religion
7239,religion
7240,religion
7241,religion
7242,religion
7243,religion
7244,religion
7245,religion
7246,religion
7247,religion
7248,religion
7249,religion
7250,religion
7251,religion
7252,religion
7253,religion
7254,religion
7255,religion
7256,religion
7257,religion
7258,religion
7259,religion
7260,religion
7261,religion
7262,religion
7263,religion
7264,religion
7265,religion
7266,religion
7267,religion
7268,religion
7269,religion
7270,religion
7271,religion
7272,religion
7273,religion
7274,religion
7275,religion
7276,religion
7277,religion
7278,religion
7279,religion
7280,religion
7281,religion
7282,religion
7283,religion
7284,religion
7285,religion
7286,religion
7287,religion
7288,religion
7289,religion
7290,religion
7291,religion
7292,religion
7293,religion
7294,religion
7295,religion
7296,religion
7297,religion
7298,religion
7299,religion
7300,religion
7301,religion
7302,religion
7303,religion
7304,religion
7305,religion
7306,religion
7307,religion
7308,religion
7309,religion
7310,religion
7311,religion
7312,religion
7313,religion
7314,religion
7315,religion
7316,religion
7317,religion
7318,religion
7319,religion
7320,religion
7321,religion
7322,religion
7323,religion
7324,religion
7325,religion
7326,religion
7327,religion
7328,religion
7329,religion
7330,religion
7331,religion
7332,religion
7333,religion
7334,religion
7335,religion
7336,religion
7337,religion
7338,religion
7339,religion
7340,religion
7341,religion
7342,religion
7343,religion
7344,religion
7345,religion
7346,religion
7347,religion
7348,religion
7349,religion
7350,religion
7351,religion
7352,religion
7353,religion
7354,religion
7355,religion
7356,religion
7357,religion
7358,religion
7359,religion
7360,religion
7361,religion
7362,religion
7363,religion
7364,religion
7365,religion
7366,religion
7367,religion
7368,religion
7369,religion
7370,religion
7371,religion
7372,religion
7373,religion
7374,religion
7375,religion
7376,religion
7377,religion
7378,religion
7379,religion
7380,religion
7381,religion
7382,religion
7383,religion
7384,religion
7385,religion
7386,religion
7387,religion
7388,religion
7389,religion
7390,religion
7391,religion
7392,religion
7393,religion
7394,religion
7395,religion
7396,religion
7397,religion
7398,religion
7399,religion
7400,religion
7401,religion
7402,religion
7403,religion
7404,religion
7405,religion
7406,religion
7407,religion
7408,religion
7409,religion
7410,religion
7411,religion
7412,religion
7413,religion
7414,religion
7415,religion
7416,religion
7417,religion
7418,religion
7419,religion
7420,religion
7421,religion
7422,religion
7423,religion
7424,religion
7425,religion
7426,religion
7427,religion
7428,religion
7429,religion
7430,religion
7431,religion
7432,religion
7433,religion
7434,religion
7435,religion
7436,religion
7437,religion
7438,religion
7439,religion
7440,religion
7441,religion
7442,religion
7443,religion
7444,religion
7445,religion
7446,religion
7447,religion
7448,religion
7449,religion
7450,religion
7451,religion
7452,religion
7453,religion
7454,religion
7455,religion
7456,religion
7457,religion
7458,religion
7459,religion
7460,religion
7461,religion
7462,religion
7463,religion
7464,religion
7465,religion
7466,religion
7467,religion
7468,religion
7469,religion
7470,religion
7471,religion
7472,religion
7473,religion
7474,religion
7475,religion
7476,religion
7477,religion
7478,religion
7479,religion
7480,religion
7481,religion
7482,religion
7483,religion
7484,religion
7485,religion
7486,religion
7487,religion
7488,religion
7489,religion
7490,religion
7491,religion
7492,religion
7493,religion
7494,religion
7495,religion
7496,religion
7497,religion
7498,religion
7499,religion
7500,religion
7501,religion
7502,religion
7503,religion
7504,religion
7505,religion
7506,religion
7507,religion
7508,religion
7509,religion
7510,religion
7511,religion
7512,religion
7513,religion
7514,religion
7515,religion
7516,religion
7517,religion
7518,religion
7519,religion
7520,religion
7521,religion
7522,religion
7523,religion
7524,religion
7525,religion
7526,religion
7527,religion
7528,religion
7529,religion
7530,religion
7531,religion
7532,religion
7533,religion
7534,religion
7535,religion
7536,religion
7537,religion
7538,religion
7539,religion
7540,religion
7541,religion
7542,religion
7543,religion
7544,religion
7545,religion
7546,religion
7547,religion
7548,religion
7549,religion
7550,religion
7551,religion
7552,religion
7553,religion
7554,religion
7555,religion
7556,religion
7557,religion
7558,religion
7559,religion
7560,religion
7561,religion
7562,religion
7563,religion
7564,religion
7565,religion
7566,religion
7567,religion
7568,religion
7569,religion
7570,religion
7571,religion
7572,religion
7573,religion
7574,religion
7575,religion
7576,religion
7577,religion
7578,religion
7579,religion
7580,religion
7581,religion
7582,religion
7583,religion
7584,religion
7585,religion
7586,religion
7587,religion
7588,religion
7589,religion
7590,religion
7591,religion
7592,religion
7593,religion
7594,religion
7595,religion
7596,religion
7597,religion
7598,religion
7599,religion
7600,religion
7601,religion
7602,religion
7603,religion
7604,religion
7605,religion
7606,religion
7607,religion
7608,religion
7609,religion
7610,religion
7611,religion
7612,religion
7613,religion
7614,religion
7615,religion
7616,religion
7617,religion
7618,religion
7619,religion
7620,religion
7621,religion
7622,religion
7623,religion
7624,religion
7625,religion
7626,religion
7627,religion
7628,religion
7629,religion
7630,religion
7631,religion
7632,religion
7633,religion
7634,religion
7635,religion
7636,religion
7637,religion
7638,religion
7639,religion
7640,religion
7641,religion
7642,religion
7643,religion
7644,religion
7645,religion
7646,religion
7647,religion
7648,religion
7649,religion
7650,religion
7651,religion
7652,religion
7653,religion
7654,religion
7655,religion
7656,religion
7657,religion
7658,religion
7659,religion
7660,religion
7661,religion
7662,religion
7663,religion
7664,religion
7665,religion
7666,religion
7667,religion
7668,religion
7669,religion
7670,religion
7671,religion
7672,religion
7673,religion
7674,religion
7675,religion
7676,religion
7677,religion
7678,religion
7679,religion
7680,religion
7681,religion
7682,religion
7683,religion
7684,religion
7685,religion
7686,religion
7687,religion
7688,religion
7689,religion
7690,religion
7691,religion
7692,religion
7693,religion
7694,religion
7695,religion
7696,religion
7697,religion
7698,religion
7699,religion
7700,religion
7701,religion
7702,religion
7703,religion
7704,religion
7705,religion
7706,religion
7707,religion
7708,religion
7709,religion
7710,religion
7711,religion
7712,religion
7713,religion
7714,religion
7715,religion
7716,religion
7717,religion
7718,religion
7719,religion
7720,religion
7721,religion
7722,religion
7723,religion
7724,religion
7725,religion
7726,religion
7727,religion
7728,religion
7729,religion
7730,religion
7731,religion
7732,religion
7733,religion
7734,religion
7735,religion
7736,religion
7737,religion
7738,religion
7739,religion
7740,religion
7741,religion
7742,religion
7743,religion
7744,religion
7745,religion
7746,religion
7747,religion
7748,religion
7749,religion
7750,religion
7751,religion
7752,religion
7753,religion
7754,religion
7755,religion
7756,religion
7757,religion
7758,religion
7759,religion
7760,religion
7761,religion
7762,religion
7763,religion
7764,religion
7765,religion
7766,religion
7767,religion
7768,religion
7769,religion
7770,religion
7771,religion
7772,religion
7773,religion
7774,religion
7775,religion
7776,religion
7777,religion
7778,religion
7779,religion
7780,religion
7781,religion
7782,religion
7783,religion
7784,religion
7785,religion
7786,religion
7787,religion
7788,religion
7789,religion
7790,religion
7791,religion
7792,religion
7793,religion
7794,religion
7795,religion
7796,religion
7797,religion
7798,religion
7799,religion
7800,religion
7801,religion
7802,religion
7803,religion
7804,religion
7805,religion
7806,religion
7807,religion
7808,religion
7809,religion
7810,religion
7811,religion
7812,religion
7813,religion
7814,religion
7815,religion
7816,religion
7817,religion
7818,religion
7819,religion
7820,religion
7821,religion
7822,religion
7823,religion
7824,religion
7825,religion
7826,religion
7827,religion
7828,religion
7829,religion
7830,religion
7831,religion
7832,religion
7833,religion
7834,religion
7835,religion
7836,religion
7837,religion
7838,religion
7839,religion
7840,religion
7841,religion
7842,religion
7843,religion
7844,religion
7845,religion
7846,religion
7847,religion
7848,religion
7849,religion
7850,religion
7851,religion
7852,religion
7853,religion
7854,religion
7855,religion
7856,religion
7857,religion
7858,religion
7859,religion
7860,religion
7861,religion
7862,religion
7863,religion
7864,religion
7865,religion
7866,religion
7867,religion
7868,religion
7869,religion
7870,religion
7871,religion
7872,religion
7873,religion
7874,religion
7875,religion
7876,religion
7877,religion
7878,religion
7879,religion
7880,religion
7881,religion
7882,religion
7883,religion
7884,religion
7885,religion
7886,religion
7887,religion
7888,religion
7889,religion
7890,religion
7891,religion
7892,religion
7893,religion
7894,religion
7895,religion
7896,religion
7897,religion
7898,religion
7899,religion
7900,religion
7901,religion
7902,religion
7903,religion
7904,religion
7905,religion
7906,religion
7907,religion
7908,religion
7909,religion
7910,religion
7911,religion
7912,religion
7913,religion
7914,religion
7915,religion
7916,religion
7917,religion
7918,religion
7919,religion
7920,religion
7921,religion
7922,religion
7923,religion
7924,religion
7925,religion
7926,religion
7927,religion
7928,religion
7929,religion
7930,religion
7931,religion
7932,religion
7933,religion
7934,religion
7935,religion
7936,religion
7937,religion
7938,religion
7939,religion
7940,religion
7941,religion
7942,religion
7943,religion
7944,religion
7945,religion
7946,religion
7947,religion
7948,religion
7949,religion
7950,religion
7951,religion
7952,religion
7953,religion
7954,religion
7955,religion
7956,religion
7957,religion
7958,religion
7959,religion
7960,religion
7961,religion
7962,religion
7963,religion
7964,religion
7965,religion
7966,religion
7967,religion
7968,religion
7969,religion
7970,religion
7971,religion
7972,religion
7973,religion
7974,religion
7975,religion
7976,religion
7977,religion
7978,religion
7979,religion
7980,religion
7981,religion
7982,religion
7983,religion
7984,religion
7985,religion
7986,religion
7987,religion
7988,religion
7989,religion
7990,religion
7991,religion
7992,religion
7993,religion
7994,religion
7995,religion
7996,religion
7997,religion
7998,religion
7999,religion
8000,religion
8001,religion
8002,religion
8003,religion
8004,religion
8005,religion
8006,religion
8007,religion
8008,religion
8009,religion
8010,religion
8011,religion
8012,religion
8013,religion
8014,religion
8015,religion
8016,religion
8017,religion
8018,religion
8019,religion
8020,religion
8021,religion
8022,religion
8023,religion
8024,religion
8025,religion
8026,religion
8027,religion
8028,religion
8029,religion
8030,religion
8031,religion
8032,religion
8033,religion
8034,religion
8035,religion
8036,religion
8037,religion
8038,religion
8039,religion
8040,religion
8041,religion
8042,religion
8043,religion
8044,religion
8045,religion
8046,religion
8047,religion
8048,religion
8049,religion
8050,religion
8051,religion
8052,religion
8053,religion
8054,religion
8055,religion
8056,religion
8057,religion
8058,religion
8059,religion
8060,religion
8061,religion
8062,religion
8063,religion
8064,religion
8065,religion
8066,religion
8067,religion
8068,religion
8069,religion
8070,religion
8071,religion
8072,religion
8073,religion
8074,religion
8075,religion
8076,religion
8077,religion
8078,religion
8079,religion
8080,religion
8081,religion
8082,religion
8083,religion
8084,religion
8085,religion
8086,religion
8087,religion
8088,religion
8089,religion
8090,religion
8091,religion
8092,religion
8093,religion
8094,religion
8095,religion
8096,religion
8097,religion
8098,religion
8099,religion
8100,religion
8101,religion
8102,religion
8103,religion
8104,religion
8105,religion
8106,religion
8107,religion
8108,religion
8109,religion
8110,religion
8111,religion
8112,religion
8113,religion
8114,religion
8115,religion
8116,religion
8117,religion
8118,religion
8119,religion
8120,religion
8121,religion
8122,religion
8123,religion
8124,religion
8125,religion
8126,religion
8127,religion
8128,religion
8129,religion
8130,religion
8131,religion
8132,religion
8133,religion
8134,religion
8135,religion
8136,religion
8137,religion
8138,religion
8139,religion
8140,religion
8141,religion
8142,religion
8143,religion
8144,religion
8145,religion
8146,religion
8147,religion
8148,religion
8149,religion
8150,religion
8151,religion
8152,religion
8153,religion
8154,religion
8155,religion
8156,religion
8157,religion
8158,religion
8159,religion
8160,religion
8161,religion
8162,religion
8163,religion
8164,religion
8165,religion
8166,religion
8167,religion
8168,religion
8169,religion
8170,religion
8171,religion
8172,religion
8173,religion
8174,religion
8175,religion
8176,religion
8177,religion
8178,religion
8179,religion
8180,religion
8181,religion
8182,religion
8183,religion
8184,religion
8185,religion
8186,religion
8187,religion
8188,religion
8189,religion
8190,religion
8191,religion
8192,religion
8193,religion
8194,religion
8195,religion
8196,religion
8197,religion
8198,religion
8199,religion
8200,religion
8201,religion
8202,religion
8203,religion
8204,religion
8205,religion
8206,religion
8207,religion
8208,religion
8209,religion
8210,religion
8211,religion
8212,religion
8213,religion
8214,religion
8215,religion
8216,religion
8217,religion
8218,religion
8219,religion
8220,religion
8221,religion
8222,religion
8223,religion
8224,religion
8225,religion
8226,religion
8227,religion
8228,religion
8229,religion
8230,religion
8231,religion
8232,religion
8233,religion
8234,religion
8235,religion
8236,religion
8237,religion
8238,religion
8239,religion
8240,religion
8241,religion
8242,religion
8243,religion
8244,religion
8245,religion
8246,religion
8247,religion
8248,religion
8249,religion
8250,religion
8251,religion
8252,religion
8253,religion
8254,religion
8255,religion
8256,religion
8257,religion
8258,religion
8259,religion
8260,religion
8261,religion
8262,religion
8263,religion
8264,religion
8265,religion
8266,religion
8267,religion
8268,religion
8269,religion
8270,religion
8271,religion
8272,religion
8273,religion
8274,religion
8275,religion
8276,religion
8277,religion
8278,religion
8279,religion
8280,religion
8281,religion
8282,religion
8283,religion
8284,religion
8285,religion
8286,religion
8287,religion
8288,religion
8289,religion
8290,religion
8291,religion
8292,religion
8293,religion
8294,religion
8295,religion
8296,religion
8297,religion
8298,religion
8299,religion
8300,religion
8301,religion
8302,religion
8303,religion
8304,religion
8305,religion
8306,religion
8307,religion
8308,religion
8309,religion
8310,religion
8311,religion
8312,religion
8313,religion
8314,religion
8315,religion
8316,religion
8317,religion
8318,religion
8319,religion
8320,religion
8321,religion
8322,religion
8323,religion
8324,religion
8325,religion
8326,religion
8327,religion
8328,religion
8329,religion
8330,religion
8331,religion
8332,religion
8333,religion
8334,religion
8335,religion
8336,religion
8337,religion
8338,religion
8339,religion
8340,religion
8341,religion
8342,religion
8343,religion
8344,religion
8345,religion
8346,religion
8347,religion
8348,religion
8349,religion
8350,religion
8351,religion
8352,religion
8353,religion
8354,religion
8355,religion
8356,religion
8357,religion
8358,religion
8359,religion
8360,religion
8361,religion
8362,religion
8363,religion
8364,religion
8365,religion
8366,religion
8367,religion
8368,religion
8369,religion
8370,religion
8371,religion
8372,religion
8373,religion
8374,religion
8375,religion
8376,religion
8377,religion
8378,religion
8379,religion
8380,religion
8381,religion
8382,religion
8383,religion
8384,religion
8385,religion
8386,religion
8387,religion
8388,religion
8389,religion
8390,religion
8391,religion
8392,religion
8393,religion
8394,religion
8395,religion
8396,religion
8397,religion
8398,religion
8399,religion
8400,religion
8401,religion
8402,religion
8403,religion
8404,religion
8405,religion
8406,religion
8407,religion
8408,religion
8409,religion
8410,religion
8411,religion
8412,religion
8413,religion
8414,religion
8415,religion
8416,religion
8417,religion
8418,religion
8419,religion
8420,religion
8421,religion
8422,religion
8423,religion
8424,religion
8425,religion
8426,religion
8427,religion
8428,religion
8429,religion
8430,religion
8431,religion
8432,religion
8433,religion
8434,religion
8435,religion
8436,religion
8437,religion
8438,religion
8439,religion
8440,religion
8441,religion
8442,religion
8443,religion
8444,religion
8445,religion
8446,religion
8447,religion
8448,religion
8449,religion
8450,religion
8451,religion
8452,religion
8453,religion
8454,religion
8455,religion
8456,religion
8457,religion
8458,religion
8459,religion
8460,religion
8461,religion
8462,religion
8463,religion
8464,religion
8465,religion
8466,religion
8467,religion
8468,religion
8469,religion
8470,religion
8471,religion
8472,religion
8473,religion
8474,religion
8475,religion
8476,religion
8477,religion
8478,religion
8479,religion
8480,religion
8481,religion
8482,religion
8483,religion
8484,religion
8485,religion
8486,religion
8487,religion
8488,religion
8489,religion
8490,religion
8491,religion
8492,religion
8493,religion
8494,religion
8495,religion
8496,religion
8497,religion
8498,religion
8499,religion
8500,religion
8501,religion
8502,religion
8503,religion
8504,religion
8505,religion
8506,religion
8507,religion
8508,religion
8509,religion
8510,religion
8511,religion
8512,religion
8513,religion
8514,religion
8515,religion
8516,religion
8517,religion
8518,religion
8519,religion
8520,religion
8521,religion
8522,religion
8523,religion
8524,religion
8525,religion
8526,religion
8527,religion
8528,religion
8529,religion
8530,religion
8531,religion
8532,religion
8533,religion
8534,religion
8535,religion
8536,religion
8537,religion
8538,religion
8539,religion
8540,religion
8541,religion
8542,religion
8543,religion
8544,religion
8545,religion
8546,religion
8547,religion
8548,religion
8549,religion
8550,religion
8551,religion
8552,religion
8553,religion
8554,religion
8555,religion
8556,religion
8557,religion
8558,religion
8559,religion
8560,religion
8561,religion
8562,religion
8563,religion
8564,religion
8565,religion
8566,religion
8567,religion
8568,religion
8569,religion
8570,religion
8571,religion
8572,religion
8573,religion
8574,religion
8575,religion
8576,religion
8577,religion
8578,religion
8579,religion
8580,religion
8581,religion
8582,religion
8583,religion
8584,religion
8585,religion
8586,religion
8587,religion
8588,religion
8589,religion
8590,religion
8591,religion
8592,religion
8593,religion
8594,religion
8595,religion
8596,religion
8597,religion
8598,religion
8599,religion
8600,religion
8601,religion
8602,religion
8603,religion
8604,religion
8605,religion
8606,religion
8607,religion
8608,religion
8609,religion
8610,religion
8611,religion
8612,religion
8613,religion
8614,religion
8615,religion
8616,religion
8617,religion
8618,religion
8619,religion
8620,religion
8621,religion
8622,religion
8623,religion
8624,religion
8625,religion
8626,religion
8627,religion
8628,religion
8629,religion
8630,religion
8631,religion
8632,religion
8633,religion
8634,religion
8635,religion
8636,religion
8637,religion
8638,religion
8639,religion
8640,religion
8641,religion
8642,religion
8643,religion
8644,religion
8645,religion
8646,religion
8647,religion
8648,religion
8649,religion
8650,religion
8651,religion
8652,religion
8653,religion
8654,religion
8655,religion
8656,religion
8657,religion
8658,religion
8659,religion
8660,religion
8661,religion
8662,religion
8663,religion
8664,religion
8665,religion
8666,religion
8667,religion
8668,religion
8669,religion
8670,religion
8671,religion
8672,religion
8673,religion
8674,religion
8675,religion
8676,religion
8677,religion
8678,religion
8679,religion
8680,religion
8681,religion
8682,religion
8683,religion
8684,religion
8685,religion
8686,religion
8687,religion
8688,religion
8689,religion
8690,religion
8691,religion
8692,religion
8693,religion
8694,religion
8695,religion
8696,religion
8697,religion
8698,religion
8699,religion
8700,religion
8701,religion
8702,religion
8703,religion
8704,religion
8705,religion
8706,religion
8707,religion
8708,religion
8709,religion
8710,religion
8711,religion
8712,religion
8713,religion
8714,religion
8715,religion
8716,religion
8717,religion
8718,religion
8719,religion
8720,religion
8721,religion
8722,religion
8723,religion
8724,religion
8725,religion
8726,religion
8727,religion
8728,religion
8729,religion
8730,religion
8731,religion
8732,religion
8733,religion
8734,religion
8735,religion
8736,religion
8737,religion
8738,religion
8739,religion
8740,religion
8741,religion
8742,religion
8743,religion
8744,religion
8745,religion
8746,religion
8747,religion
8748,religion
8749,religion
8750,religion
8751,religion
8752,religion
8753,religion
8754,religion
8755,religion
8756,religion
8757,religion
8758,religion
8759,religion
8760,religion
8761,religion
8762,religion
8763,religion
8764,religion
8765,religion
8766,religion
8767,religion
8768,religion
8769,religion
8770,religion
8771,religion
8772,religion
8773,religion
8774,religion
8775,religion
8776,religion
8777,religion
8778,religion
8779,religion
8780,religion
8781,religion
8782,religion
8783,religion
8784,religion
8785,religion
8786,religion
8787,religion
8788,religion
8789,religion
8790,religion
8791,religion
8792,religion
8793,religion
8794,religion
8795,religion
8796,religion
8797,religion
8798,religion
8799,religion
8800,religion
8801,religion
8802,religion
8803,religion
8804,religion
8805,religion
8806,religion
8807,religion
8808,religion
8809,religion
8810,religion
8811,religion
8812,religion
8813,religion
8814,religion
8815,religion
8816,religion
8817,religion
8818,religion
8819,religion
8820,religion
8821,religion
8822,religion
8823,religion
8824,religion
8825,religion
8826,religion
8827,religion
8828,religion
8829,religion
8830,religion
8831,religion
8832,religion
8833,religion
8834,religion
8835,religion
8836,religion
8837,religion
8838,religion
8839,religion
8840,religion
8841,religion
8842,religion
8843,religion
8844,religion
8845,religion
8846,religion
8847,religion
8848,religion
8849,religion
8850,religion
8851,religion
8852,religion
8853,religion
8854,religion
8855,religion
8856,religion
8857,religion
8858,religion
8859,religion
8860,religion
8861,religion
8862,religion
8863,religion
8864,religion
8865,religion
8866,religion
8867,religion
8868,religion
8869,religion
8870,religion
8871,religion
8872,religion
8873,religion
8874,religion
8875,religion
8876,religion
8877,religion
8878,religion
8879,religion
8880,religion
8881,religion
8882,religion
8883,religion
8884,religion
8885,religion
8886,religion
8887,religion
8888,religion
8889,religion
8890,religion
8891,religion
8892,religion
8893,religion
8894,religion
8895,religion
8896,religion
8897,religion
8898,religion
8899,religion
8900,religion
8901,religion
8902,religion
8903,religion
8904,religion
8905,religion
8906,religion
8907,religion
8908,religion
8909,religion
8910,religion
8911,religion
8912,religion
8913,religion
8914,religion
8915,religion
8916,religion
8917,religion
8918,religion
8919,religion
8920,religion
8921,religion
8922,religion
8923,religion
8924,religion
8925,religion
8926,religion
8927,religion
8928,religion
8929,religion
8930,religion
8931,religion
8932,religion
8933,religion
8934,religion
8935,religion
8936,religion
8937,religion
8938,religion
8939,religion
8940,religion
8941,religion
8942,religion
8943,religion
8944,religion
8945,religion
8946,religion
8947,religion
8948,religion
8949,religion
8950,religion
8951,religion
8952,religion
8953,religion
8954,religion
8955,religion
8956,religion
8957,religion
8958,religion
8959,religion
8960,religion
8961,religion
8962,religion
8963,religion
8964,religion
8965,religion
8966,religion
8967,religion
8968,religion
8969,religion
8970,religion
8971,religion
8972,religion
8973,religion
8974,religion
8975,religion
8976,religion
8977,religion
8978,religion
8979,religion
8980,religion
8981,religion
8982,religion
8983,religion
8984,religion
8985,religion
8986,religion
8987,religion
8988,religion
8989,religion
8990,religion
8991,religion
8992,religion
8993,religion
8994,religion
8995,religion
8996,religion
8997,religion
8998,religion
8999,religion
9000,religion
9001,religion
9002,religion
9003,religion
9004,religion
9005,religion
9006,religion
9007,religion
9008,religion
9009,religion
9010,religion
9011,religion
9012,religion
9013,religion
9014,religion
9015,religion
9016,religion
9017,religion
9018,religion
9019,religion
9020,religion
9021,religion
9022,religion
9023,religion
9024,religion
9025,religion
9026,religion
9027,religion
9028,religion
9029,religion
9030,religion
9031,religion
9032,religion
9033,religion
9034,religion
9035,religion
9036,religion
9037,religion
9038,religion
9039,religion
9040,religion
9041,religion
9042,religion
9043,religion
9044,religion
9045,religion
9046,religion
9047,religion
9048,religion
9049,religion
9050,religion
9051,religion
9052,religion
9053,religion
9054,religion
9055,religion
9056,religion
9057,religion
9058,religion
9059,religion
9060,religion
9061,religion
9062,religion
9063,religion
9064,religion
9065,religion
9066,religion
9067,religion
9068,religion
9069,religion
9070,religion
9071,religion
9072,religion
9073,religion
9074,religion
9075,religion
9076,religion
9077,religion
9078,religion
9079,religion
9080,religion
9081,religion
9082,religion
9083,religion
9084,religion
9085,religion
9086,religion
9087,religion
9088,religion
9089,religion
9090,religion
9091,religion
9092,religion
9093,religion
9094,religion
9095,religion
9096,religion
9097,religion
9098,religion
9099,religion
9100,religion
9101,religion
9102,religion
9103,religion
9104,religion
9105,religion
9106,religion
9107,religion
9108,religion
9109,religion
9110,religion
9111,religion
9112,religion
9113,religion
9114,religion
9115,religion
9116,religion
9117,religion
9118,religion
9119,religion
9120,religion
9121,religion
9122,religion
9123,religion
9124,religion
9125,religion
9126,religion
9127,religion
9128,religion
9129,religion
9130,religion
9131,religion
9132,religion
9133,religion
9134,religion
9135,religion
9136,religion
9137,religion
9138,religion
9139,religion
9140,religion
9141,religion
9142,religion
9143,religion
9144,religion
9145,religion
9146,religion
9147,religion
9148,religion
9149,religion
9150,religion
9151,religion
9152,religion
9153,religion
9154,religion
9155,religion
9156,religion
9157,religion
9158,religion
9159,religion
9160,religion
9161,religion
9162,religion
9163,religion
9164,religion
9165,religion
9166,religion
9167,religion
9168,religion
9169,religion
9170,religion
9171,religion
9172,religion
9173,religion
9174,religion
9175,religion
9176,religion
9177,religion
9178,religion
9179,religion
9180,religion
9181,religion
9182,religion
9183,religion
9184,religion
9185,religion
9186,religion
9187,religion
9188,religion
9189,religion
9190,religion
9191,religion
9192,religion
9193,religion
9194,religion
9195,religion
9196,religion
9197,religion
9198,religion
9199,religion
9200,religion
9201,religion
9202,religion
9203,religion
9204,religion
9205,religion
9206,religion
9207,religion
9208,religion
9209,religion
9210,religion
9211,religion
9212,religion
9213,religion
9214,religion
9215,religion
9216,religion
9217,religion
9218,religion
9219,religion
9220,religion
9221,religion
9222,religion
9223,religion
9224,religion
9225,religion
9226,religion
9227,religion
9228,religion
9229,religion
9230,religion
9231,religion
9232,religion
9233,religion
9234,religion
9235,religion
9236,religion
9237,religion
9238,religion
9239,religion
9240,religion
9241,religion
9242,religion
9243,religion
9244,religion
9245,religion
9246,religion
9247,religion
9248,religion
9249,religion
9250,religion
9251,religion
9252,religion
9253,religion
9254,religion
9255,religion
9256,religion
9257,religion
9258,religion
9259,religion
9260,religion
9261,religion
9262,religion
9263,religion
9264,religion
9265,religion
9266,religion
9267,religion
9268,religion
9269,religion
9270,religion
9271,religion
9272,religion
9273,religion
9274,religion
9275,religion
9276,religion
9277,religion
9278,religion
9279,religion
9280,religion
9281,religion
9282,religion
9283,religion
9284,religion
9285,religion
9286,religion
9287,religion
9288,religion
9289,religion
9290,religion
9291,religion
9292,religion
9293,religion
9294,religion
9295,religion
9296,religion
9297,religion
9298,religion
9299,religion
9300,religion
9301,religion
9302,religion
9303,religion
9304,religion
9305,religion
9306,religion
9307,religion
9308,religion
9309,religion
9310,religion
9311,religion
9312,religion
9313,religion
9314,religion
9315,religion
9316,religion
9317,religion
9318,religion
9319,religion
9320,religion
9321,religion
9322,religion
9323,religion
9324,religion
9325,religion
9326,religion
9327,religion
9328,religion
9329,religion
9330,religion
9331,religion
9332,religion
9333,religion
9334,religion
9335,religion
9336,religion
9337,religion
9338,religion
9339,religion
9340,religion
9341,religion
9342,religion
9343,religion
9344,religion
9345,religion
9346,religion
9347,religion
9348,religion
9349,religion
9350,religion
9351,religion
9352,religion
9353,religion
9354,religion
9355,religion
9356,religion
9357,religion
9358,religion
9359,religion
9360,religion
9361,religion
9362,religion
9363,religion
9364,religion
9365,religion
9366,religion
9367,religion
9368,religion
9369,religion
9370,religion
9371,religion
9372,religion
9373,religion
9374,religion
9375,religion
9376,religion
9377,religion
9378,religion
9379,religion
9380,religion
9381,religion
9382,religion
9383,religion
9384,religion
9385,religion
9386,religion
9387,religion
9388,religion
9389,religion
9390,religion
9391,religion
9392,religion
9393,religion
9394,religion
9395,religion
9396,religion
9397,religion
9398,religion
9399,religion
9400,religion
9401,religion
9402,religion
9403,religion
9404,religion
9405,religion
9406,religion
9407,religion
9408,religion
9409,religion
9410,religion
9411,religion
9412,religion
9413,religion
9414,religion
9415,religion
9416,religion
9417,religion
9418,religion
9419,religion
9420,religion
9421,religion
9422,religion
9423,religion
9424,religion
9425,religion
9426,religion
9427,religion
9428,religion
9429,religion
9430,religion
9431,other_cyberbullying
9432,other_cyberbullying
9433,other_cyberbullying
9434,other_cyberbullying
9435,other_cyberbullying
9436,other_cyberbullying
9437,other_cyberbullying
9438,other_cyberbullying
9439,other_cyberbullying
9440,other_cyberbullying
9441,other_cyberbullying
9442,other_cyberbullying
9443,other_cyberbullying
9444,other_cyberbullying
9445,other_cyberbullying
9446,other_cyberbullying
9447,other_cyberbullying
9448,other_cyberbullying
9449,other_cyberbullying
9450,other_cyberbullying
9451,other_cyberbullying
9452,other_cyberbullying
9453,other_cyberbullying
9454,other_cyberbullying
9455,other_cyberbullying
9456,other_cyberbullying
9457,other_cyberbullying
9458,other_cyberbullying
9459,other_cyberbullying
9460,other_cyberbullying
9461,other_cyberbullying
9462,other_cyberbullying
9463,other_cyberbullying
9464,other_cyberbullying
9465,other_cyberbullying
9466,other_cyberbullying
9467,other_cyberbullying
9468,other_cyberbullying
9469,other_cyberbullying
9470,other_cyberbullying
9471,other_cyberbullying
9472,other_cyberbullying
9473,other_cyberbullying
9474,other_cyberbullying
9475,other_cyberbullying
9476,other_cyberbullying
9477,other_cyberbullying
9478,other_cyberbullying
9479,other_cyberbullying
9480,other_cyberbullying
9481,other_cyberbullying
9482,other_cyberbullying
9483,other_cyberbullying
9484,other_cyberbullying
9485,other_cyberbullying
9486,other_cyberbullying
9487,other_cyberbullying
9488,other_cyberbullying
9489,other_cyberbullying
9490,other_cyberbullying
9491,other_cyberbullying
9492,other_cyberbullying
9493,other_cyberbullying
9494,other_cyberbullying
9495,other_cyberbullying
9496,other_cyberbullying
9497,other_cyberbullying
9498,other_cyberbullying
9499,other_cyberbullying
9500,other_cyberbullying
9501,other_cyberbullying
9502,other_cyberbullying
9503,other_cyberbullying
9504,other_cyberbullying
9505,other_cyberbullying
9506,other_cyberbullying
9507,other_cyberbullying
9508,other_cyberbullying
9509,other_cyberbullying
9510,other_cyberbullying
9511,other_cyberbullying
9512,other_cyberbullying
9513,other_cyberbullying
9514,other_cyberbullying
9515,other_cyberbullying
9516,other_cyberbullying
9517,other_cyberbullying
9518,other_cyberbullying
9519,other_cyberbullying
9520,other_cyberbullying
9521,other_cyberbullying
9522,other_cyberbullying
9523,other_cyberbullying
9524,other_cyberbullying
9525,other_cyberbullying
9526,other_cyberbullying
9527,other_cyberbullying
9528,other_cyberbullying
9529,other_cyberbullying
9530,other_cyberbullying
9531,other_cyberbullying
9532,other_cyberbullying
9533,other_cyberbullying
9534,other_cyberbullying
9535,other_cyberbullying
9536,other_cyberbullying
9537,other_cyberbullying
9538,other_cyberbullying
9539,other_cyberbullying
9540,other_cyberbullying
9541,other_cyberbullying
9542,other_cyberbullying
9543,other_cyberbullying
9544,other_cyberbullying
9545,other_cyberbullying
9546,other_cyberbullying
9547,other_cyberbullying
9548,other_cyberbullying
9549,other_cyberbullying
9550,other_cyberbullying
9551,other_cyberbullying
9552,other_cyberbullying
9553,other_cyberbullying
9554,other_cyberbullying
9555,other_cyberbullying
9556,other_cyberbullying
9557,other_cyberbullying
9558,other_cyberbullying
9559,other_cyberbullying
9560,other_cyberbullying
9561,other_cyberbullying
9562,other_cyberbullying
9563,other_cyberbullying
9564,other_cyberbullying
9565,other_cyberbullying
9566,other_cyberbullying
9567,other_cyberbullying
9568,other_cyberbullying
9569,other_cyberbullying
9570,other_cyberbullying
9571,other_cyberbullying
9572,other_cyberbullying
9573,other_cyberbullying
9574,other_cyberbullying
9575,other_cyberbullying
9576,other_cyberbullying
9577,other_cyberbullying
9578,other_cyberbullying
9579,other_cyberbullying
9580,other_cyberbullying
9581,other_cyberbullying
9582,other_cyberbullying
9583,other_cyberbullying
9584,other_cyberbullying
9585,other_cyberbullying
9586,other_cyberbullying
9587,other_cyberbullying
9588,other_cyberbullying
9589,other_cyberbullying
9590,other_cyberbullying
9591,other_cyberbullying
9592,other_cyberbullying
9593,other_cyberbullying
9594,other_cyberbullying
9595,other_cyberbullying
9596,other_cyberbullying
9597,other_cyberbullying
9598,other_cyberbullying
9599,other_cyberbullying
9600,other_cyberbullying
9601,other_cyberbullying
9602,other_cyberbullying
9603,other_cyberbullying
9604,other_cyberbullying
9605,other_cyberbullying
9606,other_cyberbullying
9607,other_cyberbullying
9608,other_cyberbullying
9609,other_cyberbullying
9610,other_cyberbullying
9611,other_cyberbullying
9612,other_cyberbullying
9613,other_cyberbullying
9614,other_cyberbullying
9615,other_cyberbullying
9616,other_cyberbullying
9617,other_cyberbullying
9618,other_cyberbullying
9619,other_cyberbullying
9620,other_cyberbullying
9621,other_cyberbullying
9622,other_cyberbullying
9623,other_cyberbullying
9624,other_cyberbullying
9625,other_cyberbullying
9626,other_cyberbullying
9627,other_cyberbullying
9628,other_cyberbullying
9629,other_cyberbullying
9630,other_cyberbullying
9631,other_cyberbullying
9632,other_cyberbullying
9633,other_cyberbullying
9634,other_cyberbullying
9635,other_cyberbullying
9636,other_cyberbullying
9637,other_cyberbullying
9638,other_cyberbullying
9639,other_cyberbullying
9640,other_cyberbullying
9641,other_cyberbullying
9642,other_cyberbullying
9643,other_cyberbullying
9644,other_cyberbullying
9645,other_cyberbullying
9646,other_cyberbullying
9647,other_cyberbullying
9648,other_cyberbullying
9649,other_cyberbullying
9650,other_cyberbullying
9651,other_cyberbullying
9652,other_cyberbullying
9653,other_cyberbullying
9654,other_cyberbullying
9655,other_cyberbullying
9656,other_cyberbullying
9657,other_cyberbullying
9658,other_cyberbullying
9659,other_cyberbullying
9660,other_cyberbullying
9661,other_cyberbullying
9662,other_cyberbullying
9663,other_cyberbullying
9664,other_cyberbullying
9665,other_cyberbullying
9666,other_cyberbullying
9667,other_cyberbullying
9668,other_cyberbullying
9669,other_cyberbullying
9670,other_cyberbullying
9671,other_cyberbullying
9672,other_cyberbullying
9673,other_cyberbullying
9674,other_cyberbullying
9675,other_cyberbullying
9676,other_cyberbullying
9677,other_cyberbullying
9678,other_cyberbullying
9679,other_cyberbullying
9680,other_cyberbullying
9681,other_cyberbullying
9682,other_cyberbullying
9683,other_cyberbullying
9684,other_cyberbullying
9685,other_cyberbullying
9686,other_cyberbullying
9687,other_cyberbullying
9688,other_cyberbullying
9689,other_cyberbullying
9690,other_cyberbullying
9691,other_cyberbullying
9692,other_cyberbullying
9693,other_cyberbullying
9694,other_cyberbullying
9695,other_cyberbullying
9696,other_cyberbullying
9697,other_cyberbullying
9698,other_cyberbullying
9699,other_cyberbullying
9700,other_cyberbullying
9701,other_cyberbullying
9702,other_cyberbullying
9703,other_cyberbullying
9704,other_cyberbullying
9705,other_cyberbullying
9706,other_cyberbullying
9707,other_cyberbullying
9708,other_cyberbullying
9709,other_cyberbullying
9710,other_cyberbullying
9711,other_cyberbullying
9712,other_cyberbullying
9713,other_cyberbullying
9714,other_cyberbullying
9715,other_cyberbullying
9716,other_cyberbullying
9717,other_cyberbullying
9718,other_cyberbullying
9719,other_cyberbullying
9720,other_cyberbullying
9721,other_cyberbullying
9722,other_cyberbullying
9723,other_cyberbullying
9724,other_cyberbullying
9725,other_cyberbullying
9726,other_cyberbullying
9727,other_cyberbullying
9728,other_cyberbullying
9729,other_cyberbullying
9730,other_cyberbullying
9731,other_cyberbullying
9732,other_cyberbullying
9733,other_cyberbullying
9734,other_cyberbullying
9735,other_cyberbullying
9736,other_cyberbullying
9737,other_cyberbullying
9738,other_cyberbullying
9739,other_cyberbullying
9740,other_cyberbullying
9741,other_cyberbullying
9742,other_cyberbullying
9743,other_cyberbullying
9744,other_cyberbullying
9745,other_cyberbullying
9746,other_cyberbullying
9747,other_cyberbullying
9748,other_cyberbullying
9749,other_cyberbullying
9750,other_cyberbullying
9751,other_cyberbullying
9752,other_cyberbullying
9753,other_cyberbullying
9754,other_cyberbullying
9755,other_cyberbullying
9756,other_cyberbullying
9757,other_cyberbullying
9758,other_cyberbullying
9759,other_cyberbullying
9760,other_cyberbullying
9761,other_cyberbullying
9762,other_cyberbullying
9763,other_cyberbullying
9764,other_cyberbullying
9765,other_cyberbullying
9766,other_cyberbullying
9767,other_cyberbullying
9768,other_cyberbullying
9769,other_cyberbullying
9770,other_cyberbullying
9771,other_cyberbullying
9772,other_cyberbullying
9773,other_cyberbullying
9774,other_cyberbullying
9775,other_cyberbullying
9776,other_cyberbullying
9777,other_cyberbullying
9778,other_cyberbullying
9779,other_cyberbullying
9780,other_cyberbullying
9781,other_cyberbullying
9782,other_cyberbullying
9783,other_cyberbullying
9784,other_cyberbullying
9785,other_cyberbullying
9786,other_cyberbullying
9787,other_cyberbullying
9788,other_cyberbullying
9789,other_cyberbullying
9790,other_cyberbullying
9791,other_cyberbullying
9792,other_cyberbullying
9793,other_cyberbullying
9794,other_cyberbullying
9795,other_cyberbullying
9796,other_cyberbullying
9797,other_cyberbullying
9798,other_cyberbullying
9799,other_cyberbullying
9800,other_cyberbullying
9801,other_cyberbullying
9802,other_cyberbullying
9803,other_cyberbullying
9804,other_cyberbullying
9805,other_cyberbullying
9806,other_cyberbullying
9807,other_cyberbullying
9808,other_cyberbullying
9809,other_cyberbullying
9810,other_cyberbullying
9811,other_cyberbullying
9812,other_cyberbullying
9813,other_cyberbullying
9814,other_cyberbullying
9815,other_cyberbullying
9816,other_cyberbullying
9817,other_cyberbullying
9818,other_cyberbullying
9819,other_cyberbullying
9820,other_cyberbullying
9821,other_cyberbullying
9822,other_cyberbullying
9823,other_cyberbullying
9824,other_cyberbullying
9825,other_cyberbullying
9826,other_cyberbullying
9827,other_cyberbullying
9828,other_cyberbullying
9829,other_cyberbullying
9830,other_cyberbullying
9831,other_cyberbullying
9832,other_cyberbullying
9833,other_cyberbullying
9834,other_cyberbullying
9835,other_cyberbullying
9836,other_cyberbullying
9837,other_cyberbullying
9838,other_cyberbullying
9839,other_cyberbullying
9840,other_cyberbullying
9841,other_cyberbullying
9842,other_cyberbullying
9843,other_cyberbullying
9844,other_cyberbullying
9845,other_cyberbullying
9846,other_cyberbullying
9847,other_cyberbullying
9848,other_cyberbullying
9849,other_cyberbullying
9850,other_cyberbullying
9851,other_cyberbullying
9852,other_cyberbullying
9853,other_cyberbullying
9854,other_cyberbullying
9855,other_cyberbullying
9856,other_cyberbullying
9857,other_cyberbullying
9858,other_cyberbullying
9859,other_cyberbullying
9860,other_cyberbullying
9861,other_cyberbullying
9862,other_cyberbullying
9863,other_cyberbullying
9864,other_cyberbullying
9865,other_cyberbullying
9866,other_cyberbullying
9867,other_cyberbullying
9868,other_cyberbullying
9869,other_cyberbullying
9870,other_cyberbullying
9871,other_cyberbullying
9872,other_cyberbullying
9873,other_cyberbullying
9874,other_cyberbullying
9875,other_cyberbullying
9876,other_cyberbullying
9877,other_cyberbullying
9878,other_cyberbullying
9879,other_cyberbullying
9880,other_cyberbullying
9881,other_cyberbullying
9882,other_cyberbullying
9883,other_cyberbullying
9884,other_cyberbullying
9885,other_cyberbullying
9886,other_cyberbullying
9887,other_cyberbullying
9888,other_cyberbullying
9889,other_cyberbullying
9890,other_cyberbullying
9891,other_cyberbullying
9892,other_cyberbullying
9893,other_cyberbullying
9894,other_cyberbullying
9895,other_cyberbullying
9896,other_cyberbullying
9897,other_cyberbullying
9898,other_cyberbullying
9899,other_cyberbullying
9900,other_cyberbullying
9901,other_cyberbullying
9902,other_cyberbullying
9903,other_cyberbullying
9904,other_cyberbullying
9905,other_cyberbullying
9906,other_cyberbullying
9907,other_cyberbullying
9908,other_cyberbullying
9909,other_cyberbullying
9910,other_cyberbullying
9911,other_cyberbullying
9912,other_cyberbullying
9913,other_cyberbullying
9914,other_cyberbullying
9915,other_cyberbullying
9916,other_cyberbullying
9917,other_cyberbullying
9918,other_cyberbullying
9919,other_cyberbullying
9920,other_cyberbullying
9921,other_cyberbullying
9922,other_cyberbullying
9923,other_cyberbullying
9924,other_cyberbullying
9925,other_cyberbullying
9926,other_cyberbullying
9927,other_cyberbullying
9928,other_cyberbullying
9929,other_cyberbullying
9930,other_cyberbullying
9931,other_cyberbullying
9932,other_cyberbullying
9933,other_cyberbullying
9934,other_cyberbullying
9935,other_cyberbullying
9936,other_cyberbullying
9937,other_cyberbullying
9938,other_cyberbullying
9939,other_cyberbullying
9940,other_cyberbullying
9941,other_cyberbullying
9942,other_cyberbullying
9943,other_cyberbullying
9944,other_cyberbullying
9945,other_cyberbullying
9946,other_cyberbullying
9947,other_cyberbullying
9948,other_cyberbullying
9949,other_cyberbullying
9950,other_cyberbullying
9951,other_cyberbullying
9952,other_cyberbullying
9953,other_cyberbullying
9954,other_cyberbullying
9955,other_cyberbullying
9956,other_cyberbullying
9957,other_cyberbullying
9958,other_cyberbullying
9959,other_cyberbullying
9960,other_cyberbullying
9961,other_cyberbullying
9962,other_cyberbullying
9963,other_cyberbullying
9964,other_cyberbullying
9965,other_cyberbullying
9966,other_cyberbullying
9967,other_cyberbullying
9968,other_cyberbullying
9969,other_cyberbullying
9970,other_cyberbullying
9971,other_cyberbullying
9972,other_cyberbullying
9973,other_cyberbullying
9974,other_cyberbullying
9975,other_cyberbullying
9976,other_cyberbullying
9977,other_cyberbullying
9978,other_cyberbullying
9979,other_cyberbullying
9980,other_cyberbullying
9981,other_cyberbullying
9982,other_cyberbullying
9983,other_cyberbullying
9984,other_cyberbullying
9985,other_cyberbullying
9986,other_cyberbullying
9987,other_cyberbullying
9988,other_cyberbullying
9989,other_cyberbullying
9990,other_cyberbullying
9991,other_cyberbullying
9992,other_cyberbullying
9993,other_cyberbullying
9994,other_cyberbullying
9995,other_cyberbullying
9996,other_cyberbullying
9997,other_cyberbullying
9998,other_cyberbullying
9999,other_cyberbullying
10000,other_cyberbullying
10001,other_cyberbullying
10002,other_cyberbullying
10003,other_cyberbullying
10004,other_cyberbullying
10005,other_cyberbullying
10006,other_cyberbullying
10007,other_cyberbullying
10008,other_cyberbullying
10009,other_cyberbullying
10010,other_cyberbullying
10011,other_cyberbullying
10012,other_cyberbullying
10013,other_cyberbullying
10014,other_cyberbullying
10015,other_cyberbullying
10016,other_cyberbullying
10017,other_cyberbullying
10018,other_cyberbullying
10019,other_cyberbullying
10020,other_cyberbullying
10021,other_cyberbullying
10022,other_cyberbullying
10023,other_cyberbullying
10024,other_cyberbullying
10025,other_cyberbullying
10026,other_cyberbullying
10027,other_cyberbullying
10028,other_cyberbullying
10029,other_cyberbullying
10030,other_cyberbullying
10031,other_cyberbullying
10032,other_cyberbullying
10033,other_cyberbullying
10034,other_cyberbullying
10035,other_cyberbullying
10036,other_cyberbullying
10037,other_cyberbullying
10038,other_cyberbullying
10039,other_cyberbullying
10040,other_cyberbullying
10041,other_cyberbullying
10042,other_cyberbullying
10043,other_cyberbullying
10044,other_cyberbullying
10045,other_cyberbullying
10046,other_cyberbullying
10047,other_cyberbullying
10048,other_cyberbullying
10049,other_cyberbullying
10050,other_cyberbullying
10051,other_cyberbullying
10052,other_cyberbullying
10053,other_cyberbullying
10054,other_cyberbullying
10055,other_cyberbullying
10056,other_cyberbullying
10057,other_cyberbullying
10058,other_cyberbullying
10059,other_cyberbullying
10060,other_cyberbullying
10061,other_cyberbullying
10062,other_cyberbullying
10063,other_cyberbullying
10064,other_cyberbullying
10065,other_cyberbullying
10066,other_cyberbullying
10067,other_cyberbullying
10068,other_cyberbullying
10069,other_cyberbullying
10070,other_cyberbullying
10071,other_cyberbullying
10072,other_cyberbullying
10073,other_cyberbullying
10074,other_cyberbullying
10075,other_cyberbullying
10076,other_cyberbullying
10077,other_cyberbullying
10078,other_cyberbullying
10079,other_cyberbullying
10080,other_cyberbullying
10081,other_cyberbullying
10082,other_cyberbullying
10083,other_cyberbullying
10084,other_cyberbullying
10085,other_cyberbullying
10086,other_cyberbullying
10087,other_cyberbullying
10088,other_cyberbullying
10089,other_cyberbullying
10090,other_cyberbullying
10091,other_cyberbullying
10092,other_cyberbullying
10093,other_cyberbullying
10094,other_cyberbullying
10095,other_cyberbullying
10096,other_cyberbullying
10097,other_cyberbullying
10098,other_cyberbullying
10099,other_cyberbullying
10100,other_cyberbullying
10101,other_cyberbullying
10102,other_cyberbullying
10103,other_cyberbullying
10104,other_cyberbullying
10105,other_cyberbullying
10106,other_cyberbullying
10107,other_cyberbullying
10108,other_cyberbullying
10109,other_cyberbullying
10110,other_cyberbullying
10111,other_cyberbullying
10112,other_cyberbullying
10113,other_cyberbullying
10114,other_cyberbullying
10115,other_cyberbullying
10116,other_cyberbullying
10117,other_cyberbullying
10118,other_cyberbullying
10119,other_cyberbullying
10120,other_cyberbullying
10121,other_cyberbullying
10122,other_cyberbullying
10123,other_cyberbullying
10124,other_cyberbullying
10125,other_cyberbullying
10126,other_cyberbullying
10127,other_cyberbullying
10128,other_cyberbullying
10129,other_cyberbullying
10130,other_cyberbullying
10131,other_cyberbullying
10132,other_cyberbullying
10133,other_cyberbullying
10134,other_cyberbullying
10135,other_cyberbullying
10136,other_cyberbullying
10137,other_cyberbullying
10138,other_cyberbullying
10139,other_cyberbullying
10140,other_cyberbullying
10141,other_cyberbullying
10142,other_cyberbullying
10143,other_cyberbullying
10144,other_cyberbullying
10145,other_cyberbullying
10146,other_cyberbullying
10147,other_cyberbullying
10148,other_cyberbullying
10149,other_cyberbullying
10150,other_cyberbullying
10151,other_cyberbullying
10152,other_cyberbullying
10153,other_cyberbullying
10154,other_cyberbullying
10155,other_cyberbullying
10156,other_cyberbullying
10157,other_cyberbullying
10158,other_cyberbullying
10159,other_cyberbullying
10160,other_cyberbullying
10161,other_cyberbullying
10162,other_cyberbullying
10163,other_cyberbullying
10164,other_cyberbullying
10165,other_cyberbullying
10166,other_cyberbullying
10167,other_cyberbullying
10168,other_cyberbullying
10169,other_cyberbullying
10170,other_cyberbullying
10171,other_cyberbullying
10172,other_cyberbullying
10173,other_cyberbullying
10174,other_cyberbullying
10175,other_cyberbullying
10176,other_cyberbullying
10177,other_cyberbullying
10178,other_cyberbullying
10179,other_cyberbullying
10180,other_cyberbullying
10181,other_cyberbullying
10182,other_cyberbullying
10183,other_cyberbullying
10184,other_cyberbullying
10185,other_cyberbullying
10186,other_cyberbullying
10187,other_cyberbullying
10188,other_cyberbullying
10189,other_cyberbullying
10190,other_cyberbullying
10191,other_cyberbullying
10192,other_cyberbullying
10193,other_cyberbullying
10194,other_cyberbullying
10195,other_cyberbullying
10196,other_cyberbullying
10197,other_cyberbullying
10198,other_cyberbullying
10199,other_cyberbullying
10200,other_cyberbullying
10201,other_cyberbullying
10202,other_cyberbullying
10203,other_cyberbullying
10204,other_cyberbullying
10205,other_cyberbullying
10206,other_cyberbullying
10207,other_cyberbullying
10208,other_cyberbullying
10209,other_cyberbullying
10210,other_cyberbullying
10211,other_cyberbullying
10212,other_cyberbullying
10213,other_cyberbullying
10214,other_cyberbullying
10215,other_cyberbullying
10216,other_cyberbullying
10217,other_cyberbullying
10218,other_cyberbullying
10219,other_cyberbullying
10220,other_cyberbullying
10221,other_cyberbullying
10222,other_cyberbullying
10223,other_cyberbullying
10224,other_cyberbullying
10225,other_cyberbullying
10226,other_cyberbullying
10227,other_cyberbullying
10228,other_cyberbullying
10229,other_cyberbullying
10230,other_cyberbullying
10231,other_cyberbullying
10232,other_cyberbullying
10233,other_cyberbullying
10234,other_cyberbullying
10235,other_cyberbullying
10236,other_cyberbullying
10237,other_cyberbullying
10238,other_cyberbullying
10240,other_cyberbullying
10241,other_cyberbullying
10242,other_cyberbullying
10243,other_cyberbullying
10244,other_cyberbullying
10245,other_cyberbullying
10246,other_cyberbullying
10247,other_cyberbullying
10248,other_cyberbullying
10249,other_cyberbullying
10250,other_cyberbullying
10251,other_cyberbullying
10252,other_cyberbullying
10253,other_cyberbullying
10254,other_cyberbullying
10255,other_cyberbullying
10256,other_cyberbullying
10257,other_cyberbullying
10258,other_cyberbullying
10259,other_cyberbullying
10260,other_cyberbullying
10261,other_cyberbullying
10262,other_cyberbullying
10263,other_cyberbullying
10264,other_cyberbullying
10265,other_cyberbullying
10266,other_cyberbullying
10267,other_cyberbullying
10268,other_cyberbullying
10269,other_cyberbullying
10270,other_cyberbullying
10271,other_cyberbullying
10272,other_cyberbullying
10273,other_cyberbullying
10274,other_cyberbullying
10275,other_cyberbullying
10276,other_cyberbullying
10277,other_cyberbullying
10278,other_cyberbullying
10279,other_cyberbullying
10280,other_cyberbullying
10281,other_cyberbullying
10282,other_cyberbullying
10283,other_cyberbullying
10284,other_cyberbullying
10285,other_cyberbullying
10286,other_cyberbullying
10287,other_cyberbullying
10288,other_cyberbullying
10289,other_cyberbullying
10290,other_cyberbullying
10291,other_cyberbullying
10292,other_cyberbullying
10293,other_cyberbullying
10294,other_cyberbullying
10295,other_cyberbullying
10296,other_cyberbullying
10297,other_cyberbullying
10298,other_cyberbullying
10299,other_cyberbullying
10300,other_cyberbullying
10301,other_cyberbullying
10302,other_cyberbullying
10303,other_cyberbullying
10304,other_cyberbullying
10305,other_cyberbullying
10306,other_cyberbullying
10307,other_cyberbullying
10308,other_cyberbullying
10309,other_cyberbullying
10310,other_cyberbullying
10311,other_cyberbullying
10312,other_cyberbullying
10313,other_cyberbullying
10314,other_cyberbullying
10315,other_cyberbullying
10316,other_cyberbullying
10317,other_cyberbullying
10318,other_cyberbullying
10319,other_cyberbullying
10320,other_cyberbullying
10321,other_cyberbullying
10322,other_cyberbullying
10323,other_cyberbullying
10324,other_cyberbullying
10325,other_cyberbullying
10326,other_cyberbullying
10327,other_cyberbullying
10328,other_cyberbullying
10329,other_cyberbullying
10330,other_cyberbullying
10331,other_cyberbullying
10332,other_cyberbullying
10333,other_cyberbullying
10334,other_cyberbullying
10335,other_cyberbullying
10336,other_cyberbullying
10337,other_cyberbullying
10338,other_cyberbullying
10339,other_cyberbullying
10340,other_cyberbullying
10341,other_cyberbullying
10342,other_cyberbullying
10343,other_cyberbullying
10344,other_cyberbullying
10345,other_cyberbullying
10346,other_cyberbullying
10347,other_cyberbullying
10348,other_cyberbullying
10349,other_cyberbullying
10350,other_cyberbullying
10351,other_cyberbullying
10352,other_cyberbullying
10353,other_cyberbullying
10354,other_cyberbullying
10355,other_cyberbullying
10356,other_cyberbullying
10357,other_cyberbullying
10358,other_cyberbullying
10359,other_cyberbullying
10360,other_cyberbullying
10361,other_cyberbullying
10362,other_cyberbullying
10363,other_cyberbullying
10364,other_cyberbullying
10365,other_cyberbullying
10366,other_cyberbullying
10367,other_cyberbullying
10368,other_cyberbullying
10369,other_cyberbullying
10370,other_cyberbullying
10371,other_cyberbullying
10372,other_cyberbullying
10373,other_cyberbullying
10374,other_cyberbullying
10375,other_cyberbullying
10376,other_cyberbullying
10377,other_cyberbullying
10378,other_cyberbullying
10379,other_cyberbullying
10380,other_cyberbullying
10381,other_cyberbullying
10382,other_cyberbullying
10383,other_cyberbullying
10384,other_cyberbullying
10385,other_cyberbullying
10386,other_cyberbullying
10387,other_cyberbullying
10388,other_cyberbullying
10389,other_cyberbullying
10390,other_cyberbullying
10391,other_cyberbullying
10392,other_cyberbullying
10393,other_cyberbullying
10394,other_cyberbullying
10395,other_cyberbullying
10396,other_cyberbullying
10397,other_cyberbullying
10398,other_cyberbullying
10399,other_cyberbullying
10400,other_cyberbullying
10401,other_cyberbullying
10402,other_cyberbullying
10403,other_cyberbullying
10404,other_cyberbullying
10405,other_cyberbullying
10406,other_cyberbullying
10407,other_cyberbullying
10408,other_cyberbullying
10409,other_cyberbullying
10410,other_cyberbullying
10411,other_cyberbullying
10412,other_cyberbullying
10413,other_cyberbullying
10414,other_cyberbullying
10415,other_cyberbullying
10416,other_cyberbullying
10417,other_cyberbullying
10418,other_cyberbullying
10419,other_cyberbullying
10420,other_cyberbullying
10421,other_cyberbullying
10422,other_cyberbullying
10423,other_cyberbullying
10424,other_cyberbullying
10425,other_cyberbullying
10426,other_cyberbullying
10427,other_cyberbullying
10428,other_cyberbullying
10429,other_cyberbullying
10430,other_cyberbullying
10431,other_cyberbullying
10432,other_cyberbullying
10433,other_cyberbullying
10434,other_cyberbullying
10435,other_cyberbullying
10436,other_cyberbullying
10437,other_cyberbullying
10438,other_cyberbullying
10439,other_cyberbullying
10440,other_cyberbullying
10441,other_cyberbullying
10442,other_cyberbullying
10443,other_cyberbullying
10444,other_cyberbullying
10445,other_cyberbullying
10446,other_cyberbullying
10447,other_cyberbullying
10448,other_cyberbullying
10449,other_cyberbullying
10450,other_cyberbullying
10451,other_cyberbullying
10452,other_cyberbullying
10453,other_cyberbullying
10454,other_cyberbullying
10455,other_cyberbullying
10456,other_cyberbullying
10457,other_cyberbullying
10458,other_cyberbullying
10459,other_cyberbullying
10460,other_cyberbullying
10461,other_cyberbullying
10462,other_cyberbullying
10463,other_cyberbullying
10464,other_cyberbullying
10465,other_cyberbullying
10466,other_cyberbullying
10467,other_cyberbullying
10468,other_cyberbullying
10469,other_cyberbullying
10470,other_cyberbullying
10471,other_cyberbullying
10472,other_cyberbullying
10473,other_cyberbullying
10474,other_cyberbullying
10475,other_cyberbullying
10476,other_cyberbullying
10477,other_cyberbullying
10478,other_cyberbullying
10479,other_cyberbullying
10480,other_cyberbullying
10481,other_cyberbullying
10482,other_cyberbullying
10483,other_cyberbullying
10484,other_cyberbullying
10485,other_cyberbullying
10486,other_cyberbullying
10487,other_cyberbullying
10488,other_cyberbullying
10489,other_cyberbullying
10490,other_cyberbullying
10491,other_cyberbullying
10492,other_cyberbullying
10493,other_cyberbullying
10494,other_cyberbullying
10495,other_cyberbullying
10496,other_cyberbullying
10497,other_cyberbullying
10498,other_cyberbullying
10499,other_cyberbullying
10500,other_cyberbullying
10501,other_cyberbullying
10502,other_cyberbullying
10503,other_cyberbullying
10504,other_cyberbullying
10505,other_cyberbullying
10506,other_cyberbullying
10507,other_cyberbullying
10508,other_cyberbullying
10509,other_cyberbullying
10510,other_cyberbullying
10511,other_cyberbullying
10512,other_cyberbullying
10513,other_cyberbullying
10514,other_cyberbullying
10515,other_cyberbullying
10516,other_cyberbullying
10517,other_cyberbullying
10518,other_cyberbullying
10519,other_cyberbullying
10520,other_cyberbullying
10521,other_cyberbullying
10522,other_cyberbullying
10523,other_cyberbullying
10524,other_cyberbullying
10525,other_cyberbullying
10526,other_cyberbullying
10527,other_cyberbullying
10528,other_cyberbullying
10529,other_cyberbullying
10530,other_cyberbullying
10531,other_cyberbullying
10532,other_cyberbullying
10533,other_cyberbullying
10534,other_cyberbullying
10535,other_cyberbullying
10536,other_cyberbullying
10537,other_cyberbullying
10538,other_cyberbullying
10539,other_cyberbullying
10540,other_cyberbullying
10541,other_cyberbullying
10542,other_cyberbullying
10543,other_cyberbullying
10544,other_cyberbullying
10545,other_cyberbullying
10546,other_cyberbullying
10547,other_cyberbullying
10548,other_cyberbullying
10549,other_cyberbullying
10550,other_cyberbullying
10551,other_cyberbullying
10552,other_cyberbullying
10553,other_cyberbullying
10554,other_cyberbullying
10555,other_cyberbullying
10556,other_cyberbullying
10557,other_cyberbullying
10558,other_cyberbullying
10559,other_cyberbullying
10560,other_cyberbullying
10561,other_cyberbullying
10562,other_cyberbullying
10563,other_cyberbullying
10564,other_cyberbullying
10565,other_cyberbullying
10566,other_cyberbullying
10567,other_cyberbullying
10568,other_cyberbullying
10569,other_cyberbullying
10570,other_cyberbullying
10571,other_cyberbullying
10572,other_cyberbullying
10573,other_cyberbullying
10574,other_cyberbullying
10575,other_cyberbullying
10576,other_cyberbullying
10577,other_cyberbullying
10578,other_cyberbullying
10579,other_cyberbullying
10580,other_cyberbullying
10581,other_cyberbullying
10582,other_cyberbullying
10583,other_cyberbullying
10584,other_cyberbullying
10585,other_cyberbullying
10586,other_cyberbullying
10587,other_cyberbullying
10588,other_cyberbullying
10589,other_cyberbullying
10590,other_cyberbullying
10591,other_cyberbullying
10592,other_cyberbullying
10593,other_cyberbullying
10594,other_cyberbullying
10595,other_cyberbullying
10596,other_cyberbullying
10597,other_cyberbullying
10598,other_cyberbullying
10599,other_cyberbullying
10600,other_cyberbullying
10601,other_cyberbullying
10602,other_cyberbullying
10603,other_cyberbullying
10604,other_cyberbullying
10605,other_cyberbullying
10606,other_cyberbullying
10607,other_cyberbullying
10608,other_cyberbullying
10609,other_cyberbullying
10610,other_cyberbullying
10611,other_cyberbullying
10612,other_cyberbullying
10613,other_cyberbullying
10614,other_cyberbullying
10615,other_cyberbullying
10616,other_cyberbullying
10617,other_cyberbullying
10618,other_cyberbullying
10619,other_cyberbullying
10620,other_cyberbullying
10621,other_cyberbullying
10622,other_cyberbullying
10623,other_cyberbullying
10624,other_cyberbullying
10625,other_cyberbullying
10626,other_cyberbullying
10627,other_cyberbullying
10628,other_cyberbullying
10629,other_cyberbullying
10630,other_cyberbullying
10631,other_cyberbullying
10632,other_cyberbullying
10633,other_cyberbullying
10634,other_cyberbullying
10635,other_cyberbullying
10636,other_cyberbullying
10637,other_cyberbullying
10638,other_cyberbullying
10639,other_cyberbullying
10640,other_cyberbullying
10641,other_cyberbullying
10642,other_cyberbullying
10643,other_cyberbullying
10644,other_cyberbullying
10645,other_cyberbullying
10646,other_cyberbullying
10647,other_cyberbullying
10648,other_cyberbullying
10649,other_cyberbullying
10650,other_cyberbullying
10651,other_cyberbullying
10652,other_cyberbullying
10653,other_cyberbullying
10654,other_cyberbullying
10655,other_cyberbullying
10656,other_cyberbullying
10657,other_cyberbullying
10658,other_cyberbullying
10659,other_cyberbullying
10660,other_cyberbullying
10661,other_cyberbullying
10662,other_cyberbullying
10663,other_cyberbullying
10664,other_cyberbullying
10665,other_cyberbullying
10666,other_cyberbullying
10667,other_cyberbullying
10668,other_cyberbullying
10669,other_cyberbullying
10670,other_cyberbullying
10671,other_cyberbullying
10672,other_cyberbullying
10673,other_cyberbullying
10674,other_cyberbullying
10675,other_cyberbullying
10676,other_cyberbullying
10677,other_cyberbullying
10678,other_cyberbullying
10679,other_cyberbullying
10680,other_cyberbullying
10681,other_cyberbullying
10682,other_cyberbullying
10683,other_cyberbullying
10684,other_cyberbullying
10685,other_cyberbullying
10687,other_cyberbullying
10688,other_cyberbullying
10689,other_cyberbullying
10690,other_cyberbullying
10691,other_cyberbullying
10692,other_cyberbullying
10693,other_cyberbullying
10694,other_cyberbullying
10695,other_cyberbullying
10696,other_cyberbullying
10697,other_cyberbullying
10698,other_cyberbullying
10699,other_cyberbullying
10700,other_cyberbullying
10701,other_cyberbullying
10702,other_cyberbullying
10703,other_cyberbullying
10704,other_cyberbullying
10705,other_cyberbullying
10706,other_cyberbullying
10707,other_cyberbullying
10708,other_cyberbullying
10709,other_cyberbullying
10710,other_cyberbullying
10711,other_cyberbullying
10712,other_cyberbullying
10713,other_cyberbullying
10714,other_cyberbullying
10715,other_cyberbullying
10716,other_cyberbullying
10717,other_cyberbullying
10718,other_cyberbullying
10719,other_cyberbullying
10720,other_cyberbullying
10721,other_cyberbullying
10722,other_cyberbullying
10723,other_cyberbullying
10724,other_cyberbullying
10725,other_cyberbullying
10726,other_cyberbullying
10727,other_cyberbullying
10728,other_cyberbullying
10729,other_cyberbullying
10730,other_cyberbullying
10731,other_cyberbullying
10732,other_cyberbullying
10733,other_cyberbullying
10734,other_cyberbullying
10735,other_cyberbullying
10736,other_cyberbullying
10737,other_cyberbullying
10738,other_cyberbullying
10739,other_cyberbullying
10740,other_cyberbullying
10741,other_cyberbullying
10742,other_cyberbullying
10743,other_cyberbullying
10744,other_cyberbullying
10745,other_cyberbullying
10746,other_cyberbullying
10747,other_cyberbullying
10748,other_cyberbullying
10749,other_cyberbullying
10750,other_cyberbullying
10751,other_cyberbullying
10752,other_cyberbullying
10753,other_cyberbullying
10754,other_cyberbullying
10755,other_cyberbullying
10756,other_cyberbullying
10757,other_cyberbullying
10758,other_cyberbullying
10759,other_cyberbullying
10760,other_cyberbullying
10761,other_cyberbullying
10762,other_cyberbullying
10763,other_cyberbullying
10764,other_cyberbullying
10765,other_cyberbullying
10766,other_cyberbullying
10767,other_cyberbullying
10768,other_cyberbullying
10769,other_cyberbullying
10770,other_cyberbullying
10771,other_cyberbullying
10772,other_cyberbullying
10773,other_cyberbullying
10774,other_cyberbullying
10775,other_cyberbullying
10776,other_cyberbullying
10777,other_cyberbullying
10778,other_cyberbullying
10779,other_cyberbullying
10780,other_cyberbullying
10781,other_cyberbullying
10782,other_cyberbullying
10783,other_cyberbullying
10784,other_cyberbullying
10785,other_cyberbullying
10786,other_cyberbullying
10787,other_cyberbullying
10788,other_cyberbullying
10789,other_cyberbullying
10790,other_cyberbullying
10791,other_cyberbullying
10792,other_cyberbullying
10793,other_cyberbullying
10794,other_cyberbullying
10795,other_cyberbullying
10796,other_cyberbullying
10797,other_cyberbullying
10798,other_cyberbullying
10799,other_cyberbullying
10800,other_cyberbullying
10801,other_cyberbullying
10802,other_cyberbullying
10803,other_cyberbullying
10804,other_cyberbullying
10805,other_cyberbullying
10806,other_cyberbullying
10807,other_cyberbullying
10808,other_cyberbullying
10809,other_cyberbullying
10810,other_cyberbullying
10812,other_cyberbullying
10813,other_cyberbullying
10814,other_cyberbullying
10815,other_cyberbullying
10816,other_cyberbullying
10817,other_cyberbullying
10818,other_cyberbullying
10819,other_cyberbullying
10820,other_cyberbullying
10821,other_cyberbullying
10822,other_cyberbullying
10823,other_cyberbullying
10824,other_cyberbullying
10825,other_cyberbullying
10826,other_cyberbullying
10827,other_cyberbullying
10828,other_cyberbullying
10829,other_cyberbullying
10830,other_cyberbullying
10831,other_cyberbullying
10832,other_cyberbullying
10833,other_cyberbullying
10834,other_cyberbullying
10835,other_cyberbullying
10836,other_cyberbullying
10837,other_cyberbullying
10838,other_cyberbullying
10839,other_cyberbullying
10840,other_cyberbullying
10841,other_cyberbullying
10842,other_cyberbullying
10843,other_cyberbullying
10844,other_cyberbullying
10845,other_cyberbullying
10846,other_cyberbullying
10847,other_cyberbullying
10848,other_cyberbullying
10849,other_cyberbullying
10850,other_cyberbullying
10851,other_cyberbullying
10852,other_cyberbullying
10853,other_cyberbullying
10854,other_cyberbullying
10855,other_cyberbullying
10856,other_cyberbullying
10857,other_cyberbullying
10858,other_cyberbullying
10859,other_cyberbullying
10860,other_cyberbullying
10861,other_cyberbullying
10862,other_cyberbullying
10863,other_cyberbullying
10864,other_cyberbullying
10865,other_cyberbullying
10866,other_cyberbullying
10867,other_cyberbullying
10868,other_cyberbullying
10869,other_cyberbullying
10870,other_cyberbullying
10871,other_cyberbullying
10872,other_cyberbullying
10873,other_cyberbullying
10874,other_cyberbullying
10875,other_cyberbullying
10876,other_cyberbullying
10877,other_cyberbullying
10878,other_cyberbullying
10879,other_cyberbullying
10880,other_cyberbullying
10881,other_cyberbullying
10882,other_cyberbullying
10883,other_cyberbullying
10884,other_cyberbullying
10885,other_cyberbullying
10886,other_cyberbullying
10887,other_cyberbullying
10888,other_cyberbullying
10889,other_cyberbullying
10890,other_cyberbullying
10891,other_cyberbullying
10892,other_cyberbullying
10893,other_cyberbullying
10894,other_cyberbullying
10895,other_cyberbullying
10896,other_cyberbullying
10897,other_cyberbullying
10898,other_cyberbullying
10899,other_cyberbullying
10900,other_cyberbullying
10901,other_cyberbullying
10902,other_cyberbullying
10903,other_cyberbullying
10904,other_cyberbullying
10905,other_cyberbullying
10906,other_cyberbullying
10907,other_cyberbullying
10908,other_cyberbullying
10909,other_cyberbullying
10910,other_cyberbullying
10911,other_cyberbullying
10912,other_cyberbullying
10913,other_cyberbullying
10914,other_cyberbullying
10915,other_cyberbullying
10916,other_cyberbullying
10917,other_cyberbullying
10918,other_cyberbullying
10919,other_cyberbullying
10920,other_cyberbullying
10921,other_cyberbullying
10922,other_cyberbullying
10923,other_cyberbullying
10924,other_cyberbullying
10925,other_cyberbullying
10926,other_cyberbullying
10927,other_cyberbullying
10928,other_cyberbullying
10929,other_cyberbullying
10930,other_cyberbullying
10931,other_cyberbullying
10932,other_cyberbullying
10933,other_cyberbullying
10934,other_cyberbullying
10935,other_cyberbullying
10936,other_cyberbullying
10937,other_cyberbullying
10938,other_cyberbullying
10939,other_cyberbullying
10940,other_cyberbullying
10941,other_cyberbullying
10942,other_cyberbullying
10943,other_cyberbullying
10944,other_cyberbullying
10945,other_cyberbullying
10946,other_cyberbullying
10947,other_cyberbullying
10948,other_cyberbullying
10949,other_cyberbullying
10950,other_cyberbullying
10951,other_cyberbullying
10952,other_cyberbullying
10953,other_cyberbullying
10954,other_cyberbullying
10955,other_cyberbullying
10956,other_cyberbullying
10957,other_cyberbullying
10958,other_cyberbullying
10959,other_cyberbullying
10960,other_cyberbullying
10961,other_cyberbullying
10962,other_cyberbullying
10963,other_cyberbullying
10964,other_cyberbullying
10965,other_cyberbullying
10966,other_cyberbullying
10967,other_cyberbullying
10968,other_cyberbullying
10969,other_cyberbullying
10970,other_cyberbullying
10971,other_cyberbullying
10972,other_cyberbullying
10973,other_cyberbullying
10974,other_cyberbullying
10975,other_cyberbullying
10976,other_cyberbullying
10977,other_cyberbullying
10978,other_cyberbullying
10979,other_cyberbullying
10980,other_cyberbullying
10981,other_cyberbullying
10982,other_cyberbullying
10983,other_cyberbullying
10984,other_cyberbullying
10985,other_cyberbullying
10986,other_cyberbullying
10987,other_cyberbullying
10988,other_cyberbullying
10989,other_cyberbullying
10990,other_cyberbullying
10991,other_cyberbullying
10992,other_cyberbullying
10993,other_cyberbullying
10994,other_cyberbullying
10995,other_cyberbullying
10996,other_cyberbullying
10997,other_cyberbullying
10998,other_cyberbullying
10999,other_cyberbullying
11000,other_cyberbullying
11001,other_cyberbullying
11002,other_cyberbullying
11003,other_cyberbullying
11004,other_cyberbullying
11005,other_cyberbullying
11006,other_cyberbullying
11007,other_cyberbullying
11008,other_cyberbullying
11009,other_cyberbullying
11010,other_cyberbullying
11011,other_cyberbullying
11012,other_cyberbullying
11013,other_cyberbullying
11014,other_cyberbullying
11015,other_cyberbullying
11016,other_cyberbullying
11017,other_cyberbullying
11018,other_cyberbullying
11019,other_cyberbullying
11020,other_cyberbullying
11021,other_cyberbullying
11022,other_cyberbullying
11023,other_cyberbullying
11024,other_cyberbullying
11025,other_cyberbullying
11026,other_cyberbullying
11027,other_cyberbullying
11028,other_cyberbullying
11029,other_cyberbullying
11030,other_cyberbullying
11031,other_cyberbullying
11032,other_cyberbullying
11033,other_cyberbullying
11034,other_cyberbullying
11035,other_cyberbullying
11036,other_cyberbullying
11037,other_cyberbullying
11038,other_cyberbullying
11039,other_cyberbullying
11040,other_cyberbullying
11041,other_cyberbullying
11042,other_cyberbullying
11043,other_cyberbullying
11044,other_cyberbullying
11045,other_cyberbullying
11046,other_cyberbullying
11047,other_cyberbullying
11048,other_cyberbullying
11049,other_cyberbullying
11050,other_cyberbullying
11051,other_cyberbullying
11052,other_cyberbullying
11053,other_cyberbullying
11054,other_cyberbullying
11055,other_cyberbullying
11056,other_cyberbullying
11057,other_cyberbullying
11058,other_cyberbullying
11059,other_cyberbullying
11060,other_cyberbullying
11061,other_cyberbullying
11062,other_cyberbullying
11063,other_cyberbullying
11064,other_cyberbullying
11065,other_cyberbullying
11066,other_cyberbullying
11067,other_cyberbullying
11068,other_cyberbullying
11069,other_cyberbullying
11070,other_cyberbullying
11071,other_cyberbullying
11072,other_cyberbullying
11073,other_cyberbullying
11074,other_cyberbullying
11075,other_cyberbullying
11076,other_cyberbullying
11077,other_cyberbullying
11078,other_cyberbullying
11079,other_cyberbullying
11080,other_cyberbullying
11081,other_cyberbullying
11082,other_cyberbullying
11083,other_cyberbullying
11084,other_cyberbullying
11085,other_cyberbullying
11086,other_cyberbullying
11087,other_cyberbullying
11088,other_cyberbullying
11089,other_cyberbullying
11090,other_cyberbullying
11091,other_cyberbullying
11092,other_cyberbullying
11093,other_cyberbullying
11094,other_cyberbullying
11095,other_cyberbullying
11096,other_cyberbullying
11097,other_cyberbullying
11098,other_cyberbullying
11099,other_cyberbullying
11100,other_cyberbullying
11101,other_cyberbullying
11102,other_cyberbullying
11103,other_cyberbullying
11104,other_cyberbullying
11105,other_cyberbullying
11106,other_cyberbullying
11107,other_cyberbullying
11108,other_cyberbullying
11109,other_cyberbullying
11110,other_cyberbullying
11111,other_cyberbullying
11112,other_cyberbullying
11113,other_cyberbullying
11114,other_cyberbullying
11115,other_cyberbullying
11116,other_cyberbullying
11117,other_cyberbullying
11118,other_cyberbullying
11119,other_cyberbullying
11120,other_cyberbullying
11121,other_cyberbullying
11122,other_cyberbullying
11123,other_cyberbullying
11124,other_cyberbullying
11125,other_cyberbullying
11126,other_cyberbullying
11127,other_cyberbullying
11128,other_cyberbullying
11129,other_cyberbullying
11130,other_cyberbullying
11131,other_cyberbullying
11132,other_cyberbullying
11133,other_cyberbullying
11134,other_cyberbullying
11135,other_cyberbullying
11136,other_cyberbullying
11137,other_cyberbullying
11138,other_cyberbullying
11139,other_cyberbullying
11140,other_cyberbullying
11141,other_cyberbullying
11142,other_cyberbullying
11143,other_cyberbullying
11144,other_cyberbullying
11145,other_cyberbullying
11146,other_cyberbullying
11147,other_cyberbullying
11148,other_cyberbullying
11149,other_cyberbullying
11150,other_cyberbullying
11151,other_cyberbullying
11152,other_cyberbullying
11153,other_cyberbullying
11154,other_cyberbullying
11155,other_cyberbullying
11156,other_cyberbullying
11157,other_cyberbullying
11158,other_cyberbullying
11159,other_cyberbullying
11160,other_cyberbullying
11161,other_cyberbullying
11162,other_cyberbullying
11163,other_cyberbullying
11164,other_cyberbullying
11165,other_cyberbullying
11166,other_cyberbullying
11167,other_cyberbullying
11168,other_cyberbullying
11169,other_cyberbullying
11170,other_cyberbullying
11171,other_cyberbullying
11172,other_cyberbullying
11173,other_cyberbullying
11174,other_cyberbullying
11175,other_cyberbullying
11176,other_cyberbullying
11177,other_cyberbullying
11178,other_cyberbullying
11179,other_cyberbullying
11180,other_cyberbullying
11181,other_cyberbullying
11182,other_cyberbullying
11183,other_cyberbullying
11184,other_cyberbullying
11185,other_cyberbullying
11186,other_cyberbullying
11187,other_cyberbullying
11188,other_cyberbullying
11189,other_cyberbullying
11190,other_cyberbullying
11191,other_cyberbullying
11192,other_cyberbullying
11193,other_cyberbullying
11194,other_cyberbullying
11195,other_cyberbullying
11196,other_cyberbullying
11197,other_cyberbullying
11198,other_cyberbullying
11199,other_cyberbullying
11200,other_cyberbullying
11201,other_cyberbullying
11202,other_cyberbullying
11203,other_cyberbullying
11204,other_cyberbullying
11205,other_cyberbullying
11206,other_cyberbullying
11207,other_cyberbullying
11208,other_cyberbullying
11209,other_cyberbullying
11210,other_cyberbullying
11211,other_cyberbullying
11212,other_cyberbullying
11213,other_cyberbullying
11214,other_cyberbullying
11215,other_cyberbullying
11216,other_cyberbullying
11217,other_cyberbullying
11218,other_cyberbullying
11219,other_cyberbullying
11220,other_cyberbullying
11221,other_cyberbullying
11222,other_cyberbullying
11223,other_cyberbullying
11224,other_cyberbullying
11225,other_cyberbullying
11226,other_cyberbullying
11227,other_cyberbullying
11228,other_cyberbullying
11229,other_cyberbullying
11230,other_cyberbullying
11231,other_cyberbullying
11232,other_cyberbullying
11233,other_cyberbullying
11234,other_cyberbullying
11235,other_cyberbullying
11236,other_cyberbullying
11237,other_cyberbullying
11238,other_cyberbullying
11239,other_cyberbullying
11240,other_cyberbullying
11241,other_cyberbullying
11242,other_cyberbullying
11243,other_cyberbullying
11244,other_cyberbullying
11245,other_cyberbullying
11246,other_cyberbullying
11247,other_cyberbullying
11248,other_cyberbullying
11249,other_cyberbullying
11250,other_cyberbullying
11251,other_cyberbullying
11252,other_cyberbullying
11253,other_cyberbullying
11254,other_cyberbullying
11255,other_cyberbullying
11256,other_cyberbullying
11257,other_cyberbullying
11258,other_cyberbullying
11259,other_cyberbullying
11260,other_cyberbullying
11261,other_cyberbullying
11262,other_cyberbullying
11263,other_cyberbullying
11264,other_cyberbullying
11265,other_cyberbullying
11266,other_cyberbullying
11267,other_cyberbullying
11268,other_cyberbullying
11269,other_cyberbullying
11270,other_cyberbullying
11271,other_cyberbullying
11272,other_cyberbullying
11273,other_cyberbullying
11274,other_cyberbullying
11275,other_cyberbullying
11276,other_cyberbullying
11277,other_cyberbullying
11278,other_cyberbullying
11279,other_cyberbullying
11280,other_cyberbullying
11281,other_cyberbullying
11282,other_cyberbullying
11283,other_cyberbullying
11284,other_cyberbullying
11285,other_cyberbullying
11286,other_cyberbullying
11287,other_cyberbullying
11288,other_cyberbullying
11289,other_cyberbullying
11290,other_cyberbullying
11291,other_cyberbullying
11292,other_cyberbullying
11293,other_cyberbullying
11294,other_cyberbullying
11295,other_cyberbullying
11296,other_cyberbullying
11297,other_cyberbullying
11298,other_cyberbullying
11299,other_cyberbullying
11300,other_cyberbullying
11301,other_cyberbullying
11302,other_cyberbullying
11303,other_cyberbullying
11304,other_cyberbullying
11305,other_cyberbullying
11306,other_cyberbullying
11307,other_cyberbullying
11308,other_cyberbullying
11309,other_cyberbullying
11310,other_cyberbullying
11311,other_cyberbullying
11312,other_cyberbullying
11313,other_cyberbullying
11314,other_cyberbullying
11315,other_cyberbullying
11316,other_cyberbullying
11317,other_cyberbullying
11318,other_cyberbullying
11319,other_cyberbullying
11320,other_cyberbullying
11321,other_cyberbullying
11322,other_cyberbullying
11323,other_cyberbullying
11324,other_cyberbullying
11325,other_cyberbullying
11326,other_cyberbullying
11327,other_cyberbullying
11328,other_cyberbullying
11329,other_cyberbullying
11330,other_cyberbullying
11331,other_cyberbullying
11332,other_cyberbullying
11333,other_cyberbullying
11334,other_cyberbullying
11335,other_cyberbullying
11336,other_cyberbullying
11337,other_cyberbullying
11338,other_cyberbullying
11339,other_cyberbullying
11340,other_cyberbullying
11341,other_cyberbullying
11342,other_cyberbullying
11343,other_cyberbullying
11344,other_cyberbullying
11345,other_cyberbullying
11346,other_cyberbullying
11347,other_cyberbullying
11348,other_cyberbullying
11349,other_cyberbullying
11350,other_cyberbullying
11351,other_cyberbullying
11352,other_cyberbullying
11353,other_cyberbullying
11354,other_cyberbullying
11355,other_cyberbullying
11356,other_cyberbullying
11357,other_cyberbullying
11358,other_cyberbullying
11359,other_cyberbullying
11360,other_cyberbullying
11361,other_cyberbullying
11362,other_cyberbullying
11363,other_cyberbullying
11364,other_cyberbullying
11365,other_cyberbullying
11366,other_cyberbullying
11367,other_cyberbullying
11368,other_cyberbullying
11369,other_cyberbullying
11370,other_cyberbullying
11371,other_cyberbullying
11372,other_cyberbullying
11373,other_cyberbullying
11374,other_cyberbullying
11375,other_cyberbullying
11376,other_cyberbullying
11377,other_cyberbullying
11378,other_cyberbullying
11379,other_cyberbullying
11380,other_cyberbullying
11381,other_cyberbullying
11382,other_cyberbullying
11383,other_cyberbullying
11384,other_cyberbullying
11385,other_cyberbullying
11386,other_cyberbullying
11387,other_cyberbullying
11388,other_cyberbullying
11389,other_cyberbullying
11390,other_cyberbullying
11391,other_cyberbullying
11392,other_cyberbullying
11393,other_cyberbullying
11394,other_cyberbullying
11395,other_cyberbullying
11396,other_cyberbullying
11397,other_cyberbullying
11398,other_cyberbullying
11399,other_cyberbullying
11400,other_cyberbullying
11401,other_cyberbullying
11402,other_cyberbullying
11403,other_cyberbullying
11404,other_cyberbullying
11405,other_cyberbullying
11406,other_cyberbullying
11407,other_cyberbullying
11408,other_cyberbullying
11409,other_cyberbullying
11410,other_cyberbullying
11411,other_cyberbullying
11412,other_cyberbullying
11413,other_cyberbullying
11414,other_cyberbullying
11415,other_cyberbullying
11416,other_cyberbullying
11417,other_cyberbullying
11418,other_cyberbullying
11419,other_cyberbullying
11420,other_cyberbullying
11421,other_cyberbullying
11422,other_cyberbullying
11423,other_cyberbullying
11424,other_cyberbullying
11425,other_cyberbullying
11426,other_cyberbullying
11427,other_cyberbullying
11428,other_cyberbullying
11429,other_cyberbullying
11430,other_cyberbullying
11431,other_cyberbullying
11432,other_cyberbullying
11433,other_cyberbullying
11434,other_cyberbullying
11435,other_cyberbullying
11436,other_cyberbullying
11437,other_cyberbullying
11438,other_cyberbullying
11439,other_cyberbullying
11440,other_cyberbullying
11441,other_cyberbullying
11442,other_cyberbullying
11443,other_cyberbullying
11444,other_cyberbullying
11445,other_cyberbullying
11446,other_cyberbullying
11447,other_cyberbullying
11448,other_cyberbullying
11449,other_cyberbullying
11450,other_cyberbullying
11451,other_cyberbullying
11452,other_cyberbullying
11453,other_cyberbullying
11454,other_cyberbullying
11455,other_cyberbullying
11456,other_cyberbullying
11457,other_cyberbullying
11458,other_cyberbullying
11459,other_cyberbullying
11460,other_cyberbullying
11461,other_cyberbullying
11462,other_cyberbullying
11463,other_cyberbullying
11464,other_cyberbullying
11465,other_cyberbullying
11466,other_cyberbullying
11467,other_cyberbullying
11468,other_cyberbullying
11469,other_cyberbullying
11470,other_cyberbullying
11471,other_cyberbullying
11472,other_cyberbullying
11473,other_cyberbullying
11474,other_cyberbullying
11475,other_cyberbullying
11476,other_cyberbullying
11477,other_cyberbullying
11478,other_cyberbullying
11479,other_cyberbullying
11480,other_cyberbullying
11481,other_cyberbullying
11482,other_cyberbullying
11483,other_cyberbullying
11484,other_cyberbullying
11485,other_cyberbullying
11486,other_cyberbullying
11487,other_cyberbullying
11488,other_cyberbullying
11489,other_cyberbullying
11490,other_cyberbullying
11491,other_cyberbullying
11492,other_cyberbullying
11493,other_cyberbullying
11494,other_cyberbullying
11495,other_cyberbullying
11496,other_cyberbullying
11497,other_cyberbullying
11498,other_cyberbullying
11499,other_cyberbullying
11500,other_cyberbullying
11501,other_cyberbullying
11502,other_cyberbullying
11503,other_cyberbullying
11504,other_cyberbullying
11505,other_cyberbullying
11506,other_cyberbullying
11507,other_cyberbullying
11508,other_cyberbullying
11509,other_cyberbullying
11510,other_cyberbullying
11511,other_cyberbullying
11512,other_cyberbullying
11513,other_cyberbullying
11514,other_cyberbullying
11515,other_cyberbullying
11516,other_cyberbullying
11517,other_cyberbullying
11518,other_cyberbullying
11519,other_cyberbullying
11520,other_cyberbullying
11521,other_cyberbullying
11522,other_cyberbullying
11523,other_cyberbullying
11524,other_cyberbullying
11525,other_cyberbullying
11526,other_cyberbullying
11527,other_cyberbullying
11528,other_cyberbullying
11529,other_cyberbullying
11530,other_cyberbullying
11531,other_cyberbullying
11532,other_cyberbullying
11533,other_cyberbullying
11534,other_cyberbullying
11535,other_cyberbullying
11536,other_cyberbullying
11537,other_cyberbullying
11538,other_cyberbullying
11539,other_cyberbullying
11540,other_cyberbullying
11541,other_cyberbullying
11542,other_cyberbullying
11543,other_cyberbullying
11544,other_cyberbullying
11545,other_cyberbullying
11546,other_cyberbullying
11547,other_cyberbullying
11548,other_cyberbullying
11549,other_cyberbullying
11550,other_cyberbullying
11551,other_cyberbullying
11552,other_cyberbullying
11553,other_cyberbullying
11554,other_cyberbullying
11555,other_cyberbullying
11556,other_cyberbullying
11557,other_cyberbullying
11558,other_cyberbullying
11559,other_cyberbullying
11560,other_cyberbullying
11561,other_cyberbullying
11562,other_cyberbullying
11563,other_cyberbullying
11564,other_cyberbullying
11565,other_cyberbullying
11566,other_cyberbullying
11567,other_cyberbullying
11568,other_cyberbullying
11569,other_cyberbullying
11570,other_cyberbullying
11571,other_cyberbullying
11572,other_cyberbullying
11573,other_cyberbullying
11574,other_cyberbullying
11575,other_cyberbullying
11576,other_cyberbullying
11577,other_cyberbullying
11578,other_cyberbullying
11579,other_cyberbullying
11580,other_cyberbullying
11581,other_cyberbullying
11582,other_cyberbullying
11583,other_cyberbullying
11584,other_cyberbullying
11585,other_cyberbullying
11586,other_cyberbullying
11587,other_cyberbullying
11588,other_cyberbullying
11589,other_cyberbullying
11590,other_cyberbullying
11591,other_cyberbullying
11592,other_cyberbullying
11593,other_cyberbullying
11594,other_cyberbullying
11595,other_cyberbullying
11596,other_cyberbullying
11597,other_cyberbullying
11598,other_cyberbullying
11599,other_cyberbullying
11600,other_cyberbullying
11601,other_cyberbullying
11602,other_cyberbullying
11603,other_cyberbullying
11604,other_cyberbullying
11605,other_cyberbullying
11606,other_cyberbullying
11607,other_cyberbullying
11608,other_cyberbullying
11609,other_cyberbullying
11610,other_cyberbullying
11611,other_cyberbullying
11612,other_cyberbullying
11613,other_cyberbullying
11614,other_cyberbullying
11615,other_cyberbullying
11616,other_cyberbullying
11617,other_cyberbullying
11618,other_cyberbullying
11619,other_cyberbullying
11620,other_cyberbullying
11621,other_cyberbullying
11622,other_cyberbullying
11623,other_cyberbullying
11624,other_cyberbullying
11625,other_cyberbullying
11626,other_cyberbullying
11627,other_cyberbullying
11628,other_cyberbullying
11629,other_cyberbullying
11630,other_cyberbullying
11631,other_cyberbullying
11632,other_cyberbullying
11633,other_cyberbullying
11634,other_cyberbullying
11635,other_cyberbullying
11636,other_cyberbullying
11637,other_cyberbullying
11638,other_cyberbullying
11639,other_cyberbullying
11640,other_cyberbullying
11641,other_cyberbullying
11642,other_cyberbullying
11643,other_cyberbullying
11644,other_cyberbullying
11645,other_cyberbullying
11646,other_cyberbullying
11647,other_cyberbullying
11648,other_cyberbullying
11649,other_cyberbullying
11650,other_cyberbullying
11651,other_cyberbullying
11652,other_cyberbullying
11653,other_cyberbullying
11654,other_cyberbullying
11655,other_cyberbullying
11656,other_cyberbullying
11657,other_cyberbullying
11658,other_cyberbullying
11659,other_cyberbullying
11660,other_cyberbullying
11661,other_cyberbullying
11662,other_cyberbullying
11663,other_cyberbullying
11664,other_cyberbullying
11665,other_cyberbullying
11666,other_cyberbullying
11667,other_cyberbullying
11668,other_cyberbullying
11669,other_cyberbullying
11670,other_cyberbullying
11671,other_cyberbullying
11672,other_cyberbullying
11673,other_cyberbullying
11674,other_cyberbullying
11675,other_cyberbullying
11676,other_cyberbullying
11677,other_cyberbullying
11678,other_cyberbullying
11679,other_cyberbullying
11680,other_cyberbullying
11681,other_cyberbullying
11682,other_cyberbullying
11683,other_cyberbullying
11684,other_cyberbullying
11685,other_cyberbullying
11686,other_cyberbullying
11687,other_cyberbullying
11688,other_cyberbullying
11689,other_cyberbullying
11690,other_cyberbullying
11691,other_cyberbullying
11692,other_cyberbullying
11693,other_cyberbullying
11694,other_cyberbullying
11695,other_cyberbullying
11696,other_cyberbullying
11697,other_cyberbullying
11698,other_cyberbullying
11699,other_cyberbullying
11700,other_cyberbullying
11701,other_cyberbullying
11702,other_cyberbullying
11703,other_cyberbullying
11704,other_cyberbullying
11705,other_cyberbullying
11706,other_cyberbullying
11707,other_cyberbullying
11708,other_cyberbullying
11709,other_cyberbullying
11710,other_cyberbullying
11711,other_cyberbullying
11712,other_cyberbullying
11713,other_cyberbullying
11714,other_cyberbullying
11715,other_cyberbullying
11716,other_cyberbullying
11717,other_cyberbullying
11718,other_cyberbullying
11719,other_cyberbullying
11720,other_cyberbullying
11721,other_cyberbullying
11722,other_cyberbullying
11723,other_cyberbullying
11724,other_cyberbullying
11725,other_cyberbullying
11726,other_cyberbullying
11727,other_cyberbullying
11728,other_cyberbullying
11729,other_cyberbullying
11730,other_cyberbullying
11731,other_cyberbullying
11732,other_cyberbullying
11733,other_cyberbullying
11734,other_cyberbullying
11735,other_cyberbullying
11736,other_cyberbullying
11737,other_cyberbullying
11738,other_cyberbullying
11739,other_cyberbullying
11740,other_cyberbullying
11741,other_cyberbullying
11742,other_cyberbullying
11743,other_cyberbullying
11744,other_cyberbullying
11745,other_cyberbullying
11746,other_cyberbullying
11747,other_cyberbullying
11748,other_cyberbullying
11749,other_cyberbullying
11750,other_cyberbullying
11751,other_cyberbullying
11752,other_cyberbullying
11753,other_cyberbullying
11754,other_cyberbullying
11755,other_cyberbullying
11756,other_cyberbullying
11757,other_cyberbullying
11758,other_cyberbullying
11759,other_cyberbullying
11760,other_cyberbullying
11761,other_cyberbullying
11762,age
11763,age
11764,age
11765,age
11766,age
11767,age
11768,age
11769,age
11770,age
11771,age
11772,age
11773,age
11774,age
11775,age
11776,age
11777,age
11778,age
11779,age
11780,age
11781,age
11782,age
11783,age
11784,age
11785,age
11786,age
11787,age
11788,age
11789,age
11790,age
11791,age
11792,age
11793,age
11794,age
11795,age
11796,age
11797,age
11798,age
11799,age
11800,age
11801,age
11802,age
11803,age
11804,age
11805,age
11806,age
11807,age
11808,age
11809,age
11810,age
11811,age
11812,age
11813,age
11814,age
11815,age
11816,age
11817,age
11818,age
11819,age
11820,age
11821,age
11822,age
11823,age
11824,age
11825,age
11826,age
11827,age
11828,age
11829,age
11830,age
11831,age
11832,age
11833,age
11834,age
11835,age
11836,age
11837,age
11838,age
11839,age
11840,age
11841,age
11842,age
11843,age
11844,age
11845,age
11846,age
11847,age
11848,age
11849,age
11850,age
11851,age
11852,age
11853,age
11854,age
11855,age
11856,age
11857,age
11858,age
11859,age
11860,age
11861,age
11862,age
11863,age
11864,age
11865,age
11866,age
11867,age
11868,age
11869,age
11870,age
11871,age
11872,age
11873,age
11874,age
11875,age
11876,age
11877,age
11878,age
11879,age
11880,age
11881,age
11882,age
11883,age
11884,age
11885,age
11886,age
11887,age
11888,age
11889,age
11890,age
11891,age
11892,age
11893,age
11894,age
11895,age
11896,age
11897,age
11898,age
11899,age
11900,age
11901,age
11902,age
11903,age
11904,age
11905,age
11906,age
11907,age
11908,age
11909,age
11910,age
11911,age
11912,age
11913,age
11914,age
11915,age
11916,age
11917,age
11918,age
11919,age
11920,age
11921,age
11922,age
11923,age
11924,age
11925,age
11926,age
11927,age
11928,age
11929,age
11930,age
11931,age
11932,age
11933,age
11934,age
11935,age
11936,age
11937,age
11938,age
11939,age
11940,age
11941,age
11942,age
11943,age
11944,age
11945,age
11946,age
11947,age
11948,age
11949,age
11950,age
11951,age
11952,age
11953,age
11954,age
11955,age
11956,age
11957,age
11958,age
11959,age
11960,age
11961,age
11962,age
11963,age
11964,age
11965,age
11966,age
11967,age
11968,age
11969,age
11970,age
11971,age
11972,age
11973,age
11974,age
11975,age
11976,age
11977,age
11978,age
11979,age
11980,age
11981,age
11982,age
11983,age
11984,age
11985,age
11986,age
11987,age
11988,age
11989,age
11990,age
11991,age
11992,age
11993,age
11994,age
11995,age
11996,age
11997,age
11998,age
11999,age
12000,age
12001,age
12002,age
12003,age
12004,age
12005,age
12006,age
12007,age
12008,age
12009,age
12010,age
12011,age
12012,age
12013,age
12014,age
12015,age
12016,age
12017,age
12018,age
12019,age
12020,age
12021,age
12022,age
12023,age
12024,age
12025,age
12026,age
12027,age
12028,age
12029,age
12030,age
12031,age
12032,age
12033,age
12034,age
12035,age
12036,age
12037,age
12038,age
12039,age
12040,age
12041,age
12042,age
12043,age
12044,age
12045,age
12046,age
12047,age
12048,age
12049,age
12050,age
12051,age
12052,age
12053,age
12054,age
12055,age
12056,age
12057,age
12058,age
12059,age
12060,age
12061,age
12062,age
12063,age
12064,age
12065,age
12066,age
12067,age
12068,age
12069,age
12070,age
12071,age
12072,age
12073,age
12074,age
12075,age
12076,age
12077,age
12078,age
12079,age
12080,age
12081,age
12082,age
12083,age
12084,age
12085,age
12086,age
12087,age
12088,age
12089,age
12090,age
12091,age
12092,age
12093,age
12094,age
12095,age
12096,age
12097,age
12098,age
12099,age
12100,age
12101,age
12102,age
12103,age
12104,age
12105,age
12106,age
12107,age
12108,age
12109,age
12110,age
12111,age
12112,age
12113,age
12114,age
12115,age
12116,age
12117,age
12118,age
12119,age
12120,age
12121,age
12122,age
12123,age
12124,age
12125,age
12126,age
12127,age
12128,age
12129,age
12130,age
12131,age
12132,age
12133,age
12134,age
12135,age
12136,age
12137,age
12138,age
12139,age
12140,age
12141,age
12142,age
12143,age
12144,age
12145,age
12146,age
12147,age
12148,age
12149,age
12150,age
12151,age
12152,age
12153,age
12154,age
12155,age
12156,age
12157,age
12158,age
12159,age
12160,age
12161,age
12162,age
12163,age
12164,age
12165,age
12166,age
12167,age
12168,age
12169,age
12170,age
12171,age
12172,age
12173,age
12174,age
12175,age
12176,age
12177,age
12178,age
12179,age
12180,age
12181,age
12182,age
12183,age
12184,age
12185,age
12186,age
12187,age
12188,age
12189,age
12190,age
12191,age
12192,age
12193,age
12194,age
12195,age
12196,age
12197,age
12198,age
12199,age
12200,age
12201,age
12202,age
12203,age
12204,age
12205,age
12206,age
12207,age
12208,age
12209,age
12210,age
12211,age
12212,age
12213,age
12214,age
12215,age
12216,age
12217,age
12218,age
12219,age
12220,age
12221,age
12222,age
12223,age
12224,age
12225,age
12226,age
12227,age
12228,age
12229,age
12230,age
12231,age
12232,age
12233,age
12234,age
12235,age
12236,age
12237,age
12238,age
12239,age
12240,age
12241,age
12242,age
12243,age
12244,age
12245,age
12246,age
12247,age
12248,age
12249,age
12250,age
12251,age
12252,age
12253,age
12254,age
12255,age
12256,age
12257,age
12258,age
12259,age
12260,age
12261,age
12262,age
12263,age
12264,age
12265,age
12266,age
12267,age
12268,age
12269,age
12270,age
12271,age
12272,age
12273,age
12274,age
12275,age
12276,age
12277,age
12278,age
12279,age
12280,age
12281,age
12282,age
12283,age
12284,age
12285,age
12286,age
12287,age
12288,age
12289,age
12290,age
12291,age
12292,age
12293,age
12294,age
12295,age
12296,age
12297,age
12298,age
12299,age
12300,age
12301,age
12302,age
12303,age
12304,age
12305,age
12306,age
12307,age
12308,age
12309,age
12310,age
12311,age
12312,age
12313,age
12314,age
12315,age
12316,age
12317,age
12318,age
12319,age
12320,age
12321,age
12322,age
12323,age
12324,age
12325,age
12326,age
12327,age
12328,age
12329,age
12330,age
12331,age
12332,age
12333,age
12334,age
12335,age
12336,age
12337,age
12338,age
12339,age
12340,age
12341,age
12342,age
12343,age
12344,age
12345,age
12346,age
12347,age
12348,age
12349,age
12350,age
12351,age
12352,age
12353,age
12354,age
12355,age
12356,age
12357,age
12358,age
12359,age
12360,age
12361,age
12362,age
12363,age
12364,age
12365,age
12366,age
12367,age
12368,age
12369,age
12370,age
12371,age
12372,age
12373,age
12374,age
12375,age
12376,age
12377,age
12378,age
12379,age
12380,age
12381,age
12382,age
12383,age
12384,age
12385,age
12386,age
12387,age
12388,age
12389,age
12390,age
12391,age
12392,age
12393,age
12394,age
12395,age
12396,age
12397,age
12398,age
12399,age
12400,age
12401,age
12402,age
12403,age
12404,age
12405,age
12406,age
12407,age
12408,age
12409,age
12410,age
12411,age
12412,age
12413,age
12414,age
12415,age
12416,age
12417,age
12418,age
12419,age
12420,age
12421,age
12422,age
12423,age
12424,age
12425,age
12426,age
12427,age
12428,age
12429,age
12430,age
12431,age
12432,age
12433,age
12434,age
12435,age
12436,age
12437,age
12438,age
12439,age
12440,age
12441,age
12442,age
12443,age
12444,age
12445,age
12446,age
12447,age
12448,age
12449,age
12450,age
12451,age
12452,age
12453,age
12454,age
12455,age
12456,age
12457,age
12458,age
12459,age
12460,age
12461,age
12462,age
12463,age
12464,age
12465,age
12466,age
12467,age
12468,age
12469,age
12470,age
12471,age
12472,age
12473,age
12474,age
12475,age
12476,age
12477,age
12478,age
12479,age
12480,age
12481,age
12482,age
12483,age
12484,age
12485,age
12486,age
12487,age
12488,age
12489,age
12490,age
12491,age
12492,age
12493,age
12494,age
12495,age
12496,age
12497,age
12498,age
12499,age
12500,age
12501,age
12502,age
12503,age
12504,age
12505,age
12506,age
12507,age
12508,age
12509,age
12510,age
12511,age
12512,age
12513,age
12514,age
12515,age
12516,age
12517,age
12518,age
12519,age
12520,age
12521,age
12522,age
12523,age
12524,age
12525,age
12526,age
12527,age
12528,age
12529,age
12530,age
12531,age
12532,age
12533,age
12534,age
12535,age
12536,age
12537,age
12538,age
12539,age
12540,age
12541,age
12542,age
12543,age
12544,age
12545,age
12546,age
12547,age
12548,age
12549,age
12550,age
12551,age
12552,age
12553,age
12554,age
12555,age
12556,age
12557,age
12558,age
12559,age
12560,age
12561,age
12562,age
12563,age
12564,age
12565,age
12566,age
12567,age
12568,age
12569,age
12570,age
12571,age
12572,age
12573,age
12574,age
12575,age
12576,age
12577,age
12578,age
12579,age
12580,age
12581,age
12582,age
12583,age
12584,age
12585,age
12586,age
12587,age
12588,age
12589,age
12590,age
12591,age
12592,age
12593,age
12594,age
12595,age
12596,age
12597,age
12598,age
12599,age
12600,age
12601,age
12602,age
12603,age
12604,age
12605,age
12606,age
12607,age
12608,age
12609,age
12610,age
12611,age
12612,age
12613,age
12614,age
12615,age
12616,age
12617,age
12618,age
12619,age
12620,age
12621,age
12622,age
12623,age
12624,age
12625,age
12626,age
12627,age
12628,age
12629,age
12630,age
12631,age
12632,age
12633,age
12634,age
12635,age
12636,age
12637,age
12638,age
12639,age
12640,age
12641,age
12642,age
12643,age
12644,age
12645,age
12646,age
12647,age
12648,age
12649,age
12650,age
12651,age
12652,age
12653,age
12654,age
12655,age
12656,age
12657,age
12658,age
12659,age
12660,age
12661,age
12662,age
12663,age
12664,age
12665,age
12666,age
12667,age
12668,age
12669,age
12670,age
12671,age
12672,age
12673,age
12674,age
12675,age
12676,age
12677,age
12678,age
12679,age
12680,age
12681,age
12682,age
12683,age
12684,age
12685,age
12686,age
12687,age
12688,age
12689,age
12690,age
12691,age
12692,age
12693,age
12694,age
12695,age
12696,age
12697,age
12698,age
12699,age
12700,age
12701,age
12702,age
12703,age
12704,age
12705,age
12706,age
12707,age
12708,age
12709,age
12710,age
12711,age
12712,age
12713,age
12714,age
12715,age
12716,age
12717,age
12718,age
12719,age
12720,age
12721,age
12722,age
12723,age
12724,age
12725,age
12726,age
12727,age
12728,age
12729,age
12730,age
12731,age
12732,age
12733,age
12734,age
12735,age
12736,age
12737,age
12738,age
12739,age
12740,age
12741,age
12742,age
12743,age
12744,age
12745,age
12746,age
12747,age
12748,age
12749,age
12750,age
12751,age
12752,age
12753,age
12754,age
12755,age
12756,age
12757,age
12758,age
12759,age
12760,age
12761,age
12762,age
12763,age
12764,age
12765,age
12766,age
12767,age
12768,age
12769,age
12770,age
12771,age
12772,age
12773,age
12774,age
12775,age
12776,age
12777,age
12778,age
12779,age
12780,age
12781,age
12782,age
12783,age
12784,age
12785,age
12786,age
12787,age
12788,age
12789,age
12790,age
12791,age
12792,age
12793,age
12794,age
12795,age
12796,age
12797,age
12798,age
12799,age
12800,age
12801,age
12802,age
12803,age
12804,age
12805,age
12806,age
12807,age
12808,age
12809,age
12810,age
12811,age
12812,age
12813,age
12814,age
12815,age
12816,age
12817,age
12818,age
12819,age
12820,age
12821,age
12822,age
12823,age
12824,age
12825,age
12826,age
12827,age
12828,age
12829,age
12830,age
12831,age
12832,age
12833,age
12834,age
12835,age
12836,age
12837,age
12838,age
12839,age
12840,age
12841,age
12842,age
12843,age
12844,age
12845,age
12846,age
12847,age
12848,age
12849,age
12850,age
12851,age
12852,age
12853,age
12854,age
12855,age
12856,age
12857,age
12858,age
12859,age
12860,age
12861,age
12862,age
12863,age
12864,age
12865,age
12866,age
12867,age
12868,age
12869,age
12870,age
12871,age
12872,age
12873,age
12874,age
12875,age
12876,age
12877,age
12878,age
12879,age
12880,age
12881,age
12882,age
12883,age
12884,age
12885,age
12886,age
12887,age
12888,age
12889,age
12890,age
12891,age
12892,age
12893,age
12894,age
12895,age
12896,age
12897,age
12898,age
12899,age
12900,age
12901,age
12902,age
12903,age
12904,age
12905,age
12906,age
12907,age
12908,age
12909,age
12910,age
12911,age
12912,age
12913,age
12914,age
12915,age
12916,age
12917,age
12918,age
12919,age
12920,age
12921,age
12922,age
12923,age
12924,age
12925,age
12926,age
12927,age
12928,age
12929,age
12930,age
12931,age
12932,age
12933,age
12934,age
12935,age
12936,age
12937,age
12938,age
12939,age
12940,age
12941,age
12942,age
12943,age
12944,age
12945,age
12946,age
12947,age
12948,age
12949,age
12950,age
12951,age
12952,age
12953,age
12954,age
12955,age
12956,age
12957,age
12958,age
12959,age
12960,age
12961,age
12962,age
12963,age
12964,age
12965,age
12966,age
12967,age
12968,age
12969,age
12970,age
12971,age
12972,age
12973,age
12974,age
12975,age
12976,age
12977,age
12978,age
12979,age
12980,age
12981,age
12982,age
12983,age
12984,age
12985,age
12986,age
12987,age
12988,age
12989,age
12990,age
12991,age
12992,age
12993,age
12994,age
12995,age
12996,age
12997,age
12998,age
12999,age
13000,age
13001,age
13002,age
13003,age
13004,age
13005,age
13006,age
13007,age
13008,age
13009,age
13010,age
13011,age
13012,age
13013,age
13014,age
13015,age
13016,age
13017,age
13018,age
13019,age
13020,age
13021,age
13022,age
13023,age
13024,age
13025,age
13026,age
13027,age
13028,age
13029,age
13030,age
13031,age
13032,age
13033,age
13034,age
13035,age
13036,age
13037,age
13038,age
13039,age
13040,age
13041,age
13042,age
13043,age
13044,age
13045,age
13046,age
13047,age
13048,age
13049,age
13050,age
13051,age
13052,age
13053,age
13054,age
13055,age
13056,age
13057,age
13058,age
13059,age
13060,age
13061,age
13062,age
13063,age
13064,age
13065,age
13066,age
13067,age
13068,age
13069,age
13070,age
13071,age
13072,age
13073,age
13074,age
13075,age
13076,age
13077,age
13078,age
13079,age
13080,age
13081,age
13082,age
13083,age
13084,age
13085,age
13086,age
13087,age
13088,age
13089,age
13090,age
13091,age
13092,age
13093,age
13094,age
13095,age
13096,age
13097,age
13098,age
13099,age
13100,age
13101,age
13102,age
13103,age
13104,age
13105,age
13106,age
13107,age
13108,age
13109,age
13110,age
13111,age
13112,age
13113,age
13114,age
13115,age
13116,age
13117,age
13118,age
13119,age
13120,age
13121,age
13122,age
13123,age
13124,age
13125,age
13126,age
13127,age
13128,age
13129,age
13130,age
13131,age
13132,age
13133,age
13134,age
13135,age
13136,age
13137,age
13138,age
13139,age
13140,age
13141,age
13142,age
13143,age
13144,age
13145,age
13146,age
13147,age
13148,age
13149,age
13150,age
13151,age
13152,age
13153,age
13154,age
13155,age
13156,age
13157,age
13158,age
13159,age
13160,age
13161,age
13162,age
13163,age
13164,age
13165,age
13166,age
13167,age
13168,age
13169,age
13170,age
13171,age
13172,age
13173,age
13174,age
13175,age
13176,age
13177,age
13178,age
13179,age
13180,age
13181,age
13182,age
13183,age
13184,age
13185,age
13186,age
13187,age
13188,age
13189,age
13190,age
13191,age
13192,age
13193,age
13194,age
13195,age
13196,age
13197,age
13198,age
13199,age
13200,age
13201,age
13202,age
13203,age
13204,age
13205,age
13206,age
13207,age
13208,age
13209,age
13210,age
13211,age
13212,age
13213,age
13214,age
13215,age
13216,age
13217,age
13218,age
13219,age
13220,age
13221,age
13222,age
13223,age
13224,age
13225,age
13226,age
13227,age
13228,age
13229,age
13230,age
13231,age
13232,age
13233,age
13234,age
13235,age
13236,age
13237,age
13238,age
13239,age
13240,age
13241,age
13242,age
13243,age
13244,age
13245,age
13246,age
13247,age
13248,age
13249,age
13250,age
13251,age
13252,age
13253,age
13254,age
13255,age
13256,age
13257,age
13258,age
13259,age
13260,age
13261,age
13262,age
13263,age
13264,age
13265,age
13266,age
13267,age
13268,age
13269,age
13270,age
13271,age
13272,age
13273,age
13274,age
13275,age
13276,age
13277,age
13278,age
13279,age
13280,age
13281,age
13282,age
13283,age
13284,age
13285,age
13286,age
13287,age
13288,age
13289,age
13290,age
13291,age
13292,age
13293,age
13294,age
13295,age
13296,age
13297,age
13298,age
13299,age
13300,age
13301,age
13302,age
13303,age
13304,age
13305,age
13306,age
13307,age
13308,age
13309,age
13310,age
13311,age
13312,age
13313,age
13314,age
13315,age
13316,age
13317,age
13318,age
13319,age
13320,age
13321,age
13322,age
13323,age
13324,age
13325,age
13326,age
13327,age
13328,age
13329,age
13330,age
13331,age
13332,age
13333,age
13334,age
13335,age
13336,age
13337,age
13338,age
13339,age
13340,age
13341,age
13342,age
13343,age
13344,age
13345,age
13346,age
13347,age
13348,age
13349,age
13350,age
13351,age
13352,age
13353,age
13354,age
13355,age
13356,age
13357,age
13358,age
13359,age
13360,age
13361,age
13362,age
13363,age
13364,age
13365,age
13366,age
13367,age
13368,age
13369,age
13370,age
13371,age
13372,age
13373,age
13374,age
13375,age
13376,age
13377,age
13378,age
13379,age
13380,age
13381,age
13382,age
13383,age
13384,age
13385,age
13386,age
13387,age
13388,age
13389,age
13390,age
13391,age
13392,age
13393,age
13394,age
13395,age
13396,age
13397,age
13398,age
13399,age
13400,age
13401,age
13402,age
13403,age
13404,age
13405,age
13406,age
13407,age
13408,age
13409,age
13410,age
13411,age
13412,age
13413,age
13414,age
13415,age
13416,age
13417,age
13418,age
13419,age
13420,age
13421,age
13422,age
13423,age
13424,age
13425,age
13426,age
13427,age
13428,age
13429,age
13430,age
13431,age
13432,age
13433,age
13434,age
13435,age
13436,age
13437,age
13438,age
13439,age
13440,age
13441,age
13442,age
13443,age
13444,age
13445,age
13446,age
13447,age
13448,age
13449,age
13450,age
13451,age
13452,age
13453,age
13454,age
13455,age
13456,age
13457,age
13458,age
13459,age
13460,age
13461,age
13462,age
13463,age
13464,age
13465,age
13466,age
13467,age
13468,age
13469,age
13470,age
13471,age
13472,age
13473,age
13474,age
13475,age
13476,age
13477,age
13478,age
13479,age
13480,age
13481,age
13482,age
13483,age
13484,age
13485,age
13486,age
13487,age
13488,age
13489,age
13490,age
13491,age
13492,age
13493,age
13494,age
13495,age
13496,age
13497,age
13498,age
13499,age
13500,age
13501,age
13502,age
13503,age
13504,age
13505,age
13506,age
13507,age
13508,age
13509,age
13510,age
13511,age
13512,age
13513,age
13514,age
13515,age
13516,age
13517,age
13518,age
13519,age
13520,age
13521,age
13522,age
13523,age
13524,age
13525,age
13526,age
13527,age
13528,age
13529,age
13530,age
13531,age
13532,age
13533,age
13534,age
13535,age
13536,age
13537,age
13538,age
13539,age
13540,age
13541,age
13542,age
13543,age
13544,age
13545,age
13546,age
13547,age
13548,age
13549,age
13550,age
13551,age
13552,age
13553,age
13554,age
13555,age
13556,age
13557,age
13558,age
13559,age
13560,age
13561,age
13562,age
13563,age
13564,age
13565,age
13566,age
13567,age
13568,age
13569,age
13570,age
13571,age
13572,age
13573,age
13574,age
13575,age
13576,age
13577,age
13578,age
13579,age
13580,age
13581,age
13582,age
13583,age
13584,age
13585,age
13586,age
13587,age
13588,age
13589,age
13590,age
13591,age
13592,age
13593,age
13594,age
13595,age
13596,age
13597,age
13598,age
13599,age
13600,age
13601,age
13602,age
13603,age
13604,age
13605,age
13606,age
13607,age
13608,age
13609,age
13610,age
13611,age
13612,age
13613,age
13614,age
13615,age
13616,age
13617,age
13618,age
13619,age
13620,age
13621,age
13622,age
13623,age
13624,age
13625,age
13626,age
13627,age
13628,age
13629,age
13630,age
13631,age
13632,age
13633,age
13634,age
13635,age
13636,age
13637,age
13638,age
13639,age
13640,age
13641,age
13642,age
13643,age
13644,age
13645,age
13646,age
13647,age
13648,age
13649,age
13650,age
13651,age
13652,age
13653,age
13654,age
13655,age
13656,age
13657,age
13658,age
13659,age
13660,age
13661,age
13662,age
13663,age
13664,age
13665,age
13666,age
13667,age
13668,age
13669,age
13670,age
13671,age
13672,age
13673,age
13674,age
13675,age
13676,age
13677,age
13678,age
13679,age
13680,age
13681,age
13682,age
13683,age
13684,age
13685,age
13686,age
13687,age
13688,age
13689,age
13690,age
13691,age
13692,age
13693,age
13694,age
13695,age
13696,age
13697,age
13698,age
13699,age
13700,age
13701,age
13702,age
13703,age
13704,age
13705,age
13706,age
13707,age
13708,age
13709,age
13710,age
13711,age
13712,age
13713,age
13714,age
13715,age
13716,age
13717,age
13718,age
13719,age
13720,age
13721,age
13722,age
13723,age
13724,age
13725,age
13726,age
13727,age
13728,age
13729,age
13730,age
13731,age
13732,age
13733,age
13734,age
13735,age
13736,age
13737,age
13738,age
13739,age
13740,age
13741,age
13742,age
13743,age
13744,age
13745,age
13746,age
13747,age
13748,age
13749,age
13750,age
13751,age
13752,age
13753,age
13754,age
13755,age
13756,age
13757,age
13758,age
13759,age
13760,age
13761,age
13762,age
13763,age
13764,age
13765,age
13766,age
13767,age
13768,age
13769,age
13770,age
13771,age
13772,age
13773,age
13774,age
13775,age
13776,age
13777,age
13778,age
13779,age
13780,age
13781,age
13782,age
13783,age
13784,age
13785,age
13786,age
13787,age
13788,age
13789,age
13790,age
13791,age
13792,age
13793,age
13794,age
13795,age
13796,age
13797,age
13798,age
13799,age
13800,age
13801,age
13802,age
13803,age
13804,age
13805,age
13806,age
13807,age
13808,age
13809,age
13810,age
13811,age
13812,age
13813,age
13814,age
13815,age
13816,age
13817,age
13818,age
13819,age
13820,age
13821,age
13822,age
13823,age
13824,age
13825,age
13826,age
13827,age
13828,age
13829,age
13830,age
13831,age
13832,age
13833,age
13834,age
13835,age
13836,age
13837,age
13838,age
13839,age
13840,age
13841,age
13842,age
13843,age
13844,age
13845,age
13846,age
13847,age
13848,age
13849,age
13850,age
13851,age
13852,age
13853,age
13854,age
13855,age
13856,age
13857,age
13858,age
13859,age
13860,age
13861,age
13862,age
13863,age
13864,age
13865,age
13866,age
13867,age
13868,age
13869,age
13870,age
13871,age
13872,age
13873,age
13874,age
13875,age
13876,age
13877,age
13878,age
13879,age
13880,age
13881,age
13882,age
13883,age
13884,age
13885,age
13886,age
13887,age
13888,age
13889,age
13890,age
13891,age
13892,age
13893,age
13894,age
13895,age
13896,age
13897,age
13898,age
13899,age
13900,age
13901,age
13902,age
13903,age
13904,age
13905,age
13906,age
13907,age
13908,age
13909,age
13910,age
13911,age
13912,age
13913,age
13914,age
13915,age
13916,age
13917,age
13918,age
13919,age
13920,age
13921,age
13922,age
13923,age
13924,age
13925,age
13926,age
13927,age
13928,age
13929,age
13930,age
13931,age
13932,age
13933,age
13934,age
13935,age
13936,age
13937,age
13938,age
13939,age
13940,age
13941,age
13942,age
13943,age
13944,age
13945,age
13946,age
13947,age
13948,age
13949,age
13950,age
13951,age
13952,age
13953,age
13954,age
13955,age
13956,age
13957,age
13958,age
13959,age
13960,age
13961,age
13962,age
13963,age
13964,age
13965,age
13966,age
13967,age
13968,age
13969,age
13970,age
13971,age
13972,age
13973,age
13974,age
13975,age
13976,age
13977,age
13978,age
13979,age
13980,age
13981,age
13982,age
13983,age
13984,age
13985,age
13986,age
13987,age
13988,age
13989,age
13990,age
13991,age
13992,age
13993,age
13994,age
13995,age
13996,age
13997,age
13998,age
13999,age
14000,age
14001,age
14002,age
14003,age
14004,age
14005,age
14006,age
14007,age
14008,age
14009,age
14010,age
14011,age
14012,age
14013,age
14014,age
14015,age
14016,age
14017,age
14018,age
14019,age
14020,age
14021,age
14022,age
14023,age
14024,age
14025,age
14026,age
14027,age
14028,age
14029,age
14030,age
14031,age
14032,age
14033,age
14034,age
14035,age
14036,age
14037,age
14038,age
14039,age
14040,age
14041,age
14042,age
14043,age
14044,age
14045,age
14046,age
14047,age
14048,age
14049,age
14050,age
14051,age
14052,age
14053,age
14054,age
14055,age
14056,age
14057,age
14058,age
14059,age
14060,age
14061,age
14062,age
14063,age
14064,age
14065,age
14066,age
14067,age
14068,age
14069,age
14070,age
14071,age
14072,age
14073,age
14074,age
14075,age
14076,age
14077,age
14078,age
14079,age
14080,age
14081,age
14082,age
14083,age
14084,age
14085,age
14086,age
14087,age
14088,age
14089,age
14090,age
14091,age
14092,age
14093,age
14094,age
14095,age
14096,age
14097,age
14098,age
14099,age
14100,age
14101,age
14102,age
14103,age
14104,age
14105,age
14106,age
14107,age
14108,age
14109,age
14110,age
14111,age
14112,age
14113,age
14114,age
14115,age
14116,age
14117,age
14118,age
14119,age
14120,age
14121,age
14122,age
14123,age
14124,age
14125,age
14126,age
14127,age
14128,age
14129,age
14130,age
14131,age
14132,age
14133,age
14134,age
14135,age
14136,age
14137,age
14138,age
14139,age
14140,age
14141,age
14142,age
14143,age
14144,age
14145,age
14146,age
14147,age
14148,age
14149,age
14150,age
14151,age
14152,age
14153,age
14154,age
14155,age
14156,age
14157,age
14158,age
14159,age
14160,age
14161,age
14162,age
14163,age
14164,age
14165,age
14166,age
14167,age
14168,age
14169,age
14170,age
14171,age
14172,age
14173,age
14174,age
14175,age
14176,age
14177,age
14178,age
14179,age
14180,age
14181,age
14182,age
14183,age
14184,age
14185,age
14186,age
14187,age
14188,age
14189,age
14190,age
14191,age
14192,age
14193,age
14194,age
14195,age
14196,age
14197,age
14198,age
14199,age
14200,age
14201,age
14202,age
14203,age
14204,age
14205,age
14206,age
14207,age
14208,age
14209,age
14210,age
14211,age
14212,age
14213,age
14214,age
14215,age
14216,age
14217,age
14218,age
14219,age
14220,age
14221,age
14222,age
14223,age
14224,age
14225,age
14226,age
14227,age
14228,age
14229,age
14230,age
14231,age
14232,age
14233,age
14234,age
14235,age
14236,age
14237,age
14238,age
14239,age
14240,age
14241,age
14242,age
14243,age
14244,age
14245,age
14246,age
14247,age
14248,age
14249,age
14250,age
14251,age
14252,age
14253,age
14254,age
14255,age
14256,age
14257,age
14258,age
14259,age
14260,age
14261,age
14262,age
14263,age
14264,age
14265,age
14266,age
14267,age
14268,age
14269,age
14270,age
14271,age
14272,age
14273,age
14274,age
14275,age
14276,age
14277,age
14278,age
14279,age
14280,age
14281,age
14282,age
14283,age
14284,age
14285,age
14286,age
14287,age
14288,age
14289,age
14290,age
14291,age
14292,age
14293,age
14294,age
14295,age
14296,age
14297,age
14298,age
14299,age
14300,age
14301,age
14302,age
14303,age
14304,age
14305,age
14306,age
14307,age
14308,age
14309,age
14310,age
14311,age
14312,age
14313,age
14314,age
14315,age
14316,age
14317,age
14318,age
14319,age
14320,age
14321,age
14322,age
14323,age
14324,age
14325,age
14326,age
14327,age
14328,age
14329,age
14330,age
14331,age
14332,age
14333,age
14334,age
14335,age
14336,age
14337,age
14338,age
14339,age
14340,age
14341,age
14342,age
14343,age
14344,age
14345,age
14346,age
14347,age
14348,age
14349,age
14350,age
14351,age
14352,age
14353,age
14354,age
14355,age
14356,age
14357,age
14358,age
14359,age
14360,age
14361,age
14362,age
14363,age
14364,age
14365,age
14366,age
14367,age
14368,age
14369,age
14370,age
14371,age
14372,age
14373,age
14374,age
14375,age
14376,age
14377,age
14378,age
14379,age
14380,age
14381,age
14382,age
14383,age
14384,age
14385,age
14386,age
14387,age
14388,age
14389,age
14390,age
14391,age
14392,age
14393,age
14394,age
14395,age
14396,age
14397,age
14398,age
14399,age
14400,age
14401,age
14402,age
14403,age
14404,age
14405,age
14406,age
14407,age
14408,age
14409,age
14410,age
14411,age
14412,age
14413,age
14414,age
14415,age
14416,age
14417,age
14418,age
14419,age
14420,age
14421,age
14422,age
14423,age
14424,age
14425,age
14426,age
14427,age
14428,age
14429,age
14430,age
14431,age
14432,age
14433,age
14434,age
14435,age
14436,age
14437,age
14438,age
14439,age
14440,age
14441,age
14442,age
14443,age
14444,age
14445,age
14446,age
14447,age
14448,age
14449,age
14450,age
14451,age
14452,age
14453,age
14454,age
14455,age
14456,age
14457,age
14458,age
14459,age
14460,age
14461,age
14462,age
14463,age
14464,age
14465,age
14466,age
14467,age
14468,age
14469,age
14470,age
14471,age
14472,age
14473,age
14474,age
14475,age
14476,age
14477,age
14478,age
14479,age
14480,age
14481,age
14482,age
14483,age
14484,age
14485,age
14486,age
14487,age
14488,age
14489,age
14490,age
14491,age
14492,age
14493,age
14494,age
14495,age
14496,age
14497,age
14498,age
14499,age
14500,age
14501,age
14502,age
14503,age
14504,age
14505,age
14506,age
14507,age
14508,age
14509,age
14510,age
14511,age
14512,age
14513,age
14514,age
14515,age
14516,age
14517,age
14518,age
14519,age
14520,age
14521,age
14522,age
14523,age
14524,age
14525,age
14526,age
14527,age
14528,age
14529,age
14530,age
14531,age
14532,age
14533,age
14534,age
14535,age
14536,age
14537,age
14538,age
14539,age
14540,age
14541,age
14542,age
14543,age
14544,age
14545,age
14546,age
14547,age
14548,age
14549,age
14550,age
14551,age
14552,age
14553,age
14554,age
14555,age
14556,age
14557,age
14558,age
14559,age
14560,age
14561,age
14562,age
14563,age
14564,age
14565,age
14566,age
14567,age
14568,age
14569,age
14570,age
14571,age
14572,age
14573,age
14574,age
14575,age
14576,age
14577,age
14578,age
14579,age
14580,age
14581,age
14582,age
14583,age
14584,age
14585,age
14586,age
14587,age
14588,age
14589,age
14590,age
14591,age
14592,age
14593,age
14594,age
14595,age
14596,age
14597,age
14598,age
14599,age
14600,age
14601,age
14602,age
14603,age
14604,age
14605,age
14606,age
14607,age
14608,age
14609,age
14610,age
14611,age
14612,age
14613,age
14614,age
14615,age
14616,age
14617,age
14618,age
14619,age
14620,age
14621,age
14622,age
14623,age
14624,age
14625,age
14626,age
14627,age
14628,age
14629,age
14630,age
14631,age
14632,age
14633,age
14634,age
14635,age
14636,age
14637,age
14638,age
14639,age
14640,age
14641,age
14642,age
14643,age
14644,age
14645,age
14646,age
14647,age
14648,age
14649,age
14650,age
14651,age
14652,age
14653,age
14654,age
14655,age
14656,age
14657,age
14658,age
14659,age
14660,age
14661,age
14662,age
14663,age
14664,age
14665,age
14666,age
14667,age
14668,age
14669,age
14670,age
14671,age
14672,age
14673,age
14674,age
14675,age
14676,age
14677,age
14678,age
14679,age
14680,age
14681,age
14682,age
14683,age
14684,age
14685,age
14686,age
14687,age
14688,age
14689,age
14690,age
14691,age
14692,age
14693,age
14694,age
14695,age
14696,age
14697,age
14698,age
14699,age
14700,age
14701,age
14702,age
14703,age
14704,age
14705,age
14706,age
14707,age
14708,age
14709,age
14710,age
14711,age
14712,age
14713,age
14714,age
14715,age
14716,age
14717,age
14718,age
14719,age
14720,age
14721,age
14722,age
14723,age
14724,age
14725,age
14726,age
14727,age
14728,age
14729,age
14730,age
14731,age
14732,age
14733,age
14734,age
14735,age
14736,age
14737,age
14738,age
14739,age
14740,age
14741,age
14742,age
14743,age
14744,age
14745,age
14746,age
14747,age
14748,age
14749,age
14750,age
14751,age
14752,age
14753,age
14754,age
14755,age
14756,age
14757,age
14758,age
14759,age
14760,age
14761,age
14762,age
14763,age
14764,age
14765,age
14766,age
14767,age
14768,age
14769,age
14770,age
14771,age
14772,age
14773,age
14774,age
14775,age
14776,age
14777,age
14778,age
14779,age
14780,age
14781,age
14782,age
14783,age
14784,age
14785,age
14786,age
14787,age
14788,age
14789,age
14790,age
14791,age
14792,age
14793,age
14794,age
14795,age
14796,age
14797,age
14798,age
14799,age
14800,age
14801,age
14802,age
14803,age
14804,age
14805,age
14806,age
14807,age
14808,age
14809,age
14810,age
14811,age
14812,age
14813,age
14814,age
14815,age
14816,age
14817,age
14818,age
14819,age
14820,age
14821,age
14822,age
14823,age
14824,age
14825,age
14826,age
14827,age
14828,age
14829,age
14830,age
14831,age
14832,age
14833,age
14834,age
14835,age
14836,age
14837,age
14838,age
14839,age
14840,age
14841,age
14842,age
14843,age
14844,age
14845,age
14846,age
14847,age
14848,age
14849,age
14850,age
14851,age
14852,age
14853,age
14854,age
14855,age
14856,age
14857,age
14858,age
14859,age
14860,age
14861,age
14862,age
14863,age
14864,age
14865,age
14866,age
14867,age
14868,age
14869,age
14870,age
14871,age
14872,age
14873,age
14874,age
14875,age
14876,age
14877,age
14878,age
14879,age
14880,age
14881,age
14882,age
14883,age
14884,age
14885,age
14886,age
14887,age
14888,age
14889,age
14890,age
14891,age
14892,age
14893,age
14894,age
14895,age
14896,age
14897,age
14898,age
14899,age
14900,age
14901,age
14902,age
14903,age
14904,age
14905,age
14906,age
14907,age
14908,age
14909,age
14910,age
14911,age
14912,age
14913,age
14914,age
14915,age
14916,age
14917,age
14918,age
14919,age
14920,age
14921,age
14922,age
14923,age
14924,age
14925,age
14926,age
14927,age
14928,age
14929,age
14930,age
14931,age
14932,age
14933,age
14934,age
14935,age
14936,age
14937,age
14938,age
14939,age
14940,age
14941,age
14942,age
14943,age
14944,age
14945,age
14946,age
14947,age
14948,age
14949,age
14950,age
14951,age
14952,age
14953,age
14954,age
14955,age
14956,age
14957,age
14958,age
14959,age
14960,age
14961,age
14962,age
14963,age
14964,age
14965,age
14966,age
14967,age
14968,age
14969,age
14970,age
14971,age
14972,age
14973,age
14974,age
14975,age
14976,age
14977,age
14978,age
14979,age
14980,age
14981,age
14982,age
14983,age
14984,age
14985,age
14986,age
14987,age
14988,age
14989,age
14990,age
14991,age
14992,age
14993,age
14994,age
14995,age
14996,age
14997,age
14998,age
14999,age
15000,age
15001,age
15002,age
15003,age
15004,age
15005,age
15006,age
15007,age
15008,age
15009,age
15010,age
15011,age
15012,age
15013,age
15014,age
15015,age
15016,age
15017,age
15018,age
15019,age
15020,age
15021,age
15022,age
15023,age
15024,age
15025,age
15026,age
15027,age
15028,age
15029,age
15030,age
15031,age
15032,age
15033,age
15034,age
15035,age
15036,age
15037,age
15038,age
15039,age
15040,age
15041,age
15042,age
15043,age
15044,age
15045,age
15046,age
15047,age
15048,age
15049,age
15050,age
15051,age
15052,age
15053,age
15054,age
15055,age
15056,age
15057,age
15058,age
15059,age
15060,age
15061,age
15062,age
15063,age
15064,age
15065,age
15066,age
15067,age
15068,age
15069,age
15070,age
15071,age
15072,age
15073,age
15074,age
15075,age
15076,age
15077,age
15078,age
15079,age
15080,age
15081,age
15082,age
15083,age
15084,age
15085,age
15086,age
15087,age
15088,age
15089,age
15090,age
15091,age
15092,age
15093,age
15094,age
15095,age
15096,age
15097,age
15098,age
15099,age
15100,age
15101,age
15102,age
15103,age
15104,age
15105,age
15106,age
15107,age
15108,age
15109,age
15110,age
15111,age
15112,age
15113,age
15114,age
15115,age
15116,age
15117,age
15118,age
15119,age
15120,age
15121,age
15122,age
15123,age
15124,age
15125,age
15126,age
15127,age
15128,age
15129,age
15130,age
15131,age
15132,age
15133,age
15134,age
15135,age
15136,age
15137,age
15138,age
15139,age
15140,age
15141,age
15142,age
15143,age
15144,age
15145,age
15146,age
15147,age
15148,age
15149,age
15150,age
15151,age
15152,age
15153,age
15154,age
15155,age
15156,age
15157,age
15158,age
15159,age
15160,age
15161,age
15162,age
15163,age
15164,age
15165,age
15166,age
15167,age
15168,age
15169,age
15170,age
15171,age
15172,age
15173,age
15174,age
15175,age
15176,age
15177,age
15178,age
15179,age
15180,age
15181,age
15182,age
15183,age
15184,age
15185,age
15186,age
15187,age
15188,age
15189,age
15190,age
15191,age
15192,age
15193,age
15194,age
15195,age
15196,age
15197,age
15198,age
15199,age
15200,age
15201,age
15202,age
15203,age
15204,age
15205,age
15206,age
15207,age
15208,age
15209,age
15210,age
15211,age
15212,age
15213,age
15214,age
15215,age
15216,age
15217,age
15218,age
15219,age
15220,age
15221,age
15222,age
15223,age
15224,age
15225,age
15226,age
15227,age
15228,age
15229,age
15230,age
15231,age
15232,age
15233,age
15234,age
15235,age
15236,age
15237,age
15238,age
15239,age
15240,age
15241,age
15242,age
15243,age
15244,age
15245,age
15246,age
15247,age
15248,age
15249,age
15250,age
15251,age
15252,age
15253,age
15254,age
15255,age
15256,age
15257,age
15258,age
15259,age
15260,age
15261,age
15262,age
15263,age
15264,age
15265,age
15266,age
15267,age
15268,age
15269,age
15270,age
15271,age
15272,age
15273,age
15274,age
15275,age
15276,age
15277,age
15278,age
15279,age
15280,age
15281,age
15282,age
15283,age
15284,age
15285,age
15286,age
15287,age
15288,age
15289,age
15290,age
15291,age
15292,age
15293,age
15294,age
15295,age
15296,age
15297,age
15298,age
15299,age
15300,age
15301,age
15302,age
15303,age
15304,age
15305,age
15306,age
15307,age
15308,age
15309,age
15310,age
15311,age
15312,age
15313,age
15314,age
15315,age
15316,age
15317,age
15318,age
15319,age
15320,age
15321,age
15322,age
15323,age
15324,age
15325,age
15326,age
15327,age
15328,age
15329,age
15330,age
15331,age
15332,age
15333,age
15334,age
15335,age
15336,age
15337,age
15338,age
15339,age
15340,age
15341,age
15342,age
15343,age
15344,age
15345,age
15346,age
15347,age
15348,age
15349,age
15350,age
15351,age
15352,age
15353,age
15354,age
15355,age
15356,age
15357,age
15358,age
15359,age
15360,age
15361,age
15362,age
15363,age
15364,age
15365,age
15366,age
15367,age
15368,age
15369,age
15370,age
15371,age
15372,age
15373,age
15374,age
15375,age
15376,age
15377,age
15378,age
15379,age
15380,age
15381,age
15382,age
15383,age
15384,age
15385,age
15386,age
15387,age
15388,age
15389,age
15390,age
15391,age
15392,age
15393,age
15394,age
15395,age
15396,age
15397,age
15398,age
15399,age
15400,age
15401,age
15402,age
15403,age
15404,age
15405,age
15406,age
15407,age
15408,age
15409,age
15410,age
15411,age
15412,age
15413,age
15414,age
15415,age
15416,age
15417,age
15418,age
15419,age
15420,age
15421,age
15422,age
15423,age
15424,age
15425,age
15426,age
15427,age
15428,age
15429,age
15430,age
15431,age
15432,age
15433,age
15434,age
15435,age
15436,age
15437,age
15438,age
15439,age
15440,age
15441,age
15442,age
15443,age
15444,age
15445,age
15446,age
15447,age
15448,age
15449,age
15450,age
15451,age
15452,age
15453,age
15454,age
15455,age
15456,age
15457,age
15458,age
15459,age
15460,age
15461,age
15462,age
15463,age
15464,age
15465,age
15466,age
15467,age
15468,age
15469,age
15470,age
15471,age
15472,age
15473,age
15474,age
15475,age
15476,age
15477,age
15478,age
15479,age
15480,age
15481,age
15482,age
15483,age
15484,age
15485,age
15486,age
15487,age
15488,age
15489,age
15490,age
15491,age
15492,age
15493,age
15494,age
15495,age
15496,age
15497,age
15498,age
15499,age
15500,age
15501,age
15502,age
15503,age
15504,age
15505,age
15506,age
15507,age
15508,age
15509,age
15510,age
15511,age
15512,age
15513,age
15514,age
15515,age
15516,age
15517,age
15518,age
15519,age
15520,age
15521,age
15522,age
15523,age
15524,age
15525,age
15526,age
15527,age
15528,age
15529,age
15530,age
15531,age
15532,age
15533,age
15534,age
15535,age
15536,age
15537,age
15538,age
15539,age
15540,age
15541,age
15542,age
15543,age
15544,age
15545,age
15546,age
15547,age
15548,age
15549,age
15550,age
15551,age
15552,age
15553,age
15554,age
15555,age
15556,age
15557,age
15558,age
15559,age
15560,age
15561,age
15562,age
15563,age
15564,age
15565,age
15566,age
15567,age
15568,age
15569,age
15570,age
15571,age
15572,age
15573,age
15574,age
15575,age
15576,age
15577,age
15578,age
15579,age
15580,age
15581,age
15582,age
15583,age
15584,age
15585,age
15586,age
15587,age
15588,age
15589,age
15590,age
15591,age
15592,age
15593,age
15594,age
15595,age
15596,age
15597,age
15598,age
15599,age
15600,age
15601,age
15602,age
15603,age
15604,age
15605,age
15606,age
15607,age
15608,age
15609,age
15610,age
15611,age
15612,age
15613,age
15614,age
15615,age
15616,age
15617,age
15618,age
15619,age
15620,age
15621,age
15622,age
15623,age
15624,age
15625,age
15626,age
15627,age
15628,age
15629,age
15630,age
15631,age
15632,age
15633,age
15634,age
15635,age
15636,age
15637,age
15638,age
15639,age
15640,age
15641,age
15642,age
15643,age
15644,age
15645,age
15646,age
15647,age
15648,age
15649,age
15650,age
15651,age
15652,age
15653,age
15654,age
15655,age
15656,age
15657,age
15658,age
15659,age
15660,age
15661,age
15662,age
15663,age
15664,age
15665,age
15666,age
15667,age
15668,age
15669,age
15670,age
15671,age
15672,age
15673,age
15674,age
15675,age
15676,age
15677,age
15678,age
15679,age
15680,age
15681,age
15682,age
15683,age
15684,age
15685,age
15686,age
15687,age
15688,age
15689,age
15690,age
15691,age
15692,age
15693,age
15694,age
15695,age
15696,age
15697,age
15698,age
15699,age
15700,age
15701,age
15702,age
15703,age
15704,age
15705,age
15706,age
15707,age
15708,age
15709,age
15710,age
15711,age
15712,age
15713,age
15714,age
15715,age
15716,age
15717,age
15718,age
15719,age
15720,age
15721,age
15722,age
15723,age
15724,age
15725,age
15726,age
15727,age
15728,age
15729,age
15730,age
15731,age
15732,age
15733,age
15734,age
15735,age
15736,age
15737,age
15738,age
15739,age
15740,age
15741,age
15742,age
15743,age
15744,age
15745,age
15746,age
15747,age
15748,age
15749,age
15750,age
15751,age
15752,age
15753,age
15754,age
15755,age
15756,age
15757,age
15758,age
15759,age
15760,age
15761,age
15762,age
15763,age
15764,age
15765,age
15766,age
15767,age
15768,age
15769,age
15770,age
15771,age
15772,age
15773,age
15774,age
15775,age
15776,age
15777,age
15778,age
15779,age
15780,age
15781,age
15782,age
15783,age
15784,age
15785,age
15786,age
15787,age
15788,age
15789,age
15790,age
15791,age
15792,age
15793,age
15794,age
15795,age
15796,age
15797,age
15798,age
15799,age
15800,age
15801,age
15802,age
15803,age
15804,age
15805,age
15806,age
15807,age
15808,age
15809,age
15810,age
15811,age
15812,age
15813,age
15814,age
15815,age
15816,age
15817,age
15818,age
15819,age
15820,age
15821,age
15822,age
15823,age
15824,age
15825,age
15826,age
15827,age
15828,age
15829,age
15830,age
15831,age
15832,age
15833,age
15834,age
15835,age
15836,age
15837,age
15838,age
15839,age
15840,age
15841,age
15842,age
15843,age
15844,age
15845,age
15846,age
15847,age
15848,age
15849,age
15850,age
15851,age
15852,age
15853,age
15854,age
15855,age
15856,age
15857,age
15858,age
15859,age
15860,age
15861,age
15862,age
15863,age
15864,age
15865,age
15866,age
15867,age
15868,age
15869,age
15870,age
15871,age
15872,age
15873,age
15874,age
15875,age
15876,age
15877,age
15878,age
15879,age
15880,age
15881,age
15882,age
15883,age
15884,age
15885,age
15886,age
15887,age
15888,age
15889,age
15890,age
15891,age
15892,age
15893,age
15894,age
15895,age
15896,age
15897,age
15898,age
15899,age
15900,age
15901,age
15902,age
15903,age
15904,age
15905,age
15906,age
15907,age
15908,age
15909,age
15910,age
15911,age
15912,age
15913,age
15914,age
15915,age
15916,age
15917,age
15918,age
15919,age
15920,age
15921,age
15922,age
15923,age
15924,age
15925,age
15926,age
15927,age
15928,age
15929,age
15930,age
15931,age
15932,age
15933,age
15934,age
15935,age
15936,age
15937,age
15938,age
15939,age
15940,age
15941,age
15942,age
15943,age
15944,age
15945,age
15946,age
15947,age
15948,age
15949,age
15950,age
15951,age
15952,age
15953,age
15954,age
15955,age
15956,age
15957,age
15958,age
15959,age
15960,age
15961,age
15962,age
15963,age
15964,age
15965,age
15966,age
15967,age
15968,age
15969,age
15970,age
15971,age
15972,age
15973,age
15974,age
15975,age
15976,age
15977,age
15978,age
15979,age
15980,age
15981,age
15982,age
15983,age
15984,age
15985,age
15986,age
15987,age
15988,age
15989,age
15990,age
15991,age
15992,age
15993,age
15994,age
15995,age
15996,age
15997,age
15998,age
15999,age
16000,age
16001,age
16002,age
16003,age
16004,age
16005,age
16006,age
16007,age
16008,age
16009,age
16010,age
16011,age
16012,age
16013,age
16014,age
16015,age
16016,age
16017,age
16018,age
16019,age
16020,age
16021,age
16022,age
16023,age
16024,age
16025,age
16026,age
16027,age
16028,age
16029,age
16030,age
16031,age
16032,age
16033,age
16034,age
16035,age
16036,age
16037,age
16038,age
16039,age
16040,age
16041,age
16042,age
16043,age
16044,age
16045,age
16046,age
16047,age
16048,age
16049,age
16050,age
16051,age
16052,age
16053,age
16054,age
16055,age
16056,age
16057,age
16058,age
16059,age
16060,age
16061,age
16062,age
16063,age
16064,age
16065,age
16066,age
16067,age
16068,age
16069,age
16070,age
16071,age
16072,age
16073,age
16074,age
16075,age
16076,age
16077,age
16078,age
16079,age
16080,age
16081,age
16082,age
16083,age
16084,age
16085,age
16086,age
16087,age
16088,age
16089,age
16090,age
16091,age
16092,age
16093,age
16094,age
16095,age
16096,age
16097,age
16098,age
16099,age
16100,age
16101,age
16102,age
16103,age
16104,age
16105,age
16106,age
16107,age
16108,age
16109,age
16110,age
16111,age
16112,age
16113,age
16114,age
16115,age
16116,age
16117,age
16118,age
16119,age
16120,age
16121,age
16122,age
16123,age
16124,age
16125,age
16126,age
16127,age
16128,age
16129,age
16130,age
16131,age
16132,age
16133,age
16134,age
16135,age
16136,age
16137,age
16138,age
16139,age
16140,age
16141,age
16142,age
16143,age
16144,age
16145,age
16146,age
16147,age
16148,age
16149,age
16150,age
16151,age
16152,age
16153,age
16154,age
16155,age
16156,age
16157,age
16158,age
16159,age
16160,age
16161,age
16162,age
16163,age
16164,age
16165,age
16166,age
16167,age
16168,age
16169,age
16170,age
16171,age
16172,age
16173,age
16174,age
16175,age
16176,age
16177,age
16178,age
16179,age
16180,age
16181,age
16182,age
16183,age
16184,age
16185,age
16186,age
16187,age
16188,age
16189,age
16190,age
16191,age
16192,age
16193,age
16194,age
16195,age
16196,age
16197,age
16198,age
16199,age
16200,age
16201,age
16202,age
16203,age
16204,age
16205,age
16206,age
16207,age
16208,age
16209,age
16210,age
16211,age
16212,age
16213,age
16214,age
16215,age
16216,age
16217,age
16218,age
16219,age
16220,age
16221,age
16222,age
16223,age
16224,age
16225,age
16226,age
16227,age
16228,age
16229,age
16230,age
16231,age
16232,age
16233,age
16234,age
16235,age
16236,age
16237,age
16238,age
16239,age
16240,age
16241,age
16242,age
16243,age
16244,age
16245,age
16246,age
16247,age
16248,age
16249,age
16250,age
16251,age
16252,age
16253,age
16254,age
16255,age
16256,age
16257,age
16258,age
16259,age
16260,age
16261,age
16262,age
16263,age
16264,age
16265,age
16266,age
16267,age
16268,age
16269,age
16270,age
16271,age
16272,age
16273,age
16274,age
16275,age
16276,age
16277,age
16278,age
16279,age
16280,age
16281,age
16282,age
16283,age
16284,age
16285,age
16286,age
16287,age
16288,age
16289,age
16290,age
16291,age
16292,age
16293,age
16294,age
16295,age
16296,age
16297,age
16298,age
16299,age
16300,age
16301,age
16302,age
16303,age
16304,age
16305,age
16306,age
16307,age
16308,age
16309,age
16310,age
16311,age
16312,age
16313,age
16314,age
16315,age
16316,age
16317,age
16318,age
16319,age
16320,age
16321,age
16322,age
16323,age
16324,age
16325,age
16326,age
16327,age
16328,age
16329,age
16330,age
16331,age
16332,age
16333,age
16334,age
16335,age
16336,age
16337,age
16338,age
16339,age
16340,age
16341,age
16342,age
16343,age
16344,age
16345,age
16346,age
16347,age
16348,age
16349,age
16350,age
16351,age
16352,age
16353,age
16354,age
16355,age
16356,age
16357,age
16358,age
16359,age
16360,age
16361,age
16362,age
16363,age
16364,age
16365,age
16366,age
16367,age
16368,age
16369,age
16370,age
16371,age
16372,age
16373,age
16374,age
16375,age
16376,age
16377,age
16378,age
16379,age
16380,age
16381,age
16382,age
16383,age
16384,age
16385,age
16386,age
16387,age
16388,age
16389,age
16390,age
16391,age
16392,age
16393,age
16394,age
16395,age
16396,age
16397,age
16398,age
16399,age
16400,age
16401,age
16402,age
16403,age
16404,age
16405,age
16406,age
16407,age
16408,age
16409,age
16410,age
16411,age
16412,age
16413,age
16414,age
16415,age
16416,age
16417,age
16418,age
16419,age
16420,age
16421,age
16422,age
16423,age
16424,age
16425,age
16426,age
16427,age
16428,age
16429,age
16430,age
16431,age
16432,age
16433,age
16434,age
16435,age
16436,age
16437,age
16438,age
16439,age
16440,age
16441,age
16442,age
16443,age
16444,age
16445,age
16446,age
16447,age
16448,age
16449,age
16450,age
16451,age
16452,age
16453,age
16454,age
16455,age
16456,age
16457,age
16458,age
16459,age
16460,age
16461,age
16462,age
16463,age
16464,age
16465,age
16466,age
16467,age
16468,age
16469,age
16470,age
16471,age
16472,age
16473,age
16474,age
16475,age
16476,age
16477,age
16478,age
16479,age
16480,age
16481,age
16482,age
16483,age
16484,age
16485,age
16486,age
16487,age
16488,age
16489,age
16490,age
16491,age
16492,age
16493,age
16494,age
16495,age
16496,age
16497,age
16498,age
16499,age
16500,age
16501,age
16502,age
16503,age
16504,age
16505,age
16506,age
16507,age
16508,age
16509,age
16510,age
16511,age
16512,age
16513,age
16514,age
16515,age
16516,age
16517,age
16518,age
16519,age
16520,age
16521,age
16522,age
16523,age
16524,age
16525,age
16526,age
16527,age
16528,age
16529,age
16530,age
16531,age
16532,age
16533,age
16534,age
16535,age
16536,age
16537,age
16538,age
16539,age
16540,age
16541,age
16542,age
16543,age
16544,age
16545,age
16546,age
16547,age
16548,age
16549,age
16550,age
16551,age
16552,age
16553,age
16554,age
16555,age
16556,age
16557,age
16558,age
16559,age
16560,age
16561,age
16562,age
16563,age
16564,age
16565,age
16566,age
16567,age
16568,age
16569,age
16570,age
16571,age
16572,age
16573,age
16574,age
16575,age
16576,age
16577,age
16578,age
16579,age
16580,age
16581,age
16582,age
16583,age
16584,age
16585,age
16586,age
16587,age
16588,age
16589,age
16590,age
16591,age
16592,age
16593,age
16594,age
16595,age
16596,age
16597,age
16598,age
16599,age
16600,age
16601,age
16602,age
16603,age
16604,age
16605,age
16606,age
16607,age
16608,age
16609,age
16610,age
16611,age
16612,age
16613,age
16614,age
16615,age
16616,age
16617,age
16618,age
16619,age
16620,age
16621,age
16622,age
16623,age
16624,age
16625,age
16626,age
16627,age
16628,age
16629,age
16630,age
16631,age
16632,age
16633,age
16634,age
16635,age
16636,age
16637,age
16638,age
16639,age
16640,age
16641,age
16642,age
16643,age
16644,age
16645,age
16646,age
16647,age
16648,age
16649,age
16650,age
16651,age
16652,age
16653,age
16654,age
16655,age
16656,age
16657,age
16658,age
16659,age
16660,age
16661,age
16662,age
16663,age
16664,age
16665,age
16666,age
16667,age
16668,age
16669,age
16670,age
16671,age
16672,age
16673,age
16674,age
16675,age
16676,age
16677,age
16678,age
16679,age
16680,age
16681,age
16682,age
16683,age
16684,age
16685,age
16686,age
16687,age
16688,age
16689,age
16690,age
16691,age
16692,age
16693,age
16694,age
16695,age
16696,age
16697,age
16698,age
16699,age
16700,age
16701,age
16702,age
16703,age
16704,age
16705,age
16706,age
16707,age
16708,age
16709,age
16710,age
16711,age
16712,age
16713,age
16714,age
16715,age
16716,age
16717,age
16718,age
16719,age
16720,age
16721,age
16722,age
16723,age
16724,age
16725,age
16726,age
16727,age
16728,age
16729,age
16730,age
16731,age
16732,age
16733,age
16734,age
16735,age
16736,age
16737,age
16738,age
16739,age
16740,age
16741,age
16742,age
16743,age
16744,age
16745,age
16746,age
16747,age
16748,age
16749,age
16750,age
16751,age
16752,age
16753,age
16754,age
16755,age
16756,age
16757,age
16758,age
16759,age
16760,age
16761,age
16762,age
16763,age
16764,age
16765,age
16766,age
16767,age
16768,age
16769,age
16770,age
16771,age
16772,age
16773,age
16774,age
16775,age
16776,age
16777,age
16778,age
16779,age
16780,age
16781,age
16782,age
16783,age
16784,age
16785,age
16786,age
16787,age
16788,age
16789,age
16790,age
16791,age
16792,age
16793,age
16794,age
16795,age
16796,age
16797,age
16798,age
16799,age
16800,age
16801,age
16802,age
16803,age
16804,age
16805,age
16806,age
16807,age
16808,age
16809,age
16810,age
16811,age
16812,age
16813,age
16814,age
16815,age
16816,age
16817,age
16818,age
16819,age
16820,age
16821,age
16822,age
16823,age
16824,age
16825,age
16826,age
16827,age
16828,age
16829,age
16830,age
16831,age
16832,age
16833,age
16834,age
16835,age
16836,age
16837,age
16838,age
16839,age
16840,age
16841,age
16842,age
16843,age
16844,age
16845,age
16846,age
16847,age
16848,age
16849,age
16850,age
16851,age
16852,age
16853,age
16854,age
16855,age
16856,age
16857,age
16858,age
16859,age
16860,age
16861,age
16862,age
16863,age
16864,age
16865,age
16866,age
16867,age
16868,age
16869,age
16870,age
16871,age
16872,age
16873,age
16874,age
16875,age
16876,age
16877,age
16878,age
16879,age
16880,age
16881,age
16882,age
16883,age
16884,age
16885,age
16886,age
16887,age
16888,age
16889,age
16890,age
16891,age
16892,age
16893,age
16894,age
16895,age
16896,age
16897,age
16898,age
16899,age
16900,age
16901,age
16902,age
16903,age
16904,age
16905,age
16906,age
16907,age
16908,age
16909,age
16910,age
16911,age
16912,age
16913,age
16914,age
16915,age
16916,age
16917,age
16918,age
16919,age
16920,age
16921,age
16922,age
16923,age
16924,age
16925,age
16926,age
16927,age
16928,age
16929,age
16930,age
16931,age
16932,age
16933,age
16934,age
16935,age
16936,age
16937,age
16938,age
16939,age
16940,age
16941,age
16942,age
16943,age
16944,age
16945,age
16946,age
16947,age
16948,age
16949,age
16950,age
16951,age
16952,age
16953,age
16954,age
16955,age
16956,age
16957,age
16958,age
16959,age
16960,age
16961,age
16962,age
16963,age
16964,age
16965,age
16966,age
16967,age
16968,age
16969,age
16970,age
16971,age
16972,age
16973,age
16974,age
16975,age
16976,age
16977,age
16978,age
16979,age
16980,age
16981,age
16982,age
16983,age
16984,age
16985,age
16986,age
16987,age
16988,age
16989,age
16990,age
16991,age
16992,age
16993,age
16994,age
16995,age
16996,age
16997,age
16998,age
16999,age
17000,age
17001,age
17002,age
17003,age
17004,age
17005,age
17006,age
17007,age
17008,age
17009,age
17010,age
17011,age
17012,age
17013,age
17014,age
17015,age
17016,age
17017,age
17018,age
17019,age
17020,age
17021,age
17022,age
17023,age
17024,age
17025,age
17026,age
17027,age
17028,age
17029,age
17030,age
17031,age
17032,age
17033,age
17034,age
17035,age
17036,age
17037,age
17038,age
17039,age
17040,age
17041,age
17042,age
17043,age
17044,age
17045,age
17046,age
17047,age
17048,age
17049,age
17050,age
17051,age
17052,age
17053,age
17054,age
17055,age
17056,age
17057,age
17058,age
17059,age
17060,age
17061,age
17062,age
17063,age
17064,age
17065,age
17066,age
17067,age
17068,age
17069,age
17070,age
17071,age
17072,age
17073,age
17074,age
17075,age
17076,age
17077,age
17078,age
17079,age
17080,age
17081,age
17082,age
17083,age
17084,age
17085,age
17086,age
17087,age
17088,age
17089,age
17090,age
17091,age
17092,age
17093,age
17094,age
17095,age
17096,age
17097,age
17098,age
17099,age
17100,age
17101,age
17102,age
17103,age
17104,age
17105,age
17106,age
17107,age
17108,age
17109,age
17110,age
17111,age
17112,age
17113,age
17114,age
17115,age
17116,age
17117,age
17118,age
17119,age
17120,age
17121,age
17122,age
17123,age
17124,age
17125,age
17126,age
17127,age
17128,age
17129,age
17130,age
17131,age
17132,age
17133,age
17134,age
17135,age
17136,age
17137,age
17138,age
17139,age
17140,age
17141,age
17142,age
17143,age
17144,age
17145,age
17146,age
17147,age
17148,age
17149,age
17150,age
17151,age
17152,age
17153,age
17154,age
17155,age
17156,age
17157,age
17158,age
17159,age
17160,age
17161,age
17162,age
17163,age
17164,age
17165,age
17166,age
17167,age
17168,age
17169,age
17170,age
17171,age
17172,age
17173,age
17174,age
17175,age
17176,age
17177,age
17178,age
17179,age
17180,age
17181,age
17182,age
17183,age
17184,age
17185,age
17186,age
17187,age
17188,age
17189,age
17190,age
17191,age
17192,age
17193,age
17194,age
17195,age
17196,age
17197,age
17198,age
17199,age
17200,age
17201,age
17202,age
17203,age
17204,age
17205,age
17206,age
17207,age
17208,age
17209,age
17210,age
17211,age
17212,age
17213,age
17214,age
17215,age
17216,age
17217,age
17218,age
17219,age
17220,age
17221,age
17222,age
17223,age
17224,age
17225,age
17226,age
17227,age
17228,age
17229,age
17230,age
17231,age
17232,age
17233,age
17234,age
17235,age
17236,age
17237,age
17238,age
17239,age
17240,age
17241,age
17242,age
17243,age
17244,age
17245,age
17246,age
17247,age
17248,age
17249,age
17250,age
17251,age
17252,age
17253,age
17254,age
17255,age
17256,age
17257,age
17258,age
17259,age
17260,age
17261,age
17262,age
17263,age
17264,age
17265,age
17266,age
17267,age
17268,age
17269,age
17270,age
17271,age
17272,age
17273,age
17274,age
17275,age
17276,age
17277,age
17278,age
17279,age
17280,age
17281,age
17282,age
17283,age
17284,age
17285,age
17286,age
17287,age
17288,age
17289,age
17290,age
17291,age
17292,age
17293,age
17294,age
17295,age
17296,age
17297,age
17298,age
17299,age
17300,age
17301,age
17302,age
17303,age
17304,age
17305,age
17306,age
17307,age
17308,age
17309,age
17310,age
17311,age
17312,age
17313,age
17314,age
17315,age
17316,age
17317,age
17318,age
17319,age
17320,age
17321,age
17322,age
17323,age
17324,age
17325,age
17326,age
17327,age
17328,age
17329,age
17330,age
17331,age
17332,age
17333,age
17334,age
17335,age
17336,age
17337,age
17338,age
17339,age
17340,age
17341,age
17342,age
17343,age
17344,age
17345,age
17346,age
17347,age
17348,age
17349,age
17350,age
17351,age
17352,age
17353,age
17354,age
17355,age
17356,age
17357,age
17358,age
17359,age
17360,age
17361,age
17362,age
17363,age
17364,age
17365,age
17366,age
17367,age
17368,age
17369,age
17370,age
17371,age
17372,age
17373,age
17374,age
17375,age
17376,age
17377,age
17378,age
17379,age
17380,age
17381,age
17382,age
17383,age
17384,age
17385,age
17386,age
17387,age
17388,age
17389,age
17390,age
17391,age
17392,age
17393,age
17394,age
17395,age
17396,age
17397,age
17398,age
17399,age
17400,age
17401,age
17402,age
17403,age
17404,age
17405,age
17406,age
17407,age
17408,age
17409,age
17410,age
17411,age
17412,age
17413,age
17414,age
17415,age
17416,age
17417,age
17418,age
17419,age
17420,age
17421,age
17422,age
17423,age
17424,age
17425,age
17426,age
17427,age
17428,age
17429,age
17430,age
17431,age
17432,age
17433,age
17434,age
17435,age
17436,age
17437,age
17438,age
17439,age
17440,age
17441,age
17442,age
17443,age
17444,age
17445,age
17446,age
17447,age
17448,age
17449,age
17450,age
17451,age
17452,age
17453,age
17454,age
17455,age
17456,age
17457,age
17458,age
17459,age
17460,age
17461,age
17462,age
17463,age
17464,age
17465,age
17466,age
17467,age
17468,age
17469,age
17470,age
17471,age
17472,age
17473,age
17474,age
17475,age
17476,age
17477,age
17478,age
17479,age
17480,age
17481,age
17482,age
17483,age
17484,age
17485,age
17486,age
17487,age
17488,age
17489,age
17490,age
17491,age
17492,age
17493,age
17494,age
17495,age
17496,age
17497,age
17498,age
17499,age
17500,age
17501,age
17502,age
17503,age
17504,age
17505,age
17506,age
17507,age
17508,age
17509,age
17510,age
17511,age
17512,age
17513,age
17514,age
17515,age
17516,age
17517,age
17518,age
17519,age
17520,age
17521,age
17522,age
17523,age
17524,age
17525,age
17526,age
17527,age
17528,age
17529,age
17530,age
17531,age
17532,age
17533,age
17534,age
17535,age
17536,age
17537,age
17538,age
17539,age
17540,age
17541,age
17542,age
17543,age
17544,age
17545,age
17546,age
17547,age
17548,age
17549,age
17550,age
17551,age
17552,age
17553,age
17554,age
17555,age
17556,age
17557,age
17558,age
17559,age
17560,age
17561,age
17562,age
17563,age
17564,age
17565,age
17566,age
17567,age
17568,age
17569,age
17570,age
17571,age
17572,age
17573,age
17574,age
17575,age
17576,age
17577,age
17578,age
17579,age
17580,age
17581,age
17582,age
17583,age
17584,age
17585,age
17586,age
17587,age
17588,age
17589,age
17590,age
17591,age
17592,age
17593,age
17594,age
17595,age
17596,age
17597,age
17598,age
17599,age
17600,age
17601,age
17602,age
17603,age
17604,age
17605,age
17606,age
17607,age
17608,age
17609,age
17610,age
17611,age
17612,age
17613,age
17614,age
17615,age
17616,age
17617,age
17618,age
17619,age
17620,age
17621,age
17622,age
17623,age
17624,age
17625,age
17626,age
17627,age
17628,age
17629,age
17630,age
17631,age
17632,age
17633,age
17634,age
17635,age
17636,age
17637,age
17638,age
17639,age
17640,age
17641,age
17642,age
17643,age
17644,age
17645,age
17646,age
17647,age
17648,age
17649,age
17650,age
17651,age
17652,age
17653,age
17654,age
17655,age
17656,age
17657,age
17658,age
17659,age
17660,age
17661,age
17662,age
17663,age
17664,age
17665,age
17666,age
17667,age
17668,age
17669,age
17670,age
17671,age
17672,age
17673,age
17674,age
17675,age
17676,age
17677,age
17678,age
17679,age
17680,age
17681,age
17682,age
17683,age
17684,age
17685,age
17686,age
17687,age
17688,age
17689,age
17690,age
17691,age
17692,age
17693,age
17694,age
17695,age
17696,age
17697,age
17698,age
17699,age
17700,age
17701,age
17702,age
17703,age
17704,age
17705,age
17706,age
17707,age
17708,age
17709,age
17710,age
17711,age
17712,age
17713,age
17714,ethnicity
17715,ethnicity
17716,ethnicity
17717,ethnicity
17718,ethnicity
17719,ethnicity
17720,ethnicity
17721,ethnicity
17722,ethnicity
17723,ethnicity
17724,ethnicity
17725,ethnicity
17726,ethnicity
17727,ethnicity
17728,ethnicity
17729,ethnicity
17730,ethnicity
17731,ethnicity
17732,ethnicity
17733,ethnicity
17734,ethnicity
17735,ethnicity
17736,ethnicity
17737,ethnicity
17738,ethnicity
17739,ethnicity
17740,ethnicity
17741,ethnicity
17742,ethnicity
17743,ethnicity
17744,ethnicity
17745,ethnicity
17746,ethnicity
17747,ethnicity
17748,ethnicity
17749,ethnicity
17750,ethnicity
17751,ethnicity
17752,ethnicity
17753,ethnicity
17754,ethnicity
17755,ethnicity
17756,ethnicity
17757,ethnicity
17758,ethnicity
17759,ethnicity
17760,ethnicity
17761,ethnicity
17762,ethnicity
17763,ethnicity
17764,ethnicity
17765,ethnicity
17766,ethnicity
17767,ethnicity
17768,ethnicity
17769,ethnicity
17770,ethnicity
17771,ethnicity
17772,ethnicity
17773,ethnicity
17774,ethnicity
17775,ethnicity
17776,ethnicity
17777,ethnicity
17778,ethnicity
17779,ethnicity
17780,ethnicity
17781,ethnicity
17782,ethnicity
17783,ethnicity
17784,ethnicity
17785,ethnicity
17786,ethnicity
17787,ethnicity
17788,ethnicity
17789,ethnicity
17790,ethnicity
17791,ethnicity
17792,ethnicity
17793,ethnicity
17794,ethnicity
17795,ethnicity
17796,ethnicity
17797,ethnicity
17798,ethnicity
17799,ethnicity
17800,ethnicity
17801,ethnicity
17802,ethnicity
17803,ethnicity
17804,ethnicity
17805,ethnicity
17806,ethnicity
17807,ethnicity
17808,ethnicity
17809,ethnicity
17810,ethnicity
17811,ethnicity
17812,ethnicity
17813,ethnicity
17814,ethnicity
17815,ethnicity
17816,ethnicity
17817,ethnicity
17818,ethnicity
17819,ethnicity
17820,ethnicity
17821,ethnicity
17822,ethnicity
17823,ethnicity
17824,ethnicity
17825,ethnicity
17826,ethnicity
17827,ethnicity
17828,ethnicity
17829,ethnicity
17830,ethnicity
17831,ethnicity
17832,ethnicity
17833,ethnicity
17834,ethnicity
17835,ethnicity
17836,ethnicity
17837,ethnicity
17838,ethnicity
17839,ethnicity
17840,ethnicity
17841,ethnicity
17842,ethnicity
17843,ethnicity
17844,ethnicity
17845,ethnicity
17846,ethnicity
17847,ethnicity
17848,ethnicity
17849,ethnicity
17850,ethnicity
17851,ethnicity
17852,ethnicity
17853,ethnicity
17854,ethnicity
17855,ethnicity
17856,ethnicity
17857,ethnicity
17858,ethnicity
17859,ethnicity
17860,ethnicity
17861,ethnicity
17862,ethnicity
17863,ethnicity
17864,ethnicity
17865,ethnicity
17866,ethnicity
17867,ethnicity
17868,ethnicity
17869,ethnicity
17870,ethnicity
17871,ethnicity
17872,ethnicity
17873,ethnicity
17874,ethnicity
17875,ethnicity
17876,ethnicity
17877,ethnicity
17878,ethnicity
17879,ethnicity
17880,ethnicity
17881,ethnicity
17882,ethnicity
17883,ethnicity
17884,ethnicity
17885,ethnicity
17886,ethnicity
17887,ethnicity
17888,ethnicity
17889,ethnicity
17890,ethnicity
17891,ethnicity
17892,ethnicity
17893,ethnicity
17894,ethnicity
17895,ethnicity
17896,ethnicity
17897,ethnicity
17898,ethnicity
17899,ethnicity
17900,ethnicity
17901,ethnicity
17902,ethnicity
17903,ethnicity
17904,ethnicity
17905,ethnicity
17906,ethnicity
17907,ethnicity
17908,ethnicity
17909,ethnicity
17910,ethnicity
17911,ethnicity
17912,ethnicity
17913,ethnicity
17914,ethnicity
17915,ethnicity
17916,ethnicity
17917,ethnicity
17918,ethnicity
17919,ethnicity
17920,ethnicity
17921,ethnicity
17922,ethnicity
17923,ethnicity
17924,ethnicity
17925,ethnicity
17926,ethnicity
17927,ethnicity
17928,ethnicity
17929,ethnicity
17930,ethnicity
17931,ethnicity
17932,ethnicity
17933,ethnicity
17934,ethnicity
17935,ethnicity
17936,ethnicity
17937,ethnicity
17938,ethnicity
17939,ethnicity
17940,ethnicity
17941,ethnicity
17942,ethnicity
17943,ethnicity
17944,ethnicity
17945,ethnicity
17946,ethnicity
17947,ethnicity
17948,ethnicity
17949,ethnicity
17950,ethnicity
17951,ethnicity
17952,ethnicity
17953,ethnicity
17954,ethnicity
17955,ethnicity
17956,ethnicity
17957,ethnicity
17958,ethnicity
17959,ethnicity
17960,ethnicity
17961,ethnicity
17962,ethnicity
17963,ethnicity
17964,ethnicity
17965,ethnicity
17966,ethnicity
17967,ethnicity
17968,ethnicity
17969,ethnicity
17970,ethnicity
17971,ethnicity
17972,ethnicity
17973,ethnicity
17974,ethnicity
17975,ethnicity
17976,ethnicity
17977,ethnicity
17978,ethnicity
17979,ethnicity
17980,ethnicity
17981,ethnicity
17982,ethnicity
17983,ethnicity
17984,ethnicity
17985,ethnicity
17986,ethnicity
17987,ethnicity
17988,ethnicity
17989,ethnicity
17990,ethnicity
17991,ethnicity
17992,ethnicity
17993,ethnicity
17994,ethnicity
17995,ethnicity
17996,ethnicity
17997,ethnicity
17998,ethnicity
17999,ethnicity
18000,ethnicity
18001,ethnicity
18002,ethnicity
18003,ethnicity
18004,ethnicity
18005,ethnicity
18006,ethnicity
18007,ethnicity
18008,ethnicity
18009,ethnicity
18010,ethnicity
18011,ethnicity
18012,ethnicity
18013,ethnicity
18014,ethnicity
18015,ethnicity
18016,ethnicity
18017,ethnicity
18018,ethnicity
18019,ethnicity
18020,ethnicity
18021,ethnicity
18022,ethnicity
18023,ethnicity
18024,ethnicity
18025,ethnicity
18026,ethnicity
18027,ethnicity
18028,ethnicity
18029,ethnicity
18030,ethnicity
18031,ethnicity
18032,ethnicity
18033,ethnicity
18034,ethnicity
18035,ethnicity
18036,ethnicity
18037,ethnicity
18038,ethnicity
18039,ethnicity
18040,ethnicity
18041,ethnicity
18042,ethnicity
18043,ethnicity
18044,ethnicity
18045,ethnicity
18046,ethnicity
18047,ethnicity
18048,ethnicity
18049,ethnicity
18050,ethnicity
18051,ethnicity
18052,ethnicity
18053,ethnicity
18054,ethnicity
18055,ethnicity
18056,ethnicity
18057,ethnicity
18058,ethnicity
18059,ethnicity
18060,ethnicity
18061,ethnicity
18062,ethnicity
18063,ethnicity
18064,ethnicity
18065,ethnicity
18066,ethnicity
18067,ethnicity
18068,ethnicity
18069,ethnicity
18070,ethnicity
18071,ethnicity
18072,ethnicity
18073,ethnicity
18074,ethnicity
18075,ethnicity
18076,ethnicity
18077,ethnicity
18078,ethnicity
18079,ethnicity
18080,ethnicity
18081,ethnicity
18082,ethnicity
18083,ethnicity
18084,ethnicity
18085,ethnicity
18086,ethnicity
18087,ethnicity
18088,ethnicity
18089,ethnicity
18090,ethnicity
18091,ethnicity
18092,ethnicity
18093,ethnicity
18094,ethnicity
18095,ethnicity
18096,ethnicity
18097,ethnicity
18098,ethnicity
18099,ethnicity
18100,ethnicity
18101,ethnicity
18102,ethnicity
18103,ethnicity
18104,ethnicity
18105,ethnicity
18106,ethnicity
18107,ethnicity
18108,ethnicity
18109,ethnicity
18110,ethnicity
18111,ethnicity
18112,ethnicity
18113,ethnicity
18114,ethnicity
18115,ethnicity
18116,ethnicity
18117,ethnicity
18118,ethnicity
18119,ethnicity
18120,ethnicity
18121,ethnicity
18122,ethnicity
18123,ethnicity
18124,ethnicity
18125,ethnicity
18126,ethnicity
18127,ethnicity
18128,ethnicity
18129,ethnicity
18130,ethnicity
18131,ethnicity
18132,ethnicity
18133,ethnicity
18134,ethnicity
18135,ethnicity
18136,ethnicity
18137,ethnicity
18138,ethnicity
18139,ethnicity
18140,ethnicity
18141,ethnicity
18142,ethnicity
18143,ethnicity
18144,ethnicity
18145,ethnicity
18146,ethnicity
18147,ethnicity
18148,ethnicity
18149,ethnicity
18150,ethnicity
18151,ethnicity
18152,ethnicity
18153,ethnicity
18154,ethnicity
18155,ethnicity
18156,ethnicity
18157,ethnicity
18158,ethnicity
18159,ethnicity
18160,ethnicity
18161,ethnicity
18162,ethnicity
18163,ethnicity
18164,ethnicity
18165,ethnicity
18166,ethnicity
18167,ethnicity
18168,ethnicity
18169,ethnicity
18170,ethnicity
18171,ethnicity
18172,ethnicity
18173,ethnicity
18174,ethnicity
18175,ethnicity
18176,ethnicity
18177,ethnicity
18178,ethnicity
18179,ethnicity
18180,ethnicity
18181,ethnicity
18182,ethnicity
18183,ethnicity
18184,ethnicity
18185,ethnicity
18186,ethnicity
18187,ethnicity
18188,ethnicity
18189,ethnicity
18190,ethnicity
18191,ethnicity
18192,ethnicity
18193,ethnicity
18194,ethnicity
18195,ethnicity
18196,ethnicity
18197,ethnicity
18198,ethnicity
18199,ethnicity
18200,ethnicity
18201,ethnicity
18202,ethnicity
18203,ethnicity
18204,ethnicity
18205,ethnicity
18206,ethnicity
18207,ethnicity
18208,ethnicity
18209,ethnicity
18210,ethnicity
18211,ethnicity
18212,ethnicity
18213,ethnicity
18214,ethnicity
18215,ethnicity
18216,ethnicity
18217,ethnicity
18218,ethnicity
18219,ethnicity
18220,ethnicity
18221,ethnicity
18222,ethnicity
18223,ethnicity
18224,ethnicity
18225,ethnicity
18226,ethnicity
18227,ethnicity
18228,ethnicity
18229,ethnicity
18230,ethnicity
18231,ethnicity
18232,ethnicity
18233,ethnicity
18234,ethnicity
18235,ethnicity
18236,ethnicity
18237,ethnicity
18238,ethnicity
18239,ethnicity
18240,ethnicity
18241,ethnicity
18242,ethnicity
18243,ethnicity
18244,ethnicity
18245,ethnicity
18246,ethnicity
18247,ethnicity
18248,ethnicity
18249,ethnicity
18250,ethnicity
18251,ethnicity
18252,ethnicity
18253,ethnicity
18254,ethnicity
18255,ethnicity
18256,ethnicity
18257,ethnicity
18258,ethnicity
18259,ethnicity
18260,ethnicity
18261,ethnicity
18262,ethnicity
18263,ethnicity
18264,ethnicity
18265,ethnicity
18266,ethnicity
18267,ethnicity
18268,ethnicity
18269,ethnicity
18270,ethnicity
18271,ethnicity
18272,ethnicity
18273,ethnicity
18274,ethnicity
18275,ethnicity
18276,ethnicity
18277,ethnicity
18278,ethnicity
18279,ethnicity
18280,ethnicity
18281,ethnicity
18282,ethnicity
18283,ethnicity
18284,ethnicity
18285,ethnicity
18286,ethnicity
18287,ethnicity
18288,ethnicity
18289,ethnicity
18290,ethnicity
18291,ethnicity
18292,ethnicity
18293,ethnicity
18294,ethnicity
18295,ethnicity
18296,ethnicity
18297,ethnicity
18298,ethnicity
18299,ethnicity
18300,ethnicity
18301,ethnicity
18302,ethnicity
18303,ethnicity
18304,ethnicity
18305,ethnicity
18306,ethnicity
18307,ethnicity
18308,ethnicity
18309,ethnicity
18310,ethnicity
18311,ethnicity
18312,ethnicity
18313,ethnicity
18314,ethnicity
18315,ethnicity
18316,ethnicity
18317,ethnicity
18318,ethnicity
18319,ethnicity
18320,ethnicity
18321,ethnicity
18322,ethnicity
18323,ethnicity
18324,ethnicity
18325,ethnicity
18326,ethnicity
18327,ethnicity
18328,ethnicity
18329,ethnicity
18330,ethnicity
18331,ethnicity
18332,ethnicity
18333,ethnicity
18334,ethnicity
18335,ethnicity
18336,ethnicity
18337,ethnicity
18338,ethnicity
18339,ethnicity
18340,ethnicity
18341,ethnicity
18342,ethnicity
18343,ethnicity
18344,ethnicity
18345,ethnicity
18346,ethnicity
18347,ethnicity
18348,ethnicity
18349,ethnicity
18350,ethnicity
18351,ethnicity
18352,ethnicity
18353,ethnicity
18354,ethnicity
18355,ethnicity
18356,ethnicity
18357,ethnicity
18358,ethnicity
18359,ethnicity
18360,ethnicity
18361,ethnicity
18362,ethnicity
18363,ethnicity
18364,ethnicity
18365,ethnicity
18366,ethnicity
18367,ethnicity
18368,ethnicity
18369,ethnicity
18370,ethnicity
18371,ethnicity
18372,ethnicity
18373,ethnicity
18374,ethnicity
18375,ethnicity
18376,ethnicity
18377,ethnicity
18378,ethnicity
18379,ethnicity
18380,ethnicity
18381,ethnicity
18382,ethnicity
18383,ethnicity
18384,ethnicity
18385,ethnicity
18386,ethnicity
18387,ethnicity
18388,ethnicity
18389,ethnicity
18390,ethnicity
18391,ethnicity
18392,ethnicity
18393,ethnicity
18394,ethnicity
18395,ethnicity
18396,ethnicity
18397,ethnicity
18398,ethnicity
18399,ethnicity
18400,ethnicity
18401,ethnicity
18402,ethnicity
18403,ethnicity
18404,ethnicity
18405,ethnicity
18406,ethnicity
18407,ethnicity
18408,ethnicity
18409,ethnicity
18410,ethnicity
18411,ethnicity
18412,ethnicity
18413,ethnicity
18414,ethnicity
18415,ethnicity
18416,ethnicity
18417,ethnicity
18418,ethnicity
18419,ethnicity
18420,ethnicity
18421,ethnicity
18422,ethnicity
18423,ethnicity
18424,ethnicity
18425,ethnicity
18426,ethnicity
18427,ethnicity
18428,ethnicity
18429,ethnicity
18430,ethnicity
18431,ethnicity
18432,ethnicity
18433,ethnicity
18434,ethnicity
18435,ethnicity
18436,ethnicity
18437,ethnicity
18438,ethnicity
18439,ethnicity
18440,ethnicity
18441,ethnicity
18442,ethnicity
18443,ethnicity
18444,ethnicity
18445,ethnicity
18446,ethnicity
18447,ethnicity
18448,ethnicity
18449,ethnicity
18450,ethnicity
18451,ethnicity
18452,ethnicity
18453,ethnicity
18454,ethnicity
18455,ethnicity
18456,ethnicity
18457,ethnicity
18458,ethnicity
18459,ethnicity
18460,ethnicity
18461,ethnicity
18462,ethnicity
18463,ethnicity
18464,ethnicity
18465,ethnicity
18466,ethnicity
18467,ethnicity
18468,ethnicity
18469,ethnicity
18470,ethnicity
18471,ethnicity
18472,ethnicity
18473,ethnicity
18474,ethnicity
18475,ethnicity
18476,ethnicity
18477,ethnicity
18478,ethnicity
18479,ethnicity
18480,ethnicity
18481,ethnicity
18482,ethnicity
18483,ethnicity
18484,ethnicity
18485,ethnicity
18486,ethnicity
18487,ethnicity
18488,ethnicity
18489,ethnicity
18490,ethnicity
18491,ethnicity
18492,ethnicity
18493,ethnicity
18494,ethnicity
18495,ethnicity
18496,ethnicity
18497,ethnicity
18498,ethnicity
18499,ethnicity
18500,ethnicity
18501,ethnicity
18502,ethnicity
18503,ethnicity
18504,ethnicity
18505,ethnicity
18506,ethnicity
18507,ethnicity
18508,ethnicity
18509,ethnicity
18510,ethnicity
18511,ethnicity
18512,ethnicity
18513,ethnicity
18514,ethnicity
18515,ethnicity
18516,ethnicity
18517,ethnicity
18518,ethnicity
18519,ethnicity
18520,ethnicity
18521,ethnicity
18522,ethnicity
18523,ethnicity
18524,ethnicity
18525,ethnicity
18526,ethnicity
18527,ethnicity
18528,ethnicity
18529,ethnicity
18530,ethnicity
18531,ethnicity
18532,ethnicity
18533,ethnicity
18534,ethnicity
18535,ethnicity
18536,ethnicity
18537,ethnicity
18538,ethnicity
18539,ethnicity
18540,ethnicity
18541,ethnicity
18542,ethnicity
18543,ethnicity
18544,ethnicity
18545,ethnicity
18546,ethnicity
18547,ethnicity
18548,ethnicity
18549,ethnicity
18550,ethnicity
18551,ethnicity
18552,ethnicity
18553,ethnicity
18554,ethnicity
18555,ethnicity
18556,ethnicity
18557,ethnicity
18558,ethnicity
18559,ethnicity
18560,ethnicity
18561,ethnicity
18562,ethnicity
18563,ethnicity
18564,ethnicity
18565,ethnicity
18566,ethnicity
18567,ethnicity
18568,ethnicity
18569,ethnicity
18570,ethnicity
18571,ethnicity
18572,ethnicity
18573,ethnicity
18574,ethnicity
18575,ethnicity
18576,ethnicity
18577,ethnicity
18578,ethnicity
18579,ethnicity
18580,ethnicity
18581,ethnicity
18582,ethnicity
18583,ethnicity
18584,ethnicity
18585,ethnicity
18586,ethnicity
18587,ethnicity
18588,ethnicity
18589,ethnicity
18590,ethnicity
18591,ethnicity
18592,ethnicity
18593,ethnicity
18594,ethnicity
18595,ethnicity
18596,ethnicity
18597,ethnicity
18598,ethnicity
18599,ethnicity
18600,ethnicity
18601,ethnicity
18602,ethnicity
18603,ethnicity
18604,ethnicity
18605,ethnicity
18606,ethnicity
18607,ethnicity
18608,ethnicity
18609,ethnicity
18610,ethnicity
18611,ethnicity
18612,ethnicity
18613,ethnicity
18614,ethnicity
18615,ethnicity
18616,ethnicity
18617,ethnicity
18618,ethnicity
18619,ethnicity
18620,ethnicity
18621,ethnicity
18622,ethnicity
18623,ethnicity
18624,ethnicity
18625,ethnicity
18626,ethnicity
18627,ethnicity
18628,ethnicity
18629,ethnicity
18630,ethnicity
18631,ethnicity
18632,ethnicity
18633,ethnicity
18634,ethnicity
18635,ethnicity
18636,ethnicity
18637,ethnicity
18638,ethnicity
18639,ethnicity
18640,ethnicity
18641,ethnicity
18642,ethnicity
18643,ethnicity
18644,ethnicity
18645,ethnicity
18646,ethnicity
18647,ethnicity
18648,ethnicity
18649,ethnicity
18650,ethnicity
18651,ethnicity
18652,ethnicity
18653,ethnicity
18654,ethnicity
18655,ethnicity
18656,ethnicity
18657,ethnicity
18658,ethnicity
18659,ethnicity
18660,ethnicity
18661,ethnicity
18662,ethnicity
18663,ethnicity
18664,ethnicity
18665,ethnicity
18666,ethnicity
18667,ethnicity
18668,ethnicity
18669,ethnicity
18670,ethnicity
18671,ethnicity
18672,ethnicity
18673,ethnicity
18674,ethnicity
18675,ethnicity
18676,ethnicity
18677,ethnicity
18678,ethnicity
18679,ethnicity
18680,ethnicity
18681,ethnicity
18682,ethnicity
18683,ethnicity
18684,ethnicity
18685,ethnicity
18686,ethnicity
18687,ethnicity
18688,ethnicity
18689,ethnicity
18690,ethnicity
18691,ethnicity
18692,ethnicity
18693,ethnicity
18694,ethnicity
18695,ethnicity
18696,ethnicity
18697,ethnicity
18698,ethnicity
18699,ethnicity
18700,ethnicity
18701,ethnicity
18702,ethnicity
18703,ethnicity
18704,ethnicity
18705,ethnicity
18706,ethnicity
18707,ethnicity
18708,ethnicity
18709,ethnicity
18710,ethnicity
18711,ethnicity
18712,ethnicity
18713,ethnicity
18714,ethnicity
18715,ethnicity
18716,ethnicity
18717,ethnicity
18718,ethnicity
18719,ethnicity
18720,ethnicity
18721,ethnicity
18722,ethnicity
18723,ethnicity
18724,ethnicity
18725,ethnicity
18726,ethnicity
18727,ethnicity
18728,ethnicity
18729,ethnicity
18730,ethnicity
18731,ethnicity
18732,ethnicity
18733,ethnicity
18734,ethnicity
18735,ethnicity
18736,ethnicity
18737,ethnicity
18738,ethnicity
18739,ethnicity
18740,ethnicity
18741,ethnicity
18742,ethnicity
18743,ethnicity
18744,ethnicity
18745,ethnicity
18746,ethnicity
18747,ethnicity
18748,ethnicity
18749,ethnicity
18750,ethnicity
18751,ethnicity
18752,ethnicity
18753,ethnicity
18754,ethnicity
18755,ethnicity
18756,ethnicity
18757,ethnicity
18758,ethnicity
18759,ethnicity
18760,ethnicity
18761,ethnicity
18762,ethnicity
18763,ethnicity
18764,ethnicity
18765,ethnicity
18766,ethnicity
18767,ethnicity
18768,ethnicity
18769,ethnicity
18770,ethnicity
18771,ethnicity
18772,ethnicity
18773,ethnicity
18774,ethnicity
18775,ethnicity
18776,ethnicity
18777,ethnicity
18778,ethnicity
18779,ethnicity
18780,ethnicity
18781,ethnicity
18782,ethnicity
18783,ethnicity
18784,ethnicity
18785,ethnicity
18786,ethnicity
18787,ethnicity
18788,ethnicity
18789,ethnicity
18790,ethnicity
18791,ethnicity
18792,ethnicity
18793,ethnicity
18794,ethnicity
18795,ethnicity
18796,ethnicity
18797,ethnicity
18798,ethnicity
18799,ethnicity
18800,ethnicity
18801,ethnicity
18802,ethnicity
18803,ethnicity
18804,ethnicity
18805,ethnicity
18806,ethnicity
18807,ethnicity
18808,ethnicity
18809,ethnicity
18810,ethnicity
18811,ethnicity
18812,ethnicity
18813,ethnicity
18814,ethnicity
18815,ethnicity
18816,ethnicity
18817,ethnicity
18818,ethnicity
18819,ethnicity
18820,ethnicity
18821,ethnicity
18822,ethnicity
18823,ethnicity
18824,ethnicity
18825,ethnicity
18826,ethnicity
18827,ethnicity
18828,ethnicity
18829,ethnicity
18830,ethnicity
18831,ethnicity
18832,ethnicity
18833,ethnicity
18834,ethnicity
18835,ethnicity
18836,ethnicity
18837,ethnicity
18838,ethnicity
18839,ethnicity
18840,ethnicity
18841,ethnicity
18842,ethnicity
18843,ethnicity
18844,ethnicity
18845,ethnicity
18846,ethnicity
18847,ethnicity
18848,ethnicity
18849,ethnicity
18850,ethnicity
18851,ethnicity
18852,ethnicity
18853,ethnicity
18854,ethnicity
18855,ethnicity
18856,ethnicity
18857,ethnicity
18858,ethnicity
18859,ethnicity
18860,ethnicity
18861,ethnicity
18862,ethnicity
18863,ethnicity
18864,ethnicity
18865,ethnicity
18866,ethnicity
18867,ethnicity
18868,ethnicity
18869,ethnicity
18870,ethnicity
18871,ethnicity
18872,ethnicity
18873,ethnicity
18874,ethnicity
18875,ethnicity
18876,ethnicity
18877,ethnicity
18878,ethnicity
18879,ethnicity
18880,ethnicity
18881,ethnicity
18882,ethnicity
18883,ethnicity
18884,ethnicity
18885,ethnicity
18886,ethnicity
18887,ethnicity
18888,ethnicity
18889,ethnicity
18890,ethnicity
18891,ethnicity
18892,ethnicity
18893,ethnicity
18894,ethnicity
18895,ethnicity
18896,ethnicity
18897,ethnicity
18898,ethnicity
18899,ethnicity
18900,ethnicity
18901,ethnicity
18902,ethnicity
18903,ethnicity
18904,ethnicity
18905,ethnicity
18906,ethnicity
18907,ethnicity
18908,ethnicity
18909,ethnicity
18910,ethnicity
18911,ethnicity
18912,ethnicity
18913,ethnicity
18914,ethnicity
18915,ethnicity
18916,ethnicity
18917,ethnicity
18918,ethnicity
18919,ethnicity
18920,ethnicity
18921,ethnicity
18922,ethnicity
18923,ethnicity
18924,ethnicity
18925,ethnicity
18926,ethnicity
18927,ethnicity
18928,ethnicity
18929,ethnicity
18930,ethnicity
18931,ethnicity
18932,ethnicity
18933,ethnicity
18934,ethnicity
18935,ethnicity
18936,ethnicity
18937,ethnicity
18938,ethnicity
18939,ethnicity
18940,ethnicity
18941,ethnicity
18942,ethnicity
18943,ethnicity
18944,ethnicity
18945,ethnicity
18946,ethnicity
18947,ethnicity
18948,ethnicity
18949,ethnicity
18950,ethnicity
18951,ethnicity
18952,ethnicity
18953,ethnicity
18954,ethnicity
18955,ethnicity
18956,ethnicity
18957,ethnicity
18958,ethnicity
18959,ethnicity
18960,ethnicity
18961,ethnicity
18962,ethnicity
18963,ethnicity
18964,ethnicity
18965,ethnicity
18966,ethnicity
18967,ethnicity
18968,ethnicity
18969,ethnicity
18970,ethnicity
18971,ethnicity
18972,ethnicity
18973,ethnicity
18974,ethnicity
18975,ethnicity
18976,ethnicity
18977,ethnicity
18978,ethnicity
18979,ethnicity
18980,ethnicity
18981,ethnicity
18982,ethnicity
18983,ethnicity
18984,ethnicity
18985,ethnicity
18986,ethnicity
18987,ethnicity
18988,ethnicity
18989,ethnicity
18990,ethnicity
18991,ethnicity
18992,ethnicity
18993,ethnicity
18994,ethnicity
18995,ethnicity
18996,ethnicity
18997,ethnicity
18998,ethnicity
18999,ethnicity
19000,ethnicity
19001,ethnicity
19002,ethnicity
19003,ethnicity
19004,ethnicity
19005,ethnicity
19006,ethnicity
19007,ethnicity
19008,ethnicity
19009,ethnicity
19010,ethnicity
19011,ethnicity
19012,ethnicity
19013,ethnicity
19014,ethnicity
19015,ethnicity
19016,ethnicity
19017,ethnicity
19018,ethnicity
19019,ethnicity
19020,ethnicity
19021,ethnicity
19022,ethnicity
19023,ethnicity
19024,ethnicity
19025,ethnicity
19026,ethnicity
19027,ethnicity
19028,ethnicity
19029,ethnicity
19030,ethnicity
19031,ethnicity
19032,ethnicity
19033,ethnicity
19034,ethnicity
19035,ethnicity
19036,ethnicity
19037,ethnicity
19038,ethnicity
19039,ethnicity
19040,ethnicity
19041,ethnicity
19042,ethnicity
19043,ethnicity
19044,ethnicity
19045,ethnicity
19046,ethnicity
19047,ethnicity
19048,ethnicity
19049,ethnicity
19050,ethnicity
19051,ethnicity
19052,ethnicity
19053,ethnicity
19054,ethnicity
19055,ethnicity
19056,ethnicity
19057,ethnicity
19058,ethnicity
19059,ethnicity
19060,ethnicity
19061,ethnicity
19062,ethnicity
19063,ethnicity
19064,ethnicity
19065,ethnicity
19066,ethnicity
19067,ethnicity
19068,ethnicity
19069,ethnicity
19070,ethnicity
19071,ethnicity
19072,ethnicity
19073,ethnicity
19074,ethnicity
19075,ethnicity
19076,ethnicity
19077,ethnicity
19078,ethnicity
19079,ethnicity
19080,ethnicity
19081,ethnicity
19082,ethnicity
19083,ethnicity
19084,ethnicity
19085,ethnicity
19086,ethnicity
19087,ethnicity
19088,ethnicity
19089,ethnicity
19090,ethnicity
19091,ethnicity
19092,ethnicity
19093,ethnicity
19094,ethnicity
19095,ethnicity
19096,ethnicity
19097,ethnicity
19098,ethnicity
19099,ethnicity
19100,ethnicity
19101,ethnicity
19102,ethnicity
19103,ethnicity
19104,ethnicity
19105,ethnicity
19106,ethnicity
19107,ethnicity
19108,ethnicity
19109,ethnicity
19110,ethnicity
19111,ethnicity
19112,ethnicity
19113,ethnicity
19114,ethnicity
19115,ethnicity
19116,ethnicity
19117,ethnicity
19118,ethnicity
19119,ethnicity
19120,ethnicity
19121,ethnicity
19122,ethnicity
19123,ethnicity
19124,ethnicity
19125,ethnicity
19126,ethnicity
19127,ethnicity
19128,ethnicity
19129,ethnicity
19130,ethnicity
19131,ethnicity
19132,ethnicity
19133,ethnicity
19134,ethnicity
19135,ethnicity
19136,ethnicity
19137,ethnicity
19138,ethnicity
19139,ethnicity
19140,ethnicity
19141,ethnicity
19142,ethnicity
19143,ethnicity
19144,ethnicity
19145,ethnicity
19146,ethnicity
19147,ethnicity
19148,ethnicity
19149,ethnicity
19150,ethnicity
19151,ethnicity
19152,ethnicity
19153,ethnicity
19154,ethnicity
19155,ethnicity
19156,ethnicity
19157,ethnicity
19158,ethnicity
19159,ethnicity
19160,ethnicity
19161,ethnicity
19162,ethnicity
19163,ethnicity
19164,ethnicity
19165,ethnicity
19166,ethnicity
19167,ethnicity
19168,ethnicity
19169,ethnicity
19170,ethnicity
19171,ethnicity
19172,ethnicity
19173,ethnicity
19174,ethnicity
19175,ethnicity
19176,ethnicity
19177,ethnicity
19178,ethnicity
19179,ethnicity
19180,ethnicity
19181,ethnicity
19182,ethnicity
19183,ethnicity
19184,ethnicity
19185,ethnicity
19186,ethnicity
19187,ethnicity
19188,ethnicity
19189,ethnicity
19190,ethnicity
19191,ethnicity
19192,ethnicity
19193,ethnicity
19194,ethnicity
19195,ethnicity
19196,ethnicity
19197,ethnicity
19198,ethnicity
19199,ethnicity
19200,ethnicity
19201,ethnicity
19202,ethnicity
19203,ethnicity
19204,ethnicity
19205,ethnicity
19206,ethnicity
19207,ethnicity
19208,ethnicity
19209,ethnicity
19210,ethnicity
19211,ethnicity
19212,ethnicity
19213,ethnicity
19214,ethnicity
19215,ethnicity
19216,ethnicity
19217,ethnicity
19218,ethnicity
19219,ethnicity
19220,ethnicity
19221,ethnicity
19222,ethnicity
19223,ethnicity
19224,ethnicity
19225,ethnicity
19226,ethnicity
19227,ethnicity
19228,ethnicity
19229,ethnicity
19230,ethnicity
19231,ethnicity
19232,ethnicity
19233,ethnicity
19234,ethnicity
19235,ethnicity
19236,ethnicity
19237,ethnicity
19238,ethnicity
19239,ethnicity
19240,ethnicity
19241,ethnicity
19242,ethnicity
19243,ethnicity
19244,ethnicity
19245,ethnicity
19246,ethnicity
19247,ethnicity
19248,ethnicity
19249,ethnicity
19250,ethnicity
19251,ethnicity
19252,ethnicity
19253,ethnicity
19254,ethnicity
19255,ethnicity
19256,ethnicity
19257,ethnicity
19258,ethnicity
19259,ethnicity
19260,ethnicity
19261,ethnicity
19262,ethnicity
19263,ethnicity
19264,ethnicity
19265,ethnicity
19266,ethnicity
19267,ethnicity
19268,ethnicity
19269,ethnicity
19270,ethnicity
19271,ethnicity
19272,ethnicity
19273,ethnicity
19274,ethnicity
19275,ethnicity
19276,ethnicity
19277,ethnicity
19278,ethnicity
19279,ethnicity
19280,ethnicity
19281,ethnicity
19282,ethnicity
19283,ethnicity
19284,ethnicity
19285,ethnicity
19286,ethnicity
19287,ethnicity
19288,ethnicity
19289,ethnicity
19290,ethnicity
19291,ethnicity
19292,ethnicity
19293,ethnicity
19294,ethnicity
19295,ethnicity
19296,ethnicity
19297,ethnicity
19298,ethnicity
19299,ethnicity
19300,ethnicity
19301,ethnicity
19302,ethnicity
19303,ethnicity
19304,ethnicity
19305,ethnicity
19306,ethnicity
19307,ethnicity
19308,ethnicity
19309,ethnicity
19310,ethnicity
19311,ethnicity
19312,ethnicity
19313,ethnicity
19314,ethnicity
19315,ethnicity
19316,ethnicity
19317,ethnicity
19318,ethnicity
19319,ethnicity
19320,ethnicity
19321,ethnicity
19322,ethnicity
19323,ethnicity
19324,ethnicity
19325,ethnicity
19326,ethnicity
19327,ethnicity
19328,ethnicity
19329,ethnicity
19330,ethnicity
19331,ethnicity
19332,ethnicity
19333,ethnicity
19334,ethnicity
19335,ethnicity
19336,ethnicity
19337,ethnicity
19338,ethnicity
19339,ethnicity
19340,ethnicity
19341,ethnicity
19342,ethnicity
19343,ethnicity
19344,ethnicity
19345,ethnicity
19346,ethnicity
19347,ethnicity
19348,ethnicity
19349,ethnicity
19350,ethnicity
19351,ethnicity
19352,ethnicity
19353,ethnicity
19354,ethnicity
19355,ethnicity
19356,ethnicity
19357,ethnicity
19358,ethnicity
19359,ethnicity
19360,ethnicity
19361,ethnicity
19362,ethnicity
19363,ethnicity
19364,ethnicity
19365,ethnicity
19366,ethnicity
19367,ethnicity
19368,ethnicity
19369,ethnicity
19370,ethnicity
19371,ethnicity
19372,ethnicity
19373,ethnicity
19374,ethnicity
19375,ethnicity
19376,ethnicity
19377,ethnicity
19378,ethnicity
19379,ethnicity
19380,ethnicity
19381,ethnicity
19382,ethnicity
19383,ethnicity
19384,ethnicity
19385,ethnicity
19386,ethnicity
19387,ethnicity
19388,ethnicity
19389,ethnicity
19390,ethnicity
19391,ethnicity
19392,ethnicity
19393,ethnicity
19394,ethnicity
19395,ethnicity
19396,ethnicity
19397,ethnicity
19398,ethnicity
19399,ethnicity
19400,ethnicity
19401,ethnicity
19402,ethnicity
19403,ethnicity
19404,ethnicity
19405,ethnicity
19406,ethnicity
19407,ethnicity
19408,ethnicity
19409,ethnicity
19410,ethnicity
19411,ethnicity
19412,ethnicity
19413,ethnicity
19414,ethnicity
19415,ethnicity
19416,ethnicity
19417,ethnicity
19418,ethnicity
19419,ethnicity
19420,ethnicity
19421,ethnicity
19422,ethnicity
19423,ethnicity
19424,ethnicity
19425,ethnicity
19426,ethnicity
19427,ethnicity
19428,ethnicity
19429,ethnicity
19430,ethnicity
19431,ethnicity
19432,ethnicity
19433,ethnicity
19434,ethnicity
19435,ethnicity
19436,ethnicity
19437,ethnicity
19438,ethnicity
19439,ethnicity
19440,ethnicity
19441,ethnicity
19442,ethnicity
19443,ethnicity
19444,ethnicity
19445,ethnicity
19446,ethnicity
19447,ethnicity
19448,ethnicity
19449,ethnicity
19450,ethnicity
19451,ethnicity
19452,ethnicity
19453,ethnicity
19454,ethnicity
19455,ethnicity
19456,ethnicity
19457,ethnicity
19458,ethnicity
19459,ethnicity
19460,ethnicity
19461,ethnicity
19462,ethnicity
19463,ethnicity
19464,ethnicity
19465,ethnicity
19466,ethnicity
19467,ethnicity
19468,ethnicity
19469,ethnicity
19470,ethnicity
19471,ethnicity
19472,ethnicity
19473,ethnicity
19474,ethnicity
19475,ethnicity
19476,ethnicity
19477,ethnicity
19478,ethnicity
19479,ethnicity
19480,ethnicity
19481,ethnicity
19482,ethnicity
19483,ethnicity
19484,ethnicity
19485,ethnicity
19486,ethnicity
19487,ethnicity
19488,ethnicity
19489,ethnicity
19490,ethnicity
19491,ethnicity
19492,ethnicity
19493,ethnicity
19494,ethnicity
19495,ethnicity
19496,ethnicity
19497,ethnicity
19498,ethnicity
19499,ethnicity
19500,ethnicity
19501,ethnicity
19502,ethnicity
19503,ethnicity
19504,ethnicity
19505,ethnicity
19506,ethnicity
19507,ethnicity
19508,ethnicity
19509,ethnicity
19510,ethnicity
19511,ethnicity
19512,ethnicity
19513,ethnicity
19514,ethnicity
19515,ethnicity
19516,ethnicity
19517,ethnicity
19518,ethnicity
19519,ethnicity
19520,ethnicity
19521,ethnicity
19522,ethnicity
19523,ethnicity
19524,ethnicity
19525,ethnicity
19526,ethnicity
19527,ethnicity
19528,ethnicity
19529,ethnicity
19530,ethnicity
19531,ethnicity
19532,ethnicity
19533,ethnicity
19534,ethnicity
19535,ethnicity
19536,ethnicity
19537,ethnicity
19538,ethnicity
19539,ethnicity
19540,ethnicity
19541,ethnicity
19542,ethnicity
19543,ethnicity
19544,ethnicity
19545,ethnicity
19546,ethnicity
19547,ethnicity
19548,ethnicity
19549,ethnicity
19550,ethnicity
19551,ethnicity
19552,ethnicity
19553,ethnicity
19554,ethnicity
19555,ethnicity
19556,ethnicity
19557,ethnicity
19558,ethnicity
19559,ethnicity
19560,ethnicity
19561,ethnicity
19562,ethnicity
19563,ethnicity
19564,ethnicity
19565,ethnicity
19566,ethnicity
19567,ethnicity
19568,ethnicity
19569,ethnicity
19570,ethnicity
19571,ethnicity
19572,ethnicity
19573,ethnicity
19574,ethnicity
19575,ethnicity
19576,ethnicity
19577,ethnicity
19578,ethnicity
19579,ethnicity
19580,ethnicity
19581,ethnicity
19582,ethnicity
19583,ethnicity
19584,ethnicity
19585,ethnicity
19586,ethnicity
19587,ethnicity
19588,ethnicity
19589,ethnicity
19590,ethnicity
19591,ethnicity
19592,ethnicity
19593,ethnicity
19594,ethnicity
19595,ethnicity
19596,ethnicity
19597,ethnicity
19598,ethnicity
19599,ethnicity
19600,ethnicity
19601,ethnicity
19602,ethnicity
19603,ethnicity
19604,ethnicity
19605,ethnicity
19606,ethnicity
19607,ethnicity
19608,ethnicity
19609,ethnicity
19610,ethnicity
19611,ethnicity
19612,ethnicity
19613,ethnicity
19614,ethnicity
19615,ethnicity
19616,ethnicity
19617,ethnicity
19618,ethnicity
19619,ethnicity
19620,ethnicity
19621,ethnicity
19622,ethnicity
19623,ethnicity
19624,ethnicity
19625,ethnicity
19626,ethnicity
19627,ethnicity
19628,ethnicity
19629,ethnicity
19630,ethnicity
19631,ethnicity
19632,ethnicity
19633,ethnicity
19634,ethnicity
19635,ethnicity
19636,ethnicity
19637,ethnicity
19638,ethnicity
19639,ethnicity
19640,ethnicity
19641,ethnicity
19642,ethnicity
19643,ethnicity
19644,ethnicity
19645,ethnicity
19646,ethnicity
19647,ethnicity
19648,ethnicity
19649,ethnicity
19650,ethnicity
19651,ethnicity
19652,ethnicity
19653,ethnicity
19654,ethnicity
19655,ethnicity
19656,ethnicity
19657,ethnicity
19658,ethnicity
19659,ethnicity
19660,ethnicity
19661,ethnicity
19662,ethnicity
19663,ethnicity
19664,ethnicity
19665,ethnicity
19666,ethnicity
19667,ethnicity
19668,ethnicity
19669,ethnicity
19670,ethnicity
19671,ethnicity
19672,ethnicity
19673,ethnicity
19674,ethnicity
19675,ethnicity
19676,ethnicity
19677,ethnicity
19678,ethnicity
19679,ethnicity
19680,ethnicity
19681,ethnicity
19682,ethnicity
19683,ethnicity
19684,ethnicity
19685,ethnicity
19686,ethnicity
19687,ethnicity
19688,ethnicity
19689,ethnicity
19690,ethnicity
19691,ethnicity
19692,ethnicity
19693,ethnicity
19694,ethnicity
19695,ethnicity
19696,ethnicity
19697,ethnicity
19698,ethnicity
19699,ethnicity
19700,ethnicity
19701,ethnicity
19702,ethnicity
19703,ethnicity
19704,ethnicity
19705,ethnicity
19706,ethnicity
19707,ethnicity
19708,ethnicity
19709,ethnicity
19710,ethnicity
19711,ethnicity
19712,ethnicity
19713,ethnicity
19714,ethnicity
19715,ethnicity
19716,ethnicity
19717,ethnicity
19718,ethnicity
19719,ethnicity
19720,ethnicity
19721,ethnicity
19722,ethnicity
19723,ethnicity
19724,ethnicity
19725,ethnicity
19726,ethnicity
19727,ethnicity
19728,ethnicity
19729,ethnicity
19730,ethnicity
19731,ethnicity
19732,ethnicity
19733,ethnicity
19734,ethnicity
19735,ethnicity
19736,ethnicity
19737,ethnicity
19738,ethnicity
19739,ethnicity
19740,ethnicity
19741,ethnicity
19742,ethnicity
19743,ethnicity
19744,ethnicity
19745,ethnicity
19746,ethnicity
19747,ethnicity
19748,ethnicity
19749,ethnicity
19750,ethnicity
19751,ethnicity
19752,ethnicity
19753,ethnicity
19754,ethnicity
19755,ethnicity
19756,ethnicity
19757,ethnicity
19758,ethnicity
19759,ethnicity
19760,ethnicity
19761,ethnicity
19762,ethnicity
19763,ethnicity
19764,ethnicity
19765,ethnicity
19766,ethnicity
19767,ethnicity
19768,ethnicity
19769,ethnicity
19770,ethnicity
19771,ethnicity
19772,ethnicity
19773,ethnicity
19774,ethnicity
19775,ethnicity
19776,ethnicity
19777,ethnicity
19778,ethnicity
19779,ethnicity
19780,ethnicity
19781,ethnicity
19782,ethnicity
19783,ethnicity
19784,ethnicity
19785,ethnicity
19786,ethnicity
19787,ethnicity
19788,ethnicity
19789,ethnicity
19790,ethnicity
19791,ethnicity
19792,ethnicity
19793,ethnicity
19794,ethnicity
19795,ethnicity
19796,ethnicity
19797,ethnicity
19798,ethnicity
19799,ethnicity
19800,ethnicity
19801,ethnicity
19802,ethnicity
19803,ethnicity
19804,ethnicity
19805,ethnicity
19806,ethnicity
19807,ethnicity
19808,ethnicity
19809,ethnicity
19810,ethnicity
19811,ethnicity
19812,ethnicity
19813,ethnicity
19814,ethnicity
19815,ethnicity
19816,ethnicity
19817,ethnicity
19818,ethnicity
19819,ethnicity
19820,ethnicity
19821,ethnicity
19822,ethnicity
19823,ethnicity
19824,ethnicity
19825,ethnicity
19826,ethnicity
19827,ethnicity
19828,ethnicity
19829,ethnicity
19830,ethnicity
19831,ethnicity
19832,ethnicity
19833,ethnicity
19834,ethnicity
19835,ethnicity
19836,ethnicity
19837,ethnicity
19838,ethnicity
19839,ethnicity
19840,ethnicity
19841,ethnicity
19842,ethnicity
19843,ethnicity
19844,ethnicity
19845,ethnicity
19846,ethnicity
19847,ethnicity
19848,ethnicity
19849,ethnicity
19850,ethnicity
19851,ethnicity
19852,ethnicity
19853,ethnicity
19854,ethnicity
19855,ethnicity
19856,ethnicity
19857,ethnicity
19858,ethnicity
19859,ethnicity
19860,ethnicity
19861,ethnicity
19862,ethnicity
19863,ethnicity
19864,ethnicity
19865,ethnicity
19866,ethnicity
19867,ethnicity
19868,ethnicity
19869,ethnicity
19870,ethnicity
19871,ethnicity
19872,ethnicity
19873,ethnicity
19874,ethnicity
19875,ethnicity
19876,ethnicity
19877,ethnicity
19878,ethnicity
19879,ethnicity
19880,ethnicity
19881,ethnicity
19882,ethnicity
19883,ethnicity
19884,ethnicity
19885,ethnicity
19886,ethnicity
19887,ethnicity
19888,ethnicity
19889,ethnicity
19890,ethnicity
19891,ethnicity
19892,ethnicity
19893,ethnicity
19894,ethnicity
19895,ethnicity
19896,ethnicity
19897,ethnicity
19898,ethnicity
19899,ethnicity
19900,ethnicity
19901,ethnicity
19902,ethnicity
19903,ethnicity
19904,ethnicity
19905,ethnicity
19906,ethnicity
19907,ethnicity
19908,ethnicity
19909,ethnicity
19910,ethnicity
19911,ethnicity
19912,ethnicity
19913,ethnicity
19914,ethnicity
19915,ethnicity
19916,ethnicity
19917,ethnicity
19918,ethnicity
19919,ethnicity
19920,ethnicity
19921,ethnicity
19922,ethnicity
19923,ethnicity
19924,ethnicity
19925,ethnicity
19926,ethnicity
19927,ethnicity
19928,ethnicity
19929,ethnicity
19930,ethnicity
19931,ethnicity
19932,ethnicity
19933,ethnicity
19934,ethnicity
19935,ethnicity
19936,ethnicity
19937,ethnicity
19938,ethnicity
19939,ethnicity
19940,ethnicity
19941,ethnicity
19942,ethnicity
19943,ethnicity
19944,ethnicity
19945,ethnicity
19946,ethnicity
19947,ethnicity
19948,ethnicity
19949,ethnicity
19950,ethnicity
19951,ethnicity
19952,ethnicity
19953,ethnicity
19954,ethnicity
19955,ethnicity
19956,ethnicity
19957,ethnicity
19958,ethnicity
19959,ethnicity
19960,ethnicity
19961,ethnicity
19962,ethnicity
19963,ethnicity
19964,ethnicity
19965,ethnicity
19966,ethnicity
19967,ethnicity
19968,ethnicity
19969,ethnicity
19970,ethnicity
19971,ethnicity
19972,ethnicity
19973,ethnicity
19974,ethnicity
19975,ethnicity
19976,ethnicity
19977,ethnicity
19978,ethnicity
19979,ethnicity
19980,ethnicity
19981,ethnicity
19982,ethnicity
19983,ethnicity
19984,ethnicity
19985,ethnicity
19986,ethnicity
19987,ethnicity
19988,ethnicity
19989,ethnicity
19990,ethnicity
19991,ethnicity
19992,ethnicity
19993,ethnicity
19994,ethnicity
19995,ethnicity
19996,ethnicity
19997,ethnicity
19998,ethnicity
19999,ethnicity
20000,ethnicity
20001,ethnicity
20002,ethnicity
20003,ethnicity
20004,ethnicity
20005,ethnicity
20006,ethnicity
20007,ethnicity
20008,ethnicity
20009,ethnicity
20010,ethnicity
20011,ethnicity
20012,ethnicity
20013,ethnicity
20014,ethnicity
20015,ethnicity
20016,ethnicity
20017,ethnicity
20018,ethnicity
20019,ethnicity
20020,ethnicity
20021,ethnicity
20022,ethnicity
20023,ethnicity
20024,ethnicity
20025,ethnicity
20026,ethnicity
20027,ethnicity
20028,ethnicity
20029,ethnicity
20030,ethnicity
20031,ethnicity
20032,ethnicity
20033,ethnicity
20034,ethnicity
20035,ethnicity
20036,ethnicity
20037,ethnicity
20038,ethnicity
20039,ethnicity
20040,ethnicity
20041,ethnicity
20042,ethnicity
20043,ethnicity
20044,ethnicity
20045,ethnicity
20046,ethnicity
20047,ethnicity
20048,ethnicity
20049,ethnicity
20050,ethnicity
20051,ethnicity
20052,ethnicity
20053,ethnicity
20054,ethnicity
20055,ethnicity
20056,ethnicity
20057,ethnicity
20058,ethnicity
20059,ethnicity
20060,ethnicity
20061,ethnicity
20062,ethnicity
20063,ethnicity
20064,ethnicity
20065,ethnicity
20066,ethnicity
20067,ethnicity
20068,ethnicity
20069,ethnicity
20070,ethnicity
20071,ethnicity
20072,ethnicity
20073,ethnicity
20074,ethnicity
20075,ethnicity
20076,ethnicity
20077,ethnicity
20078,ethnicity
20079,ethnicity
20080,ethnicity
20081,ethnicity
20082,ethnicity
20083,ethnicity
20084,ethnicity
20085,ethnicity
20086,ethnicity
20087,ethnicity
20088,ethnicity
20089,ethnicity
20090,ethnicity
20091,ethnicity
20092,ethnicity
20093,ethnicity
20094,ethnicity
20095,ethnicity
20096,ethnicity
20097,ethnicity
20098,ethnicity
20099,ethnicity
20100,ethnicity
20101,ethnicity
20102,ethnicity
20103,ethnicity
20104,ethnicity
20105,ethnicity
20106,ethnicity
20107,ethnicity
20108,ethnicity
20109,ethnicity
20110,ethnicity
20111,ethnicity
20112,ethnicity
20113,ethnicity
20114,ethnicity
20115,ethnicity
20116,ethnicity
20117,ethnicity
20118,ethnicity
20119,ethnicity
20120,ethnicity
20121,ethnicity
20122,ethnicity
20123,ethnicity
20124,ethnicity
20125,ethnicity
20126,ethnicity
20127,ethnicity
20128,ethnicity
20129,ethnicity
20130,ethnicity
20131,ethnicity
20132,ethnicity
20133,ethnicity
20134,ethnicity
20135,ethnicity
20136,ethnicity
20137,ethnicity
20138,ethnicity
20139,ethnicity
20140,ethnicity
20141,ethnicity
20142,ethnicity
20143,ethnicity
20144,ethnicity
20145,ethnicity
20146,ethnicity
20147,ethnicity
20148,ethnicity
20149,ethnicity
20150,ethnicity
20151,ethnicity
20152,ethnicity
20153,ethnicity
20154,ethnicity
20155,ethnicity
20156,ethnicity
20157,ethnicity
20158,ethnicity
20159,ethnicity
20160,ethnicity
20161,ethnicity
20162,ethnicity
20163,ethnicity
20164,ethnicity
20165,ethnicity
20166,ethnicity
20167,ethnicity
20168,ethnicity
20169,ethnicity
20170,ethnicity
20171,ethnicity
20172,ethnicity
20173,ethnicity
20174,ethnicity
20175,ethnicity
20176,ethnicity
20177,ethnicity
20178,ethnicity
20179,ethnicity
20180,ethnicity
20181,ethnicity
20182,ethnicity
20183,ethnicity
20184,ethnicity
20185,ethnicity
20186,ethnicity
20187,ethnicity
20188,ethnicity
20189,ethnicity
20190,ethnicity
20191,ethnicity
20192,ethnicity
20193,ethnicity
20194,ethnicity
20195,ethnicity
20196,ethnicity
20197,ethnicity
20198,ethnicity
20199,ethnicity
20200,ethnicity
20201,ethnicity
20202,ethnicity
20203,ethnicity
20204,ethnicity
20205,ethnicity
20206,ethnicity
20207,ethnicity
20208,ethnicity
20209,ethnicity
20210,ethnicity
20211,ethnicity
20212,ethnicity
20213,ethnicity
20214,ethnicity
20215,ethnicity
20216,ethnicity
20217,ethnicity
20218,ethnicity
20219,ethnicity
20220,ethnicity
20221,ethnicity
20222,ethnicity
20223,ethnicity
20224,ethnicity
20225,ethnicity
20226,ethnicity
20227,ethnicity
20228,ethnicity
20229,ethnicity
20230,ethnicity
20231,ethnicity
20232,ethnicity
20233,ethnicity
20234,ethnicity
20235,ethnicity
20236,ethnicity
20237,ethnicity
20238,ethnicity
20239,ethnicity
20240,ethnicity
20241,ethnicity
20242,ethnicity
20243,ethnicity
20244,ethnicity
20245,ethnicity
20246,ethnicity
20247,ethnicity
20248,ethnicity
20249,ethnicity
20250,ethnicity
20251,ethnicity
20252,ethnicity
20253,ethnicity
20254,ethnicity
20255,ethnicity
20256,ethnicity
20257,ethnicity
20258,ethnicity
20259,ethnicity
20260,ethnicity
20261,ethnicity
20262,ethnicity
20263,ethnicity
20264,ethnicity
20265,ethnicity
20266,ethnicity
20267,ethnicity
20268,ethnicity
20269,ethnicity
20270,ethnicity
20271,ethnicity
20272,ethnicity
20273,ethnicity
20274,ethnicity
20275,ethnicity
20276,ethnicity
20277,ethnicity
20278,ethnicity
20279,ethnicity
20280,ethnicity
20281,ethnicity
20282,ethnicity
20283,ethnicity
20284,ethnicity
20285,ethnicity
20286,ethnicity
20287,ethnicity
20288,ethnicity
20289,ethnicity
20290,ethnicity
20291,ethnicity
20292,ethnicity
20293,ethnicity
20294,ethnicity
20295,ethnicity
20296,ethnicity
20297,ethnicity
20298,ethnicity
20299,ethnicity
20300,ethnicity
20301,ethnicity
20302,ethnicity
20303,ethnicity
20304,ethnicity
20305,ethnicity
20306,ethnicity
20307,ethnicity
20308,ethnicity
20309,ethnicity
20310,ethnicity
20311,ethnicity
20312,ethnicity
20313,ethnicity
20314,ethnicity
20315,ethnicity
20316,ethnicity
20317,ethnicity
20318,ethnicity
20319,ethnicity
20320,ethnicity
20321,ethnicity
20322,ethnicity
20323,ethnicity
20324,ethnicity
20325,ethnicity
20326,ethnicity
20327,ethnicity
20328,ethnicity
20329,ethnicity
20330,ethnicity
20331,ethnicity
20332,ethnicity
20333,ethnicity
20334,ethnicity
20335,ethnicity
20336,ethnicity
20337,ethnicity
20338,ethnicity
20339,ethnicity
20340,ethnicity
20341,ethnicity
20342,ethnicity
20343,ethnicity
20344,ethnicity
20345,ethnicity
20346,ethnicity
20347,ethnicity
20348,ethnicity
20349,ethnicity
20350,ethnicity
20351,ethnicity
20352,ethnicity
20353,ethnicity
20354,ethnicity
20355,ethnicity
20356,ethnicity
20357,ethnicity
20358,ethnicity
20359,ethnicity
20360,ethnicity
20361,ethnicity
20362,ethnicity
20363,ethnicity
20364,ethnicity
20365,ethnicity
20366,ethnicity
20367,ethnicity
20368,ethnicity
20369,ethnicity
20370,ethnicity
20371,ethnicity
20372,ethnicity
20373,ethnicity
20374,ethnicity
20375,ethnicity
20376,ethnicity
20377,ethnicity
20378,ethnicity
20379,ethnicity
20380,ethnicity
20381,ethnicity
20382,ethnicity
20383,ethnicity
20384,ethnicity
20385,ethnicity
20386,ethnicity
20387,ethnicity
20388,ethnicity
20389,ethnicity
20390,ethnicity
20391,ethnicity
20392,ethnicity
20393,ethnicity
20394,ethnicity
20395,ethnicity
20396,ethnicity
20397,ethnicity
20398,ethnicity
20399,ethnicity
20400,ethnicity
20401,ethnicity
20402,ethnicity
20403,ethnicity
20404,ethnicity
20405,ethnicity
20406,ethnicity
20407,ethnicity
20408,ethnicity
20409,ethnicity
20410,ethnicity
20411,ethnicity
20412,ethnicity
20413,ethnicity
20414,ethnicity
20415,ethnicity
20416,ethnicity
20417,ethnicity
20418,ethnicity
20419,ethnicity
20420,ethnicity
20421,ethnicity
20422,ethnicity
20423,ethnicity
20424,ethnicity
20425,ethnicity
20426,ethnicity
20427,ethnicity
20428,ethnicity
20429,ethnicity
20430,ethnicity
20431,ethnicity
20432,ethnicity
20433,ethnicity
20434,ethnicity
20435,ethnicity
20436,ethnicity
20437,ethnicity
20438,ethnicity
20439,ethnicity
20440,ethnicity
20441,ethnicity
20442,ethnicity
20443,ethnicity
20444,ethnicity
20445,ethnicity
20446,ethnicity
20447,ethnicity
20448,ethnicity
20449,ethnicity
20450,ethnicity
20451,ethnicity
20452,ethnicity
20453,ethnicity
20454,ethnicity
20455,ethnicity
20456,ethnicity
20457,ethnicity
20458,ethnicity
20459,ethnicity
20460,ethnicity
20461,ethnicity
20462,ethnicity
20463,ethnicity
20464,ethnicity
20465,ethnicity
20466,ethnicity
20467,ethnicity
20468,ethnicity
20469,ethnicity
20470,ethnicity
20471,ethnicity
20472,ethnicity
20473,ethnicity
20474,ethnicity
20475,ethnicity
20476,ethnicity
20477,ethnicity
20478,ethnicity
20479,ethnicity
20480,ethnicity
20481,ethnicity
20482,ethnicity
20483,ethnicity
20484,ethnicity
20485,ethnicity
20486,ethnicity
20487,ethnicity
20488,ethnicity
20489,ethnicity
20490,ethnicity
20491,ethnicity
20492,ethnicity
20493,ethnicity
20494,ethnicity
20495,ethnicity
20496,ethnicity
20497,ethnicity
20498,ethnicity
20499,ethnicity
20500,ethnicity
20501,ethnicity
20502,ethnicity
20503,ethnicity
20504,ethnicity
20505,ethnicity
20506,ethnicity
20507,ethnicity
20508,ethnicity
20509,ethnicity
20510,ethnicity
20511,ethnicity
20512,ethnicity
20513,ethnicity
20514,ethnicity
20515,ethnicity
20516,ethnicity
20517,ethnicity
20518,ethnicity
20519,ethnicity
20520,ethnicity
20521,ethnicity
20522,ethnicity
20523,ethnicity
20524,ethnicity
20525,ethnicity
20526,ethnicity
20527,ethnicity
20528,ethnicity
20529,ethnicity
20530,ethnicity
20531,ethnicity
20532,ethnicity
20533,ethnicity
20534,ethnicity
20535,ethnicity
20536,ethnicity
20537,ethnicity
20538,ethnicity
20539,ethnicity
20540,ethnicity
20541,ethnicity
20542,ethnicity
20543,ethnicity
20544,ethnicity
20545,ethnicity
20546,ethnicity
20547,ethnicity
20548,ethnicity
20549,ethnicity
20550,ethnicity
20551,ethnicity
20552,ethnicity
20553,ethnicity
20554,ethnicity
20555,ethnicity
20556,ethnicity
20557,ethnicity
20558,ethnicity
20559,ethnicity
20560,ethnicity
20561,ethnicity
20562,ethnicity
20563,ethnicity
20564,ethnicity
20565,ethnicity
20566,ethnicity
20567,ethnicity
20568,ethnicity
20569,ethnicity
20570,ethnicity
20571,ethnicity
20572,ethnicity
20573,ethnicity
20574,ethnicity
20575,ethnicity
20576,ethnicity
20577,ethnicity
20578,ethnicity
20579,ethnicity
20580,ethnicity
20581,ethnicity
20582,ethnicity
20583,ethnicity
20584,ethnicity
20585,ethnicity
20586,ethnicity
20587,ethnicity
20588,ethnicity
20589,ethnicity
20590,ethnicity
20591,ethnicity
20592,ethnicity
20593,ethnicity
20594,ethnicity
20595,ethnicity
20596,ethnicity
20597,ethnicity
20598,ethnicity
20599,ethnicity
20600,ethnicity
20601,ethnicity
20602,ethnicity
20603,ethnicity
20604,ethnicity
20605,ethnicity
20606,ethnicity
20607,ethnicity
20608,ethnicity
20609,ethnicity
20610,ethnicity
20611,ethnicity
20612,ethnicity
20613,ethnicity
20614,ethnicity
20615,ethnicity
20616,ethnicity
20617,ethnicity
20618,ethnicity
20619,ethnicity
20620,ethnicity
20621,ethnicity
20622,ethnicity
20623,ethnicity
20624,ethnicity
20625,ethnicity
20626,ethnicity
20627,ethnicity
20628,ethnicity
20629,ethnicity
20630,ethnicity
20631,ethnicity
20632,ethnicity
20633,ethnicity
20634,ethnicity
20635,ethnicity
20636,ethnicity
20637,ethnicity
20638,ethnicity
20639,ethnicity
20640,ethnicity
20641,ethnicity
20642,ethnicity
20643,ethnicity
20644,ethnicity
20645,ethnicity
20646,ethnicity
20647,ethnicity
20648,ethnicity
20649,ethnicity
20650,ethnicity
20651,ethnicity
20652,ethnicity
20653,ethnicity
20654,ethnicity
20655,ethnicity
20656,ethnicity
20657,ethnicity
20658,ethnicity
20659,ethnicity
20660,ethnicity
20661,ethnicity
20662,ethnicity
20663,ethnicity
20664,ethnicity
20665,ethnicity
20666,ethnicity
20667,ethnicity
20668,ethnicity
20669,ethnicity
20670,ethnicity
20671,ethnicity
20672,ethnicity
20673,ethnicity
20674,ethnicity
20675,ethnicity
20676,ethnicity
20677,ethnicity
20678,ethnicity
20679,ethnicity
20680,ethnicity
20681,ethnicity
20682,ethnicity
20683,ethnicity
20684,ethnicity
20685,ethnicity
20686,ethnicity
20687,ethnicity
20688,ethnicity
20689,ethnicity
20690,ethnicity
20691,ethnicity
20692,ethnicity
20693,ethnicity
20694,ethnicity
20695,ethnicity
20696,ethnicity
20697,ethnicity
20698,ethnicity
20699,ethnicity
20700,ethnicity
20701,ethnicity
20702,ethnicity
20703,ethnicity
20704,ethnicity
20705,ethnicity
20706,ethnicity
20707,ethnicity
20708,ethnicity
20709,ethnicity
20710,ethnicity
20711,ethnicity
20712,ethnicity
20713,ethnicity
20714,ethnicity
20715,ethnicity
20716,ethnicity
20717,ethnicity
20718,ethnicity
20719,ethnicity
20720,ethnicity
20721,ethnicity
20722,ethnicity
20723,ethnicity
20724,ethnicity
20725,ethnicity
20726,ethnicity
20727,ethnicity
20728,ethnicity
20729,ethnicity
20730,ethnicity
20731,ethnicity
20732,ethnicity
20733,ethnicity
20734,ethnicity
20735,ethnicity
20736,ethnicity
20737,ethnicity
20738,ethnicity
20739,ethnicity
20740,ethnicity
20741,ethnicity
20742,ethnicity
20743,ethnicity
20744,ethnicity
20745,ethnicity
20746,ethnicity
20747,ethnicity
20748,ethnicity
20749,ethnicity
20750,ethnicity
20751,ethnicity
20752,ethnicity
20753,ethnicity
20754,ethnicity
20755,ethnicity
20756,ethnicity
20757,ethnicity
20758,ethnicity
20759,ethnicity
20760,ethnicity
20761,ethnicity
20762,ethnicity
20763,ethnicity
20764,ethnicity
20765,ethnicity
20766,ethnicity
20767,ethnicity
20768,ethnicity
20769,ethnicity
20770,ethnicity
20771,ethnicity
20772,ethnicity
20773,ethnicity
20774,ethnicity
20775,ethnicity
20776,ethnicity
20777,ethnicity
20778,ethnicity
20779,ethnicity
20780,ethnicity
20781,ethnicity
20782,ethnicity
20783,ethnicity
20784,ethnicity
20785,ethnicity
20786,ethnicity
20787,ethnicity
20788,ethnicity
20789,ethnicity
20790,ethnicity
20791,ethnicity
20792,ethnicity
20793,ethnicity
20794,ethnicity
20795,ethnicity
20796,ethnicity
20797,ethnicity
20798,ethnicity
20799,ethnicity
20800,ethnicity
20801,ethnicity
20802,ethnicity
20803,ethnicity
20804,ethnicity
20805,ethnicity
20806,ethnicity
20807,ethnicity
20808,ethnicity
20809,ethnicity
20810,ethnicity
20811,ethnicity
20812,ethnicity
20813,ethnicity
20814,ethnicity
20815,ethnicity
20816,ethnicity
20817,ethnicity
20818,ethnicity
20819,ethnicity
20820,ethnicity
20821,ethnicity
20822,ethnicity
20823,ethnicity
20824,ethnicity
20825,ethnicity
20826,ethnicity
20827,ethnicity
20828,ethnicity
20829,ethnicity
20830,ethnicity
20831,ethnicity
20832,ethnicity
20833,ethnicity
20834,ethnicity
20835,ethnicity
20836,ethnicity
20837,ethnicity
20838,ethnicity
20839,ethnicity
20840,ethnicity
20841,ethnicity
20842,ethnicity
20843,ethnicity
20844,ethnicity
20845,ethnicity
20846,ethnicity
20847,ethnicity
20848,ethnicity
20849,ethnicity
20850,ethnicity
20851,ethnicity
20852,ethnicity
20853,ethnicity
20854,ethnicity
20855,ethnicity
20856,ethnicity
20857,ethnicity
20858,ethnicity
20859,ethnicity
20860,ethnicity
20861,ethnicity
20862,ethnicity
20863,ethnicity
20864,ethnicity
20865,ethnicity
20866,ethnicity
20867,ethnicity
20868,ethnicity
20869,ethnicity
20870,ethnicity
20871,ethnicity
20872,ethnicity
20873,ethnicity
20874,ethnicity
20875,ethnicity
20876,ethnicity
20877,ethnicity
20878,ethnicity
20879,ethnicity
20880,ethnicity
20881,ethnicity
20882,ethnicity
20883,ethnicity
20884,ethnicity
20885,ethnicity
20886,ethnicity
20887,ethnicity
20888,ethnicity
20889,ethnicity
20890,ethnicity
20891,ethnicity
20892,ethnicity
20893,ethnicity
20894,ethnicity
20895,ethnicity
20896,ethnicity
20897,ethnicity
20898,ethnicity
20899,ethnicity
20900,ethnicity
20901,ethnicity
20902,ethnicity
20903,ethnicity
20904,ethnicity
20905,ethnicity
20906,ethnicity
20907,ethnicity
20908,ethnicity
20909,ethnicity
20910,ethnicity
20911,ethnicity
20912,ethnicity
20913,ethnicity
20914,ethnicity
20915,ethnicity
20916,ethnicity
20917,ethnicity
20918,ethnicity
20919,ethnicity
20920,ethnicity
20921,ethnicity
20922,ethnicity
20923,ethnicity
20924,ethnicity
20925,ethnicity
20926,ethnicity
20927,ethnicity
20928,ethnicity
20929,ethnicity
20930,ethnicity
20931,ethnicity
20932,ethnicity
20933,ethnicity
20934,ethnicity
20935,ethnicity
20936,ethnicity
20937,ethnicity
20938,ethnicity
20939,ethnicity
20940,ethnicity
20941,ethnicity
20942,ethnicity
20943,ethnicity
20944,ethnicity
20945,ethnicity
20946,ethnicity
20947,ethnicity
20948,ethnicity
20949,ethnicity
20950,ethnicity
20951,ethnicity
20952,ethnicity
20953,ethnicity
20954,ethnicity
20955,ethnicity
20956,ethnicity
20957,ethnicity
20958,ethnicity
20959,ethnicity
20960,ethnicity
20961,ethnicity
20962,ethnicity
20963,ethnicity
20964,ethnicity
20965,ethnicity
20966,ethnicity
20967,ethnicity
20968,ethnicity
20969,ethnicity
20970,ethnicity
20971,ethnicity
20972,ethnicity
20973,ethnicity
20974,ethnicity
20975,ethnicity
20976,ethnicity
20977,ethnicity
20978,ethnicity
20979,ethnicity
20980,ethnicity
20981,ethnicity
20982,ethnicity
20983,ethnicity
20984,ethnicity
20985,ethnicity
20986,ethnicity
20987,ethnicity
20988,ethnicity
20989,ethnicity
20990,ethnicity
20991,ethnicity
20992,ethnicity
20993,ethnicity
20994,ethnicity
20995,ethnicity
20996,ethnicity
20997,ethnicity
20998,ethnicity
20999,ethnicity
21000,ethnicity
21001,ethnicity
21002,ethnicity
21003,ethnicity
21004,ethnicity
21005,ethnicity
21006,ethnicity
21007,ethnicity
21008,ethnicity
21009,ethnicity
21010,ethnicity
21011,ethnicity
21012,ethnicity
21013,ethnicity
21014,ethnicity
21015,ethnicity
21016,ethnicity
21017,ethnicity
21018,ethnicity
21019,ethnicity
21020,ethnicity
21021,ethnicity
21022,ethnicity
21023,ethnicity
21024,ethnicity
21025,ethnicity
21026,ethnicity
21027,ethnicity
21028,ethnicity
21029,ethnicity
21030,ethnicity
21031,ethnicity
21032,ethnicity
21033,ethnicity
21034,ethnicity
21035,ethnicity
21036,ethnicity
21037,ethnicity
21038,ethnicity
21039,ethnicity
21040,ethnicity
21041,ethnicity
21042,ethnicity
21043,ethnicity
21044,ethnicity
21045,ethnicity
21046,ethnicity
21047,ethnicity
21048,ethnicity
21049,ethnicity
21050,ethnicity
21051,ethnicity
21052,ethnicity
21053,ethnicity
21054,ethnicity
21055,ethnicity
21056,ethnicity
21057,ethnicity
21058,ethnicity
21059,ethnicity
21060,ethnicity
21061,ethnicity
21062,ethnicity
21063,ethnicity
21064,ethnicity
21065,ethnicity
21066,ethnicity
21067,ethnicity
21068,ethnicity
21069,ethnicity
21070,ethnicity
21071,ethnicity
21072,ethnicity
21073,ethnicity
21074,ethnicity
21075,ethnicity
21076,ethnicity
21077,ethnicity
21078,ethnicity
21079,ethnicity
21080,ethnicity
21081,ethnicity
21082,ethnicity
21083,ethnicity
21084,ethnicity
21085,ethnicity
21086,ethnicity
21087,ethnicity
21088,ethnicity
21089,ethnicity
21090,ethnicity
21091,ethnicity
21092,ethnicity
21093,ethnicity
21094,ethnicity
21095,ethnicity
21096,ethnicity
21097,ethnicity
21098,ethnicity
21099,ethnicity
21100,ethnicity
21101,ethnicity
21102,ethnicity
21103,ethnicity
21104,ethnicity
21105,ethnicity
21106,ethnicity
21107,ethnicity
21108,ethnicity
21109,ethnicity
21110,ethnicity
21111,ethnicity
21112,ethnicity
21113,ethnicity
21114,ethnicity
21115,ethnicity
21116,ethnicity
