row_id,tweet_text,y_true,y_pred,true_label,pred_label,is_error
1,Karma. I hope it bites Kat on the butt. She is just nasty. #mkr,3,2,not_cyberbullying,gender,True
3,"I still have Jack, Amsterdam, Ciroc, Crown, Bud Light, Lime-a-rita, and CRU in my love handles. I feel the jiggle when I walk...",3,3,not_cyberbullying,not_cyberbullying,False
5,You know there are people out there who like @joeyBADASS_ but don't listen to old school.,3,3,not_cyberbullying,not_cyberbullying,False
11,no one ever help.me like my bully @AlwaysVero_ did /:,3,4,not_cyberbullying,other_cyberbullying,True
12,You look like a gypsy. Sorry I'm not sorry.,3,4,not_cyberbullying,other_cyberbullying,True
15,@Bahai144 ROFLMAO.  So all this time I've been trying to squeeze logic out of a religious nut that is as crazy as ISIS.,3,4,not_cyberbullying,other_cyberbullying,True
24,"Mum; You need a college bad not a handbag. Me; But mommmmmmm, it's phinkkk :&lt;",3,3,not_cyberbullying,not_cyberbullying,False
26,@Kaya786 @fai3an_H And I don't walk in circles around a black meteor in Mecca under the delusion that it will please god.,3,4,not_cyberbullying,other_cyberbullying,True
29,"White dude wins the Nobel for lit again, shocking, next you'll tell me his novels speak to a universal human experience",3,4,not_cyberbullying,other_cyberbullying,True
30,You know...kudos to #MKR for being able to stretch out a show....over a month onto the show and we still dont have final teams...,3,3,not_cyberbullying,not_cyberbullying,False
48,RT @NewIdeamagazine: Just when they thought it was safe to go back into the kitchen... Instant restaurant redemption round! #mkr,3,3,not_cyberbullying,not_cyberbullying,False
64,the fact that there are 4958239689587 cute boys in the world and 0% go to my school i am sick of this shit,3,0,not_cyberbullying,age,True
66,"@drlovegrove right?! I can't stop singing it, and I'm only 18..",3,4,not_cyberbullying,other_cyberbullying,True
70,One of our strongest tools in stopping violence against women is public shame of the abuser and public support of the victim.,3,5,not_cyberbullying,religion,True
73,Bubble and squeak for breakfast..are you mad? #mkr,3,3,not_cyberbullying,not_cyberbullying,False
74,"#50factsaboutme I always feel like my ""friends"" just pretend to like me because they only talk to me in school",3,0,not_cyberbullying,age,True
77,"Birdman is more racist, misogynist trash masquerading as high art. Skip.",3,3,not_cyberbullying,not_cyberbullying,False
81,"I need to invest in a YakBak so I can just press a button when I need to say ""ironic sexism is still sexism.""",3,3,not_cyberbullying,not_cyberbullying,False
90,Preseason,3,3,not_cyberbullying,not_cyberbullying,False
95,"It's refined and it's pretty. Like us!Seriously, someone get these girls English lessons, they have no idea what they're saying. #MKR",3,2,not_cyberbullying,gender,True
111,Waiting @ thee orthodontist. Just wish it was actually for ME. (.___.),3,3,not_cyberbullying,not_cyberbullying,False
113,I can't trust a soul.,3,3,not_cyberbullying,not_cyberbullying,False
114,"Dumb idea to put armed guards in schools. That would be the dumbest job on the planet. So boring, waiting to kill some crazy gunman. #dumb",3,1,not_cyberbullying,ethnicity,True
131,@ZiOrim @_Median_ @RushetteNY @Banko40 I doubt that you have ever been in a street fire fight. It's easy being an armchair hero.,3,2,not_cyberbullying,gender,True
132,Mad A'f,3,4,not_cyberbullying,other_cyberbullying,True
137,Or a real #bully in life,3,4,not_cyberbullying,other_cyberbullying,True
145,"@UmarFarooq_ radial momentum means that it does not fly away.  In the same way, both the plane and the atmosphere have radial momentum.",3,3,not_cyberbullying,not_cyberbullying,False
153,Rico so mad that I don't get off til 7 😏😏😏,3,3,not_cyberbullying,not_cyberbullying,False
155,@_RetroQueen_ on the last day of school I seen you at taco bender,3,3,not_cyberbullying,not_cyberbullying,False
158,if you don't know about the old old old school songs something is wrong.,3,3,not_cyberbullying,not_cyberbullying,False
159,@FuckingDesean ahaha there's no reason anyone would bully me! X),3,4,not_cyberbullying,other_cyberbullying,True
164,"@_DirtyTruths Of the three papers that he references, I have so far only been able to locate the third.",3,4,not_cyberbullying,other_cyberbullying,True
167,@rConflictNews @HaraldDoornbos What is even more disturbing is the number of people who want to watch.,3,4,not_cyberbullying,other_cyberbullying,True
170,Got out of class early today #thankgod,3,3,not_cyberbullying,not_cyberbullying,False
175,They cant get a can opener working how they going to get the ice cream maker to work. #MKR,3,3,not_cyberbullying,not_cyberbullying,False
180,People from my school are up here. Ew,3,3,not_cyberbullying,not_cyberbullying,False
185,It feel gud to lay here,3,3,not_cyberbullying,not_cyberbullying,False
187,"I would back hand them both. Giving them a 1? Strategic? No, you are just being major fkn dicks. #mkr",3,3,not_cyberbullying,not_cyberbullying,False
195,@nrllhkose @BBCPaulAdams People have ask that dumb question 1000 times. The answer is that there is no good side fighting for Aleppo.,3,5,not_cyberbullying,religion,True
208,"@Libertarianish We need to force the Daesh to move from place to place to reenforce their troops, and then we need to hit them in transition",3,3,not_cyberbullying,not_cyberbullying,False
212,"ALL GRATE THINGS ARE SIMPLE, AND MANY CAN BE EXPRESSED IN SINGLE WORDS; FREEDOM, JUSTICE, HONOR, DUTY, MERCY, HOPE.",3,4,not_cyberbullying,other_cyberbullying,True
220,"·i remember,how could i forget?",3,3,not_cyberbullying,not_cyberbullying,False
236,@AMohedin We can get that much from the Quran. So maybe the Hadiths can help us clarify.,3,4,not_cyberbullying,other_cyberbullying,True
248,There's still a few teams that need to be voted off the island #mkr,3,3,not_cyberbullying,not_cyberbullying,False
252,@HELLO__EMMA me too! We need to chill sometime soon now that everyone from the bdl is home from college.,3,3,not_cyberbullying,not_cyberbullying,False
262,#fat,3,4,not_cyberbullying,other_cyberbullying,True
264,@LifeInKhilafah This is life in the Khalifa. An orgy of murder and celebration of killing in the most gruesome way. http://t.co/m4oCmDH3BR,3,4,not_cyberbullying,other_cyberbullying,True
268,I feel we're in for one hell of a ride on #MKR thanks to the inclusion of Crazy-Kat. http://t.co/nYriPVKbJt,3,3,not_cyberbullying,not_cyberbullying,False
278,@busywriting Is it fantasy to think Hillary would be knocking heads together and using the power of the bully pulpit to expose R bad faith?,3,4,not_cyberbullying,other_cyberbullying,True
288,Make me remember you like you remember me,3,3,not_cyberbullying,not_cyberbullying,False
302,"here, too many people to ache",3,4,not_cyberbullying,other_cyberbullying,True
303,"Read my response to ""Pass this on to ask your followers if you believe bullying is wrong. If not, then I feel sorr…"": http://4ms.me/mScY6L",3,4,not_cyberbullying,other_cyberbullying,True
309,@RodFindlay been sent a few of them. Thought they could bully me about. Put them right and they won't represent the client anymore!,3,4,not_cyberbullying,other_cyberbullying,True
313,bully ray of impact wrestling worst style ever,3,4,not_cyberbullying,other_cyberbullying,True
315,"For more egregious cases for harassment, we definitely need to be able to respond to those appropriately. But most toxicity isn't this.",3,4,not_cyberbullying,other_cyberbullying,True
328,"I can't wait to get my puppy, I'm not gonna know how to act lol",3,3,not_cyberbullying,not_cyberbullying,False
341,It's kinda cold but I don't want to stop wearing my superhero outfit.,3,4,not_cyberbullying,other_cyberbullying,True
367,College football is all about money but the players Tht make college athletics so successful get nothing. Players need to get paid,3,3,not_cyberbullying,not_cyberbullying,False
370,According to ryan sexton me and @JamisonRaines have no athletic ability,3,4,not_cyberbullying,other_cyberbullying,True
374,I don't even like Ghostbusters but I will see the HELL out of this movie to spite misogynists.,3,3,not_cyberbullying,not_cyberbullying,False
375,Appalling behaviour by Kat and Andre. Hope the sour grapes sting on the way out #mkr #kat,3,3,not_cyberbullying,not_cyberbullying,False
376,@waffle_gurl And you know it's not true because you don't like it. You are calling the Muslima in the video a liar. Bye.,3,3,not_cyberbullying,not_cyberbullying,False
377,"@NoZzzander Eddie Izzard is a man, sorry that he doesn't fit the only narrow gender binary your feeble brain can process",3,2,not_cyberbullying,gender,True
381,@RickKMV hope the weekend was great rick!,3,3,not_cyberbullying,not_cyberbullying,False
388,@PeterBurnsRadio Carmelo just put his application in for the fall semester at that school.,3,3,not_cyberbullying,not_cyberbullying,False
404,Hen party almost over - when is pete evans going to jump out of a cake #MKR2015 #MKR,3,3,not_cyberbullying,not_cyberbullying,False
407,@1Slug_ getting through this school.. its good to have a break from it every once in a while tho.,3,3,not_cyberbullying,not_cyberbullying,False
409,Did Celine just make an elephant joke? Girl your making it too easy #mkr,3,2,not_cyberbullying,gender,True
413,Should I audition for the Music Theatre program or just see how i like straight theatre for the first year of college?,3,3,not_cyberbullying,not_cyberbullying,False
425,@kelli_nak Did you have a chance to do that thing we were discussing at #ladieswholunchslc?,3,4,not_cyberbullying,other_cyberbullying,True
433,@Elliot_Anderdon oh well you should watch it :) ok see ya,3,4,not_cyberbullying,other_cyberbullying,True
437,@Hi_Im_Dora Then that's not sexy! Unless its lingerie haha,3,4,not_cyberbullying,other_cyberbullying,True
443,"You know who I miss? That little Asian I met in math class .... Alyssa, the Asian with the Mexican last name lol she was a fun child",3,3,not_cyberbullying,not_cyberbullying,False
464,Life is better after having sex. Or when you know you're about to have sex. Or when you know someone is dying to have sex with you.,3,4,not_cyberbullying,other_cyberbullying,True
473,"Let's be honest, I feel like there's going to be a mines bigger than yours contest between drasko and Steve... @mykitchenrules #mkr",3,3,not_cyberbullying,not_cyberbullying,False
474,"Please, please, please can Annie and Cat feature in an episode of Naked &amp;Afraid where they r stranded on an island together? #mkr",3,3,not_cyberbullying,not_cyberbullying,False
475,"If the surprise announcement is another group of contestants, I'm done. #MKR",3,3,not_cyberbullying,not_cyberbullying,False
481,I wont be bringing back my love ..i wont be comin back....,3,3,not_cyberbullying,not_cyberbullying,False
492,I agree with you! “@mrjb88: Sherri and Emilie not serving anything yet oh dear lord I don't need this stress in my life #mkr #mkr2015”,3,2,not_cyberbullying,gender,True
497,"The last time I saw that much blood on the table, I was watching Alien. #mkr",3,3,not_cyberbullying,not_cyberbullying,False
508,Kat in shock.  And humiliated.,3,3,not_cyberbullying,not_cyberbullying,False
510,@waffle_gurl So you decide if they are true or false based on if you like them or not.  It means you don't accept evidence. Bye.,3,3,not_cyberbullying,not_cyberbullying,False
516,"Doesn't anyone have a gif of Manu saying ""no you get out"" cos that would be awesome",3,4,not_cyberbullying,other_cyberbullying,True
520,@RyanGebble Yeah male Shepard is just so DIFFERENT and INTERESTING like all the other white male protags in every game ever,3,4,not_cyberbullying,other_cyberbullying,True
521,I get my goodnight text when wakes up after passing out in the middle of our conversation. #classic,3,3,not_cyberbullying,not_cyberbullying,False
530,@ShinoGraphy Thanks for the correction. The sentence had withered from lack of use. :) @starkjunk,3,4,not_cyberbullying,other_cyberbullying,True
547,I knew i should've stayed home ...!,3,3,not_cyberbullying,not_cyberbullying,False
555,@WVTVW Thanks for parading your racism.,3,3,not_cyberbullying,not_cyberbullying,False
558,Last time I saw something this chaotic ...(long pause) .. Somebody ran into a beehive #MKR,3,3,not_cyberbullying,not_cyberbullying,False
563,"Deconstructed is to food what ""shabby chic"" is to decor. In other words, an excuse for a whole bunch of random shit thrown together. #MKR",3,3,not_cyberbullying,not_cyberbullying,False
565,Sorry but who changed the channel to the Next Top Model? #mkr,3,3,not_cyberbullying,not_cyberbullying,False
570,Posted: Don't Just Stand There: Stop Bullying Now #edu #education http://bit.ly/ntghhQ,3,3,not_cyberbullying,not_cyberbullying,False
577,"@W55YTE haha cheers, what's wrong with a pinkspotted plate like? Aye a know we have to go all out tomorrow, of course #KilliePie's are class",3,3,not_cyberbullying,not_cyberbullying,False
578,I wish you understood how bad I felt and how sorry I truly am.,3,4,not_cyberbullying,other_cyberbullying,True
580,"Someone that will be like, ""Randi, put down the toffee. You're going to get a stomach ache.""",3,4,not_cyberbullying,other_cyberbullying,True
586,Watching @angie_marie14 apply for a job on campus...priceless.,3,3,not_cyberbullying,not_cyberbullying,False
589,I really need to learn to stop procrastinating #somuchwork,3,3,not_cyberbullying,not_cyberbullying,False
590,@cspanwj  oh please the bullying issue is all about special treatment for the gay population,3,4,not_cyberbullying,other_cyberbullying,True
593,I still refuse to believe that his real name is Drasko!,3,4,not_cyberbullying,other_cyberbullying,True
605,At this rate will they ever make it to kitchen HQ? #mkr,3,3,not_cyberbullying,not_cyberbullying,False
612,"+men are ""biologically hardwired to like it"", thanks for draining my faith in humanity for today",3,3,not_cyberbullying,not_cyberbullying,False
613,".@cjn159u By ""it"" you mean unemployment, of course...",3,3,not_cyberbullying,not_cyberbullying,False
618,"@MissLaMuerta Love it there, old school brunch goodness!",3,3,not_cyberbullying,not_cyberbullying,False
626,@jeff_gluck  Exactly what I'm talking about. BULLYING is FROWNED upon these days. Pull your head out of your ass and take a look around!,3,4,not_cyberbullying,other_cyberbullying,True
627,@lilbeastunleash who knew that was how to do it! #MKR,3,3,not_cyberbullying,not_cyberbullying,False
633,@Aldag_Levi I love how you were paying attention during morning meeting(;,3,3,not_cyberbullying,not_cyberbullying,False
637,"@BreakingNews not normally in agreement with this regime ,but This doesnt leave a nasty taste",3,4,not_cyberbullying,other_cyberbullying,True
652,wow... Rick is merciless! #TheWalkingDead,3,4,not_cyberbullying,other_cyberbullying,True
660,"LRT: God, yes. Social media staff is straight out of a Simpsons or other dystopian parody.",3,4,not_cyberbullying,other_cyberbullying,True
668,"@MelCtyRevsLUFC Wow, way to use the oppression of women to make a cheap, tired joke. No one thinks you're funny OR interesting.",3,2,not_cyberbullying,gender,True
678,The moment when your teammate told you the wrong time to show up at the school and you got there to early and Im probably gonna get CT again,3,0,not_cyberbullying,age,True
679,I'm chillin till I go back to school... Too much goin on,3,3,not_cyberbullying,not_cyberbullying,False
683,@SexKittenParty White feminists need to focus on calling out men in a HIGHER position of power than themselves. Let's keep focus here.,3,4,not_cyberbullying,other_cyberbullying,True
696,"@stevenamoney And they're both good additions, although quiet lately. 3D know the business. Bully is a great heel, and Devon got buff!",3,4,not_cyberbullying,other_cyberbullying,True
702,@substerrr I can ask you the same question about your tweet.,3,4,not_cyberbullying,other_cyberbullying,True
720,Sorry what was that? You can't burn anything on a toastie? #mkr,3,3,not_cyberbullying,not_cyberbullying,False
721,"NMJC is the most difficult school to get information from. EVER. and really, $2 per transcript? stupid.",3,3,not_cyberbullying,not_cyberbullying,False
722,I have to poop but I'm the only one at my register #fml,3,3,not_cyberbullying,not_cyberbullying,False
724,I want to see Ash and Camilla win this show #MKR,3,3,not_cyberbullying,not_cyberbullying,False
726,feeling ill just after a nap is annoying.. still feeling ill an hour later is worse #badchoice,3,4,not_cyberbullying,other_cyberbullying,True
730,People annoy me so much.,3,4,not_cyberbullying,other_cyberbullying,True
738,I will never get sick of the sex and the city movie #classic,3,3,not_cyberbullying,not_cyberbullying,False
747,"@iAmCaticorn @CavusSeyit If you don't believe I can read, then you must be a total idiot to write to me.",3,5,not_cyberbullying,religion,True
748,Was the reference of not being an oil painting to the girls or the dessert #mkr,3,3,not_cyberbullying,not_cyberbullying,False
751,Ironic that the Democrat's party animal is a jackass #ijs,3,3,not_cyberbullying,not_cyberbullying,False
753,"Worse than sitting through the uninspired, overlong tripe that was #captainamerica was hearing the guy next to me say ""that was great"" after",3,3,not_cyberbullying,not_cyberbullying,False
763,"Well that's MKR done for the year. Seriously, does anyone watch past the instant restaurant rounds? #MKR",3,3,not_cyberbullying,not_cyberbullying,False
766,Personally think only one team should go through. They'll be cooking Christmas lunch in the finale the way this is shaping up! #MKR,3,3,not_cyberbullying,not_cyberbullying,False
769,Prayers are going up for my Papaw today as he goes for Open Heart Surgery.. I love him so much...,3,3,not_cyberbullying,not_cyberbullying,False
770,Farah: Now I know why a bully's a bully.... cause they lost a dream.,3,4,not_cyberbullying,other_cyberbullying,True
775,News flash: If you think feminism has fuckall to do with men you can go ahead and unfollow right now don't let the door hit you etc.,3,2,not_cyberbullying,gender,True
776,I can't eat my chips. :(((,3,3,not_cyberbullying,not_cyberbullying,False
780,Bully Stick Knotted Pizzel Bone Dog Treat. This is an exciting combination of Bully Stick and Bone. It's tied at both... http://ow.ly/6i82H,3,0,not_cyberbullying,age,True
785,@YvonneNiShiocru You could just delete the first 10 words from that tweet and lose nothing of substance.,3,4,not_cyberbullying,other_cyberbullying,True
789,The daredevil ain't no hero. He a bully.,3,4,not_cyberbullying,other_cyberbullying,True
800,I want my clothes out this fucking cleaner,3,4,not_cyberbullying,other_cyberbullying,True
801,"So on this day, I was feeling myself a lil bit too much in school.. I had too piss reaaaaaaaal bad. I was doing the piss dance and everythin",3,4,not_cyberbullying,other_cyberbullying,True
806,OoOh what do you think is the surprise announcement? #MKR,3,3,not_cyberbullying,not_cyberbullying,False
808,I got accepted to Bloomfield college,3,3,not_cyberbullying,not_cyberbullying,False
811,i would've done it if you asked. I can't even lie.,3,4,not_cyberbullying,other_cyberbullying,True
812,"Martial Arts, spiritual growth, and anti-bullying: A good way to help your child to develop such traits is through martial arts. Depe...",3,3,not_cyberbullying,not_cyberbullying,False
815,@islamujahideen Your slavery program has done more to turn nations and Muslims against you than anything else. Think about that.,3,5,not_cyberbullying,religion,True
817,"@scamp_faridxx What I gave you is the historical research.  Ever hear of it, or do you just limit yourself to invented superstition.",3,4,not_cyberbullying,other_cyberbullying,True
824,@Iam_JafStyles Really.? I miss you buddy..,3,4,not_cyberbullying,other_cyberbullying,True
829,"How could you just walk away from the person that at one time, you wanted to be with forever.?",3,3,not_cyberbullying,not_cyberbullying,False
830,@GarryBoyle40 @EamonnHolmes  Thats exactly what I mean His ego will be well inflated,3,3,not_cyberbullying,not_cyberbullying,False
834,"@arminliya yes, almost, there is mirdif private school there too, dont worry you wont miss it, flags up and all sorts",3,0,not_cyberbullying,age,True
843,@bradleyjose @shannonleigh84 I do have a key to the school.,3,3,not_cyberbullying,not_cyberbullying,False
845,Take on the challenge of volunteering with #SSES!  We have many opportunities for you to grow in service to your community.,3,4,not_cyberbullying,other_cyberbullying,True
846,"But Anyways Good Morning , Thankin GOD For Waking Me Up This Morning .",3,3,not_cyberbullying,not_cyberbullying,False
848,#nutrition #food,3,3,not_cyberbullying,not_cyberbullying,False
857,@Alana_fraiz me judge don't,3,4,not_cyberbullying,other_cyberbullying,True
859,"if i was locked down with no money, would you hold it down for me? i just gotta know for sure, are we in this together?",3,4,not_cyberbullying,other_cyberbullying,True
867,so much changes after high school!,3,0,not_cyberbullying,age,True
868,Screw the Academy Awards. I have much better taste than 100% of white dudes so I'm going to continue to like things I like SUCK IT,3,4,not_cyberbullying,other_cyberbullying,True
869,WHERE THE FUCK IS A TEDDY BEAR WHEN YOU NEED ONE,3,1,not_cyberbullying,ethnicity,True
877,"He A Bully Towards The Pussy , He Beat It The Fck Up Lmfaoo",3,4,not_cyberbullying,other_cyberbullying,True
892,The deconstructed lemon tart looks pretty much like what your plate might look like after you've EATEN a lemon tart. #MKR,3,3,not_cyberbullying,not_cyberbullying,False
894,"@_FierceFemme_ I'm too old to remember elementary school now lol, best of luck in your studies x",3,0,not_cyberbullying,age,True
896,1leg up then hit her with the flex!,3,4,not_cyberbullying,other_cyberbullying,True
905,#mkr just go home already.,3,3,not_cyberbullying,not_cyberbullying,False
926,She's the Man will never fail me. #classic,3,3,not_cyberbullying,not_cyberbullying,False
929,So apparently the saloon bar in msp decided to steal my jacket because I'm dating @DuncanBlackXXX .. Real,3,4,not_cyberbullying,other_cyberbullying,True
936,@ToriKyuun Yeah women NEVER have to try to take a male perspective in fiction.,3,4,not_cyberbullying,other_cyberbullying,True
942,"@luizpsc no one is perfect. We all make mistakes, and then we have to apologize for them. Celebrities aren't special.",3,3,not_cyberbullying,not_cyberbullying,False
943,I believe in equality except when I'm drunk and mad at women. &lt;-- why I don't trust male feminists,3,2,not_cyberbullying,gender,True
945,@hal2012 Reports out of Mosul are that a lot of Muslims are turning atheist as a result of the way ISIS is forcing the religion on them.,3,5,not_cyberbullying,religion,True
949,There is a Normandy Crossing yearbook for class 15 as fifth graders at my house.. I see everyone here!,3,3,not_cyberbullying,not_cyberbullying,False
955,"I love those ""always smiling"" kind of people.",3,3,not_cyberbullying,not_cyberbullying,False
959,iPhone don't give out on me yet. Be the trooper you are 😧📱🔫,3,4,not_cyberbullying,other_cyberbullying,True
960,I hope it's double elimination #mkr,3,3,not_cyberbullying,not_cyberbullying,False
962,"Does ""discipline"" really stop bullying and other anti-social behavior http://owl.li/1e84iq",3,3,not_cyberbullying,not_cyberbullying,False
966,@EloisePeace I am seriously doubting that they have spent more than a few hours in a kitchen in their whole lives #mkr,3,3,not_cyberbullying,not_cyberbullying,False
970,@angeelakayx3 what school do you go to?,3,3,not_cyberbullying,not_cyberbullying,False
978,I want that car with the engine in the trunk.,3,3,not_cyberbullying,not_cyberbullying,False
982,RT @SeaEph: Lots of ppl willing to give u that 'punch' you're missing Colin,3,3,not_cyberbullying,not_cyberbullying,False
983,@1Protoco1_J1had LOL. Modern gun powder burns completely in a barrel half that long. The longer the barrel the greater the flex.,3,3,not_cyberbullying,not_cyberbullying,False
993,I don't retreat. I reload.,3,3,not_cyberbullying,not_cyberbullying,False
996,"Must sting for sports fans that they asked a Vagina-American to commentate before you, despite your inherent, genetic superiority, eh?",3,5,not_cyberbullying,religion,True
998,Infinite campus is not letting me see my schedule t-.-t,3,3,not_cyberbullying,not_cyberbullying,False
1007,"Great job, everyone! If you want to practice those 'Questions in Statement Form', say them out loud with correct intonation. #EngClass",3,3,not_cyberbullying,not_cyberbullying,False
1008,I need to behave like an executive. I forget that I'm a board member of an organisation.,3,3,not_cyberbullying,not_cyberbullying,False
1013,Pointless to be in class today #naptime,3,3,not_cyberbullying,not_cyberbullying,False
1018,Why not just make a tart? #MKR,3,3,not_cyberbullying,not_cyberbullying,False
1029,Love a good generalization about a entire nation of people. #not #mkr,3,3,not_cyberbullying,not_cyberbullying,False
1032,The most important thing you can do as a parent is teach your children how to walk in someone else's shoes. http://t.co/XW7qV6STNR,3,4,not_cyberbullying,other_cyberbullying,True
1033,"@_DirtyTruths The first one seems to come from the far left wing rag, The Progressive. The article is by Thomas Nagy.",3,1,not_cyberbullying,ethnicity,True
1043,Is there enough blue in the wardrobe department!? #MKR,3,3,not_cyberbullying,not_cyberbullying,False
1044,They are literally going thru a laundry list of actresses and heavily critiquing every one.,3,4,not_cyberbullying,other_cyberbullying,True
1052,@DirtyGurdyAt930 It's definitely a classic!,3,3,not_cyberbullying,not_cyberbullying,False
1058,“@squishilicious: How do you deconstruct a lemon tart? ... #mkr” I think you drop it on the floor then scrape it into a bowl,3,3,not_cyberbullying,not_cyberbullying,False
1070,Life not worth living without family,3,3,not_cyberbullying,not_cyberbullying,False
1071,Changing the definition of rape makes it easy as shit to massage the stats to make your community look better.,3,2,not_cyberbullying,gender,True
1076,"@AnnabelleSpeaks My school made us do disposable swim diaper and then a reusable one over that. Double diapering, they call it.",3,0,not_cyberbullying,age,True
1078,@NickMiller89 wrong sir. You started building a bulky first day at camp! Tomorrow y'all will start being the bully! Get it fam,3,3,not_cyberbullying,not_cyberbullying,False
1080,I strongly dislike people who think they can bully people just because they are different.,3,4,not_cyberbullying,other_cyberbullying,True
1081,Hi... Ho... Hi.. Ho... Off to work I go. #grind,3,3,not_cyberbullying,not_cyberbullying,False
1083,LRT: If ever you needed to explain to someone why we absolutely NEED libraries and why they are the BEST,3,4,not_cyberbullying,other_cyberbullying,True
1084,My language arts class is the best,3,3,not_cyberbullying,not_cyberbullying,False
1088,"If all your tweets are in arabic, chances are I will not follow you back.",3,3,not_cyberbullying,not_cyberbullying,False
1089,"Push your cock inside me,i am a bad police,punish me https://t.co/VM5hiyM5cJ",3,4,not_cyberbullying,other_cyberbullying,True
1091,THATS just how horrid Kat is.,3,3,not_cyberbullying,not_cyberbullying,False
1099,How hard is it to be humble?  #MKR,3,3,not_cyberbullying,not_cyberbullying,False
1100,Had a good day to be honest but I'm always in a bad mood after having triple science :|,3,3,not_cyberbullying,not_cyberbullying,False
1109,"This is a joke, right. #mkr",3,2,not_cyberbullying,gender,True
1111,Nobody was in school today,3,3,not_cyberbullying,not_cyberbullying,False
1114,Who's in sudden death? #MKR,3,3,not_cyberbullying,not_cyberbullying,False
1116,Who else is looking forward to Kat and Andre's pending elimination #mkr,3,3,not_cyberbullying,not_cyberbullying,False
1117,@Michaelplates It's like telling me to unlearn my hatred of Nazis.,3,4,not_cyberbullying,other_cyberbullying,True
1130,This class is going by SO SLOW. 🕡🕟🕠🕞🕥🕗🕛,3,3,not_cyberbullying,not_cyberbullying,False
1132,@TheRealFattLaff It's even more annoying that you exist past high school.,3,0,not_cyberbullying,age,True
1133,@ActingAnEejit that's an odd height to have a plug socket,3,4,not_cyberbullying,other_cyberbullying,True
1141,We have sass! Oh well a cooking competition is just the ticket. #MKR,3,3,not_cyberbullying,not_cyberbullying,False
1143,I really want that pork crackling #mkr,3,3,not_cyberbullying,not_cyberbullying,False
1149,I have more fun in school then I do at my house..  that's a problem,3,3,not_cyberbullying,not_cyberbullying,False
1155,"front office is dumb for firing Ozzie, it's not his fault everyone got hurt and not everyone was giving it 100%.",3,4,not_cyberbullying,other_cyberbullying,True
1156,RT @KathleenCanada: #RapeIsWhen proving you're not lying is a higher priority than proving you're not guilty.,3,4,not_cyberbullying,other_cyberbullying,True
1157,This show Bully Beatdown is kind of funny. #Hulu+,3,4,not_cyberbullying,other_cyberbullying,True
1169,@mtvnews Do you have any advice for a girl who gets bullied a lot at school??? How do you stay so confident?? #MTVGaga,3,0,not_cyberbullying,age,True
1173,Why not beat the morning rush and pop in early tomorrow - we will be open from 9AM! #vicmarket @VicMarket #chicken #MKR #dinner,3,3,not_cyberbullying,not_cyberbullying,False
1175,"#MKR Kat, you are a dick!",3,2,not_cyberbullying,gender,True
1178,Is I'm The Only One That Dnt Feel Like Attending School Tomorrow ????,3,3,not_cyberbullying,not_cyberbullying,False
1186,@XCollegeBoy I want her outfit. It's so cute... -eyes sparkle-,3,4,not_cyberbullying,other_cyberbullying,True
1187,My class tank went up by 3 :D,3,3,not_cyberbullying,not_cyberbullying,False
1191,No problem and thank you for what your doing about bullies and I will take a stand against bullying. (Thang again).!!!!!!!!,3,4,not_cyberbullying,other_cyberbullying,True
1198,I love my engLisH cLass!!! :)@,3,3,not_cyberbullying,not_cyberbullying,False
1203,Wish there was a home viewer vote. Kat and Andre would be loooooooooong gone #mkr,3,3,not_cyberbullying,not_cyberbullying,False
1214,At times I moan about the service certain delivery companies give. Nothing however compares to the shitness that Royal Mail sometimes show.,3,4,not_cyberbullying,other_cyberbullying,True
1216,Bully beatdown how bout that,3,4,not_cyberbullying,other_cyberbullying,True
1222,"@JennInTheTARDIS When they built the Clev Hts location here, I literally cheered! We do a lot of take-out! #MeltRules :-)",3,4,not_cyberbullying,other_cyberbullying,True
1227,@big_beck I have a day on you now!,3,4,not_cyberbullying,other_cyberbullying,True
1232,@raqqa_mcr Guess they are running out of those black uniforms.,3,4,not_cyberbullying,other_cyberbullying,True
1235,@NickRoxNRX that's awesome. Wish my Japanese was good enough to watch it undubbed. I warched the first US run when I was in middle school.,3,0,not_cyberbullying,age,True
1237,WITHOUT YOU BE I'D BE MISERABLE AT BEST,3,3,not_cyberbullying,not_cyberbullying,False
1238,@SafeensS Load of BS. Those people used to think of weight in analog terms. So mentioning very small weight and taking it down is hyperbole,3,4,not_cyberbullying,other_cyberbullying,True
1243,"Crap, the cow made it in #mkr",3,3,not_cyberbullying,not_cyberbullying,False
1253,@iiSpeakKindness i don't remembering asking you when you had to be back to school .....,3,3,not_cyberbullying,not_cyberbullying,False
1260,@SophBiscuit I say this all the time but YOU DO NOT BLOG NEARLY ENOUGH FOR MY LIKING.,3,4,not_cyberbullying,other_cyberbullying,True
1262,@UnionJworld (insert clever and funny tweet here) Can you follow me now? :) x175,3,4,not_cyberbullying,other_cyberbullying,True
1277,"@Lincoln_WI definitely, also thinking of specialised classes for our timetable",3,3,not_cyberbullying,not_cyberbullying,False
1285,Thompson School District has a new website to support our community in dealing with bullying and cyberbullying.  Check it out!,3,0,not_cyberbullying,age,True
1289,It's hard being around people who aren't actively trying to fight their own oppressive behaviors. Find your people to keep you calm.,3,4,not_cyberbullying,other_cyberbullying,True
1291,Did she really just tell them that in order to walk you just 'put one foot in front of the other'?,3,4,not_cyberbullying,other_cyberbullying,True
1294,I wanna go to a all white school,3,3,not_cyberbullying,not_cyberbullying,False
1295,"hey all you Napoleons out there, follow me before Wednesday for some extra credit.",3,3,not_cyberbullying,not_cyberbullying,False
1299,Bully @JENZiiH !! :D “@VELO_Rubedo: My plans for tonight seem to fall apart D: What to do now?”,3,4,not_cyberbullying,other_cyberbullying,True
1309,Nothing worse than undercooked egg mmmm then again maybe last night's chicken livers still trying not to gag #mkr,3,3,not_cyberbullying,not_cyberbullying,False
1312,"@DJSYFER The live ones can be really good cause you get the vibe, BUtT don't like when there's TOO much talking over/between tracks... Lol",3,2,not_cyberbullying,gender,True
1313,“ Someone please remind me again what the difference is between children and Category 5 hurricanes.”,3,4,not_cyberbullying,other_cyberbullying,True
1317,Glad I spent all those years dancing and building strong legs so I could use those muscles to claim my space on public transport,3,4,not_cyberbullying,other_cyberbullying,True
1318,I HIT A BIRD THIS MORNING AND IT GOT CAUGHT UNDERNEATH MY CAR CAR AND ALL I HAD TO DO WAS LISTEN TO IT DIE. IT WAS AWFUL,3,3,not_cyberbullying,not_cyberbullying,False
1319,Monday night is date night might event hit main event tonight,3,3,not_cyberbullying,not_cyberbullying,False
1324,A 4th round of instant restaurants? I thought 3 was enough this year. Don't get me wrong i love this show but seriously? #MKR,3,3,not_cyberbullying,not_cyberbullying,False
1327,"@RICANROLL You think your reply is clever? Women are more than you will ever be. You are small, and you will always be small.",3,4,not_cyberbullying,other_cyberbullying,True
1328,"The mother in Miracle on 34th Street is very sensible and realistic. Naturally, she's painted as ABSOLUTELY NO FUN EVER",3,4,not_cyberbullying,other_cyberbullying,True
1335,@RhiannonDutton plan on having me visit every weekend so we can that male dominated campus :) #bonus,3,4,not_cyberbullying,other_cyberbullying,True
1347,"@foodie_ben they may like it, but it's no replacement for formula as the book allegedly recommends. Pete Evans should go from #mkr",3,3,not_cyberbullying,not_cyberbullying,False
1348,My only problem is there are worst cooks then captain Salty #mkr,3,3,not_cyberbullying,not_cyberbullying,False
1359,@highschoolgirl9 as far as I know yes,3,4,not_cyberbullying,other_cyberbullying,True
1361,Great testimony to the Gracie Family.,3,3,not_cyberbullying,not_cyberbullying,False
1364,I'll be ready for breakfast by the time this episode is finished.  #mkr,3,3,not_cyberbullying,not_cyberbullying,False
1366,If school wasn't so damn early I wouldn't have a problem with coming.,3,3,not_cyberbullying,not_cyberbullying,False
1368,Was thinking of getting a new umbrella- but what's the point if they end up breaking in the wind? OR if it's sideways rain?,3,4,not_cyberbullying,other_cyberbullying,True
1379,"Yeah, the nights been shit so far......let's make it worse",3,3,not_cyberbullying,not_cyberbullying,False
1380,"I aint gone just be an asswhole,, but that Mr. Nice guy shxt over with",3,3,not_cyberbullying,not_cyberbullying,False
1381,Women have been equal socially for quite awhile now &lt;-- said with all of the authority of the truly uninformed,3,4,not_cyberbullying,other_cyberbullying,True
1382,Your approval is so worthless you should pay people to take it @stiles_ben Call me sexist but I do not approve of female football presenters,3,2,not_cyberbullying,gender,True
1385,"If we're at the bottom of the leaderboard, we're going home! CLEVER! #MKR",3,3,not_cyberbullying,not_cyberbullying,False
1389,I've been watching college football all morning so far.,3,3,not_cyberbullying,not_cyberbullying,False
1390,Kat and Andre are honestly the most annoying spiteful just irritating muppets I have ever seen They won't go home but fuck I hate them #MKR,3,2,not_cyberbullying,gender,True
1391,"Well it's been a great start to the week, with an interesting email arriving this morning!! Happy Days ;-))",3,3,not_cyberbullying,not_cyberbullying,False
1397,@kikileilani @lylapooh that's the only part about it I like!!!,3,4,not_cyberbullying,other_cyberbullying,True
1398,"@Lithobolos No, people who want to kill apostates, support jihad, support sexism, support sharia, are not people.  They are scum.",3,5,not_cyberbullying,religion,True
1405,"Seems like the ""crime against cooking"" is rampant at the zoo park on #mkr",3,3,not_cyberbullying,not_cyberbullying,False
1409,@EvilDrumstick most of those people would be hard pressed to find their arse with both hands. (Let alone make it presentable) #mkr,3,3,not_cyberbullying,not_cyberbullying,False
1412,Me @KayleySoros and Steven gallardo had the were all in the same physics class and we were killing flies with a squirt gun and kayley was,3,3,not_cyberbullying,not_cyberbullying,False
1428,"First impression I want someone to have of me is ""she's solid I can work with her"" not ""she's definitely gonna suck my dick""",3,1,not_cyberbullying,ethnicity,True
1432,@JordanTakeMeOut punch him straight in the face! Your not at all fat!!,3,4,not_cyberbullying,other_cyberbullying,True
1450,Finally a break from school !!!,3,3,not_cyberbullying,not_cyberbullying,False
1451,@obsurfer84 We don't agree. The Hadiths are classified as Sound by Hadiths writers.  They are not classified as weak.,3,4,not_cyberbullying,other_cyberbullying,True
1456,Damn I'm hungry,3,4,not_cyberbullying,other_cyberbullying,True
1457,The only thing women should do is not give a fuck about what anyone has to say about their bodies.,3,4,not_cyberbullying,other_cyberbullying,True
1468,it is what it is tho i do understand how they feel,3,3,not_cyberbullying,not_cyberbullying,False
1469,I'm chilling,3,3,not_cyberbullying,not_cyberbullying,False
1476,When Marni thinks its hotter in the school for her because she's wearing all black @alixtrachtman,3,3,not_cyberbullying,not_cyberbullying,False
1478,"@MindOfMo And it's not just an endless chain of revenge, but an accelerating chain of revenge.",3,4,not_cyberbullying,other_cyberbullying,True
1483,How girls from my school are re tweeting every 'the mend' tweet GET A LIFE!,3,0,not_cyberbullying,age,True
1487,"If school has taught us anything, it's texting without looking",3,3,not_cyberbullying,not_cyberbullying,False
1488,Ugh Broadway boy is back #MKR,3,3,not_cyberbullying,not_cyberbullying,False
1491,@DolamiteD brass monkey: drink a little less than half the 40 then fill it up with OJ. Brass monkey. As in the beastie boys song,3,4,not_cyberbullying,other_cyberbullying,True
1497,@UmarFarooq_ It's quite trivial if you use relative motion. The earth does not move under the airplane so that the plane chases locations.,3,4,not_cyberbullying,other_cyberbullying,True
1500,"where my bully at ? , the negro been mia .",3,4,not_cyberbullying,other_cyberbullying,True
1503,@AMohedin Stop making up lies. Show me with a verse.,3,4,not_cyberbullying,other_cyberbullying,True
1513,Meatballs for breakfast. Not really a breakfast item. Saying that though I'd eat them #mkr,3,3,not_cyberbullying,not_cyberbullying,False
1516,"Instead of creating one more expensive option for people with means, we need to create public solutions that the majority of people need.",3,4,not_cyberbullying,other_cyberbullying,True
1523,"It's pretty telling that in our beloved patriarchy the worst way to insult a woman is ""you do sexual things on your own terms""",3,4,not_cyberbullying,other_cyberbullying,True
1525,"RT @PatriceChienne: pretty: adjective 1.) attractive in a delicate way without being truly beautiful.""a pretty little girl with an engaging…",3,2,not_cyberbullying,gender,True
1526,Wow....a commercial to eat seafood and clean up the environment. #DoubleWhammy,3,3,not_cyberbullying,not_cyberbullying,False
1542,Bullying *,3,4,not_cyberbullying,other_cyberbullying,True
1543,@pocahontasgem I'm cool Now babe too much in my mind! How's you? X,3,4,not_cyberbullying,other_cyberbullying,True
1546,Back in bed to get a 1/2 an hour...,3,3,not_cyberbullying,not_cyberbullying,False
1549,"Stop calling it ""being strategic"" when really it is ""being shameless dirtbags"" #mkr",3,3,not_cyberbullying,not_cyberbullying,False
1553,"I need a gif of a woman laughing derisively while dropping garbage in the trash, because that is my mentions.",3,4,not_cyberbullying,other_cyberbullying,True
1557,It's the Victorian thing and the fact that they're not Kat and Andre lets be real here #mkr,3,3,not_cyberbullying,not_cyberbullying,False
1558,"@laurenkarlisle Thank you! Yes, it was awesome seeing so many people in the city. Campus Martius area was pretty busy too!",3,4,not_cyberbullying,other_cyberbullying,True
1559,I hope you get bullied so much you die! - @shhhhlerae,3,4,not_cyberbullying,other_cyberbullying,True
1564,Mad that someone I'm not fond of is in one of my classes. #Bully,3,3,not_cyberbullying,not_cyberbullying,False
1566,@punketterocker it just causes people to be bullied and them to hate eachother.. There's really nothing good about it,3,4,not_cyberbullying,other_cyberbullying,True
1567,Hell yea Smh @Dont_Like__me: So it’s goin be hot all week!!! This weather is just meant to get us sick!!!”,3,3,not_cyberbullying,not_cyberbullying,False
1575,New article: Twilight producers deny bullying twilight fan read more,3,4,not_cyberbullying,other_cyberbullying,True
1579,"#YesAllWomen feel a combination of pride and rage at the popularity of #YesAllWomen. Yes, finally, but why did you take so long?",3,3,not_cyberbullying,not_cyberbullying,False
1583,@DGDestroys photos from stafford's college days rock. My favorite: him holding an empty keg over his head in what looks to be a trailer park,3,3,not_cyberbullying,not_cyberbullying,False
1586,But if I go in (pause and no homo) its bullying,3,3,not_cyberbullying,not_cyberbullying,False
1589,"RT @finicalgal: NOTE: In a spatchcock dish, the pomegranate being the ""star of the dish"" is not a GOOD thing.",3,3,not_cyberbullying,not_cyberbullying,False
1592,this is interesting :D,3,4,not_cyberbullying,other_cyberbullying,True
1595,@CHIRAG_ROSHAN ROFL!! But his inning was A class.. Sadly we lost the match! 💔,3,3,not_cyberbullying,not_cyberbullying,False
1597,Glad to see @twitter has gone from Sponsored Tweets to full-on native advertising. And by glad I mean nauseous.,3,4,not_cyberbullying,other_cyberbullying,True
1600,Sometimes you just got to punch a Bully in the mouth.,3,4,not_cyberbullying,other_cyberbullying,True
1607,I forgot how much I dislike the mum and son team #MKR,3,3,not_cyberbullying,not_cyberbullying,False
1612,@Harry_Styles  add this to the things-i-can't-list : taking pictures... but i still love you man...,3,4,not_cyberbullying,other_cyberbullying,True
1616,"Coaching staff is soft, as bad ass as Russ Grimm was in his playing days he just looks like big Ted out there",3,4,not_cyberbullying,other_cyberbullying,True
1619,I can't go class cause its foggy outside. #dangerous,3,3,not_cyberbullying,not_cyberbullying,False
1620,We live in a world where losing your phone is more dramatic than losing your virginity.,3,3,not_cyberbullying,not_cyberbullying,False
1622,I need motivation.,3,3,not_cyberbullying,not_cyberbullying,False
1623,"@OfficialAdele haters always will be haters.. Don't care about that.. live this moment so happy, with ur baby :).. And just never forget,",3,3,not_cyberbullying,not_cyberbullying,False
1626,[Fan]: My friend keep bullying me huhu,3,4,not_cyberbullying,other_cyberbullying,True
1640,I have a serious question for all of you. How many of you have children who have been victims of bullying? How did you deal with it?,3,4,not_cyberbullying,other_cyberbullying,True
1641,Kat and Andre staying is possibly the worst thing to happen on the show ever #mkr,3,3,not_cyberbullying,not_cyberbullying,False
1653,"@bascule given the location of the power button, I may follow this advice.",3,4,not_cyberbullying,other_cyberbullying,True
1669,"@dean0downing I agree Dean, me too. Now maybe we can move forward.",3,4,not_cyberbullying,other_cyberbullying,True
1670,"@diesel_frost you know what else has a huge impact? Real rape that is happening right now, all over, to way more people.",3,4,not_cyberbullying,other_cyberbullying,True
1672,Woke up this morning thinkin I had school..,3,3,not_cyberbullying,not_cyberbullying,False
1673,I wanna be that feeling,3,3,not_cyberbullying,not_cyberbullying,False
1685,Have you ever been to any sporting event at ANY level in your life? @sammythechink (Not sexist but lads don't tend to scream),3,2,not_cyberbullying,gender,True
1687,"Just cause ur a junior or senior in highschool doesn't mean u don't have to respect ur elders, idc who they are it's what u do#MakesMeSoMad",3,1,not_cyberbullying,ethnicity,True
1691,Not having a good morning at all,3,3,not_cyberbullying,not_cyberbullying,False
1703,Damn have to put up with more of kat and andre  .  #mkr,3,3,not_cyberbullying,not_cyberbullying,False
1706,the worst menu in #mkr history,3,3,not_cyberbullying,not_cyberbullying,False
1707,"@donidoll @Po_st If they did they would post immediate propaganda video of it.  If there is no video, it didn't happen.",3,4,not_cyberbullying,other_cyberbullying,True
1722,Me and my bf bout to be out!,3,4,not_cyberbullying,other_cyberbullying,True
1743,So tired :(,3,4,not_cyberbullying,other_cyberbullying,True
1744,"Oh Mickey you're so fine. You're so fine, you blow my mind. Hey Mickey! HEY HEY! HEY MICKEY!",3,3,not_cyberbullying,not_cyberbullying,False
1745,#mkr criteria clearly places actual cooking ability way at the bottom.,3,3,not_cyberbullying,not_cyberbullying,False
1746,What to do today ?,3,3,not_cyberbullying,not_cyberbullying,False
1751,"Salmon and cream cheese bagel for breakfast, omfg yes #classybitch",3,3,not_cyberbullying,not_cyberbullying,False
1753,When I'm annoyed this much it's about time I go back to school,3,3,not_cyberbullying,not_cyberbullying,False
1762,"RT @ChrisWarcraft: @freebsdgirl ""I, I just want to go home. Please, Mr. Rouge. I have k-""""IT CALLS THE FUNCTION TO THE PROCESS OR IT GE…",3,2,not_cyberbullying,gender,True
1767,media at my new school is rather boring..,3,3,not_cyberbullying,not_cyberbullying,False
1769,Getting my cut and curls Friday before I head to the airport.,3,3,not_cyberbullying,not_cyberbullying,False
1770,@Bahai144 Only a total moron would take the position that's if you can't fight every injustice you shouldn't fight any injustice.,3,4,not_cyberbullying,other_cyberbullying,True
1773,@ThelmaSleaze And no one said only women should stick together. Non-rapist men can also stick together with their (women) friends,3,2,not_cyberbullying,gender,True
1777,Yes! Get rid of Kat! #MKR,3,2,not_cyberbullying,gender,True
1786,What??? How along are they dragging this show on for? #suchathingastoomuch #mkr,3,3,not_cyberbullying,not_cyberbullying,False
1789,"Colin ""doesn't care if you're cooking on the lake"". Marine Parks and Wildlife do.",3,3,not_cyberbullying,not_cyberbullying,False
1790,"#moms #dads  KEY word about #School Bullying Awareness, Prevention? INVOLVEMENT&gt; worth it to address the issue. #parenting #bullying #teach",3,0,not_cyberbullying,age,True
1797,@NateGutman Oh thanks for clearing that up,3,4,not_cyberbullying,other_cyberbullying,True
1802,Shit can just be off mind..but I swear somebody always think you talking about them,3,4,not_cyberbullying,other_cyberbullying,True
1805,Man they be goin hard on bully beat down!,3,4,not_cyberbullying,other_cyberbullying,True
1811,Trust me bella people will stop bullying in general if we can get more people to take a stans against it im with you @bellathorne143 :),3,4,not_cyberbullying,other_cyberbullying,True
1822,"Can't wait ƒσr dance classes, we still doing @ciara got me good until they get it right",3,3,not_cyberbullying,not_cyberbullying,False
1827,"@Jordypordy88 That's the Batman Anthem, if you couldn't figure it out (you probably can't)",3,4,not_cyberbullying,other_cyberbullying,True
1828,@LDaialogue where'd u go in M-town homie? I know a couple of the schools from going to TSU.,3,3,not_cyberbullying,not_cyberbullying,False
1830,"Oh my god I can not handle one more ep of Kat and Andre, they are cooking my nut, big time #MKR",3,3,not_cyberbullying,not_cyberbullying,False
1839,"Bitches went to school, learned how to be fake, n forgot to get an education. Damnnn",3,0,not_cyberbullying,age,True
1844,"@anjemchoudary @TwtS_Re_Tweet_0 People have no right not to be insulted by others free speech. If they did, there would be no free speech.",3,4,not_cyberbullying,other_cyberbullying,True
1849,@yearnings my protractor bully me (woo),3,4,not_cyberbullying,other_cyberbullying,True
1854,@LOTRQuotes69 Your joke is like misogynist magnetic poetry thrown haphazardly onto a fridge.,3,2,not_cyberbullying,gender,True
1862,tomorrow a long love poem i wrote for everyone and everything that has and does exist will be published on @shabbydollhouse :),3,3,not_cyberbullying,not_cyberbullying,False
1868,do ppl really care if they're the first mother/son team?? #mkr,3,3,not_cyberbullying,not_cyberbullying,False
1874,@ldstarr18 Peace is important.  But freedom is even more important.,3,4,not_cyberbullying,other_cyberbullying,True
1875,"RT @saraewilliams: Calls for a march of a million tomorrow to remove Jordan from coalition, but some mourners say this is not the time or p…",3,2,not_cyberbullying,gender,True
1878,I considered myself a man until a butterfly landed on me one day and I thought it was charming.,3,3,not_cyberbullying,not_cyberbullying,False
1880,Easy day. Thanks power.,3,3,not_cyberbullying,not_cyberbullying,False
1886,Tell me that you're alright and everything is alright,3,4,not_cyberbullying,other_cyberbullying,True
1891,Our home is not a democracy - yes I just said that to my kids,3,3,not_cyberbullying,not_cyberbullying,False
1893,@mykitchenrules Kat is a bully 😈💩and she should be disciplined!Seriously she can't cook.what a clown👎👎👎 #mkr,3,2,not_cyberbullying,gender,True
1898,You have the paddle upside down in the ice cream machine! #mkr,3,3,not_cyberbullying,not_cyberbullying,False
1902,@rickbilyak What data.  I didn't see a single item of data - only one guy's conclusions.,3,4,not_cyberbullying,other_cyberbullying,True
1904,@JoRitson Do humanity a favor and jump in a hole and pull the dirt in over you.,3,3,not_cyberbullying,not_cyberbullying,False
1919,"It's elementary school, my Emma Watson",3,0,not_cyberbullying,age,True
1923,Hey @TaeBrooks me and @TaeBrooksTeam think you should cover 'Don't Laugh At Me' by Mark Wills.its to be against bullying :),3,4,not_cyberbullying,other_cyberbullying,True
1925,#mkr leaving lip prints all over the table.  Nice unsanitary way to start things....  Yuck. Why not spit on the plates too?,3,3,not_cyberbullying,not_cyberbullying,False
1926,According to Melon,3,3,not_cyberbullying,not_cyberbullying,False
1929,"RT @BlackGirlDanger: New rule (old rule): you can't be a ""leader"" in a movement against oppressions you do not experience.",3,2,not_cyberbullying,gender,True
1930,@AmieRicksecker well you still have High School which was so so fun,3,0,not_cyberbullying,age,True
1933,Back to Bridgeton I hope this is the last time,3,3,not_cyberbullying,not_cyberbullying,False
1934,Never let anger cloud ur judgement give room 4 explanation #Fact,3,4,not_cyberbullying,other_cyberbullying,True
1939,@DaraDeBrun @Saeed6Ali I know. I'm fine stepping on his name &amp; I don't intend to fix it. But thanks for the inane observations.,3,2,not_cyberbullying,gender,True
1940,I obviously don't know wot sass is,3,4,not_cyberbullying,other_cyberbullying,True
1942,"When the Bully yelled ""Eat paste"" AND you forgot to hear !",3,4,not_cyberbullying,other_cyberbullying,True
1944,It's just not the same without Manu.,3,3,not_cyberbullying,not_cyberbullying,False
1947,Colin's in good form tonight #MKR,3,3,not_cyberbullying,not_cyberbullying,False
1950,A relationship involves TWO PEOPLE not the whole world .,3,3,not_cyberbullying,not_cyberbullying,False
1951,Can I just go home and sleep.. :/ #Soootired.,3,3,not_cyberbullying,not_cyberbullying,False
1953,"Fire racists and hire someone who's more qualified, you know, like a POC.",3,4,not_cyberbullying,other_cyberbullying,True
1961,"@bb27mwr Hey troll, you're a piece of shit. How's that for a compliment?",3,4,not_cyberbullying,other_cyberbullying,True
1964,No matter who goes home everyone is a winner for having to have dinner with Drasko on multiple occasions #MKR,3,3,not_cyberbullying,not_cyberbullying,False
1971,If your ever bullied listen to #NeverSayNever its such an inspirational song,3,3,not_cyberbullying,not_cyberbullying,False
1973,Pressure can burst a pipe or pressure can make a diamond!!! #WhichOneRU?,3,3,not_cyberbullying,not_cyberbullying,False
1976,@twitter someone has our company name (waffleworks) but seems to be just a squatter. Are we able to remove them? Thanks.,3,4,not_cyberbullying,other_cyberbullying,True
1983,Or basic sociological concepts like stereotype threat,3,4,not_cyberbullying,other_cyberbullying,True
1990,@biebscyrusarmy Why is my fanmail empty &amp; what do you need to talk to me about,3,4,not_cyberbullying,other_cyberbullying,True
1996,I been stalking the clock since 7:09 this morning,3,3,not_cyberbullying,not_cyberbullying,False
1998,#MKR why are all tonight's contestants dressed like they are going on dancing with the Stars?,3,3,not_cyberbullying,not_cyberbullying,False
2001,Say NO to violent bully rhetoric. Say NO to cowboy politics. Say NO to @GovernorPerry for President. #unpresidential,3,4,not_cyberbullying,other_cyberbullying,True
2004,"The perfect tour would be The Devil Wears Prada, A Day To Remember, Miss May I, and Memphis May Fire. Make it happen.",3,4,not_cyberbullying,other_cyberbullying,True
2007,Zac Efron looks so so young in the first high school musical film aw bless,3,0,not_cyberbullying,age,True
2008,"Sometimes life just seems like chapters of goodbyes. Some good, some bad, but all come together to create the story of our lives.",3,4,not_cyberbullying,other_cyberbullying,True
2010,This is my new pic.!!!,3,3,not_cyberbullying,not_cyberbullying,False
2047,Celtic can get a draw tomorrow ! #believe!,3,3,not_cyberbullying,not_cyberbullying,False
2057,Erm some of us are retarded that's why.,3,4,not_cyberbullying,other_cyberbullying,True
2059,Don't think I'm watching a 4th round of,3,3,not_cyberbullying,not_cyberbullying,False
2060,"@MikePrysner Go to wiki, Putin troll, and you will find that half the world's neo Nazis live in Russia.",3,3,not_cyberbullying,not_cyberbullying,False
2064,If u beefing like me u need to walk down,3,3,not_cyberbullying,not_cyberbullying,False
2074,"Patience wearing thin with all these rounds #MKR. Feels like we'll still be here at xmas 'the absolutely last, we're almost there round'",3,3,not_cyberbullying,not_cyberbullying,False
2075,#mkr here comes a roasting!!!!!!!,3,3,not_cyberbullying,not_cyberbullying,False
2079,"Hate wasp and bee season, wasps keep flying into the train and I keep having to change carriage ffs ð©",3,4,not_cyberbullying,other_cyberbullying,True
2089,My yank friends always lookin cute at bully's @Iam_TUTTS  ion think ima stand by y'all tonight if I do come,3,4,not_cyberbullying,other_cyberbullying,True
2092,NO KAT IS STILL IN THE COMPETITION GET OUT GET OUT #mkr,3,2,not_cyberbullying,gender,True
2103,@JahikoPoi it's a gift,3,4,not_cyberbullying,other_cyberbullying,True
2105,Cyber bullying is not the way!!,3,4,not_cyberbullying,other_cyberbullying,True
2108,@RikkiLoney1 nah dont need explain hope ur well how r u,3,3,not_cyberbullying,not_cyberbullying,False
2112,Rape is rape. And the fact that I read one post about a guy getting raped and the comments are calling him gay and he should be happy...? stfu and I really hope no one takes this as a joke tf you own no ones body. You have no rights to do whatever you want to someone else.,2,2,gender,gender,False
2119,"@DrawPlayDave ""Nuke the gays"" is one of those ""ha ha no but really"" jokes. Whereas no one is actually pushing an agenda of child rape.",2,2,gender,gender,False
2120,@MEETtheBatman akdldkakakkd. What did you do. Was it an underage black gay cat rape joke?,2,2,gender,gender,False
2122,I call people bitches all the time. Male and female. Why did he call her one?,2,2,gender,gender,False
2123,"Cant call her a bitch, cause a bitch is a female dog, and female dogs are loyal, which these hoes are not.",2,2,gender,gender,False
2128,Hate when niggas say “females” fuckin annoying bitch call me a woman or don’t say nun at all,2,2,gender,gender,False
2139,"Hey, you can message @reptedyoho on Instagram and tell him how rude it is to call his female colleagues ""fucking bitch"".",2,2,gender,gender,False
2142,"LRT: ahahah oh wow, I'm REAL GLAD Nintendo decided to add in a hilarious combination date rape and gay conversion therapy joke in FE:if",2,2,gender,gender,False
2150,"Yeah, sorry, too soon. That's a bit too sick to be a joke right now. Like making a joke about a rape survivor, a serial killer of innocent babies, or Adam Schiff's murdered gay lover (who took all the abuse Adam Schiff let build up inside him until it blew up like a nuclear bomb",2,2,gender,gender,False
2152,.@thekevinryder BOY I SURE AM GLAD YOU RUN A SEXUAL ASSAULT CHARITY SO YOU CAN MAKE RAPE JOKES. I bet you have a lot of black/gay friends.,2,2,gender,gender,False
2158,Says the guy that probably doesn’t want to even visit his doctor because he’s afraid that getting a prostate examination will make him gay. Rape. Jokes. Aren’t. Funny.,2,2,gender,gender,False
2170,"Stop making rape/sexual assault and gay jokes. It's not funny, it's disgusting.",2,2,gender,gender,False
2181,my friend met him for an interview about rock climbing or something and apparently he made some inappropriate gay rape jokes :/,2,2,gender,gender,False
2185,Y’all: “HaHa drunk pussy the best pussy” “wHeN sHe ThInk ShE OnLy CoMiNG to SmOkE” “I WaNnA gEt a BiTCh DrUNk Ykwtfgo” “id RaPe A BiTCh NaSty” “id let my son get raped by women before he can ever admit he’s gay” Y’all: oMg yALL sOfT iSsA jOkE,2,2,gender,gender,False
2186,I love Boondocks slander let's talk about how Gay Black men &amp; homosexuality were portrayed negatively the entire show. All the GBM characters were villains and/or some sort perverted deviant. It was mad homophobic. And McGruder's obsession with gay rape as a joke was just weird.,2,2,gender,gender,False
2191,"can people please stop throwing ""gay"" and ""rape"" around like if it's a joke?",2,2,gender,gender,False
2200,Hey Kat.. 😂😂😂😂😂 Karma is a bitch!  #mkr,2,2,gender,gender,False
2201,"They haven't learnt how to have small talk which doesn't consist of rape jokes, jokes on the word gay, slutshaming and bodyshaming women or conversation where they are trying to get sex, so of course they find themselves out of their depth at that moment",2,2,gender,gender,False
2203,A stereotypical gay Latino man making a rape joke.,2,2,gender,gender,False
2210,"RT @uberfeminist: #TwitterFeminism is a protection racket. Except nobody can actually guarantee your brand any safety as the ""movement"" is …",2,2,gender,gender,False
2214,"@nat_com1 @Feminazi_Front But 'inequality' is not defined as that. Its defined as unequal. We're unequal in physical strength, for example.",2,4,gender,other_cyberbullying,True
2215,SO CLEVER @Billy_K11: How are girls so bad at math when they know so much about hair volume and the volume of their mascara #NotSexist,2,4,gender,other_cyberbullying,True
2216,"How i just had a first date go: in the first 20 minutes-a swastika joke, a rape joke, and a highly offensive gay joke. Needless to say, I had every desire to throat punch this ignorant piece of shit. Don’t forget people hide their true selves in online dating.",2,2,gender,gender,False
2218,Interesting how leftists can make jokes about gay rape but if a conservative made such comments the lynch mob would be out in full force,2,2,gender,gender,False
2227,"if no, what is the formal word for 'feminazi'? you know...a woman who is too feminist.",2,2,gender,gender,False
2232,"@IsabellaEscort When I ask them that verbatim question, they call me an abusive misogynist.  You?  Do you ever actually get an answer?",2,3,gender,not_cyberbullying,True
2233,"So..... all the jokes about rape and murder are still acceptable in today's society? If you stop gay jokes, stop all of the jokes. Might as well just cancel the whole show!",2,2,gender,gender,False
2235,RT @jondogg_sports: Working with females is difficult. Have to walk on eggshells as to not offend them. No I'm not a sexist person. I'm tal…,2,2,gender,gender,False
2242,"Whoa now. First off I’m really not reading all of that. Those are two paragraphs. I’m good on that. Secondly I think you’re taking my shit posting seriously. People literally make jokes about rape, gay rights, black people, white people etc",2,2,gender,gender,False
2251,Some of you girls think being a bad bitch is all there is in life,2,4,gender,other_cyberbullying,True
2254,"She not actually going to rape anyone it was just a joke lol stop being so up tight. Now I feel like you might be under 18 huh? From my experience tho, all gays talk different, some are overally sexual.",2,2,gender,gender,False
2256,"The Miseducation of the American Boy Why boys crack up at rape jokes, think having a girlfriend is “gay,” and still can’t cry—and why we need to give them new and better models of masculinity",2,2,gender,gender,False
2257,"Imagine being trans, or gay, or a rape victim, experiencing traumatic events in your life, and to label a joke offensive only for people...",2,2,gender,gender,False
2258,RT @yungthothunter I'm not sexist. I do have a problem with people who exploit double standards and* use their sexuality for attention tho.,2,2,gender,gender,False
2289,"Racism, joke about cancer, hate on gays, disliking Christians, bullying, and rape.people need to get their shit together and stop this",2,2,gender,gender,False
2295,I hate it here why are they excusing the entire point of the show um you shouldn’t be letting people get away with bullying abuse rape fat ass jokes outing people kissing before their ready like Tyler did or Courtney for making it seem like Hannah was the gay one,2,2,gender,gender,False
2301,"I disagree with almost everything AOC says. Since I’m a female, if I call her a fucking bitch is that still misogyny? (I won’t even address the bigotry comment because you just started throwing out an accusatory word without understanding what it is apparently)",2,2,gender,gender,False
2312,"True, but is one gay slur like Jeff made as bad as the bullying and rape jokes and attacks on an hg, like Kevin, already going home?",2,2,gender,gender,False
2313,"Just watched ""The In-Laws"". Movie ends on a ""gay, prison rape joke"". #Classic",2,2,gender,gender,False
2314,Rape isn't something to joke with and rapist should be raped to death by gay thugs,2,2,gender,gender,False
2316,"Alright, fine. Rape jokes are bad. Stay in school kids. Be gay do crime.",2,2,gender,gender,False
2332,"No, ⁦@RepAOC⁩ , Yoho &amp; all of us, this female included, are calling YOU a “f**king bitch”. Not referring to anyone else, any other female, but you. I also like to call you the F-ing harpy. Everyone knows who I’m talking about.",2,2,gender,gender,False
2337,People who are against gay marriage are the same people who think rape jokes are funny,2,2,gender,gender,False
2338,So having rapists in the game is ok. But a joke about gay people we can't have that right. Rape murder extortion all fine but a joke how dare they,2,2,gender,gender,False
2353,Agreed completely. My only problem is they're are racist and gay jokes overlooked daily but as soon as rape's brought up its this huge thing,2,2,gender,gender,False
2354,i meant rape jokes but yeah gay jokes as well,2,2,gender,gender,False
2362,"A male prison rape joke can be seen as just a rape joke tho, &amp; I think most people see it that way. My generation being raised after S28, being taught that being gay is completely normal, is way less likely to see that joke from a homophobic angle, than a generation brought up w/",2,2,gender,gender,False
2366,"Ok but if you get offended by someone calling you ""gay"" and you don't get offended by rape jokes, please fall down stairs.",2,2,gender,gender,False
2377,"RT @faaerie: I don't have an ed, I'm just a stupid girl that eats a lot and then wonders why she's so fucking fat",2,2,gender,gender,False
2379,and while we’re here please retire the male/prison rape jokes about becoming gay or being feminine for being a rape victim that shoulda never been a thing,2,2,gender,gender,False
2380,Did you call them a fucking bitch? Or do you save that Christian talk for your female colleagues?,2,2,gender,gender,False
2381,"#IAmAFeminist because people still use the words gay, girly, feminine, etc as insults and still use rape as a joke",2,2,gender,gender,False
2383,@semzyxx @owais00 I know it's hard for a Jihadi bitch to understand but reading comprehension is all that is required.,2,2,gender,gender,False
2387,"friendly reminder that abuse, rape, gay, transphobic, racist, etc. jokes are! not! funny! if you make one around me i will call you out on it.",2,2,gender,gender,False
2390,"its really dehumanizing, makes us feel like we just a pair of tits and ass yk. if women tell you not to call them female, just shut up n do it. a lot of men dont get that it's basically another little less offensive way of calling women bitches",2,2,gender,gender,False
2396,"Well done Ash &amp; Camilla, now try some humility instead of being front bums #mkr",2,3,gender,not_cyberbullying,True
2398,RT @GrumpyVancouver: Issue with female hosts on sports broadcast is that most have no variation in tone of voice.    #notsexist.,2,2,gender,gender,False
2404,"Tweeps, Reminder that this guy, @RepTedYoho finds it acceptable to call a female colleague a fucking bitch and then give the worst most insincere apology ever. He is unworthy of office. Ps. Fuck you, @RepTedYoho. We hope to see you someday so you can see how it feels.",2,2,gender,gender,False
2405,RT @Laarrma im not sexist. but... it does bring a tear to my eye when i see a woman successfully reverse into a parking space.,2,2,gender,gender,False
2406,"RT @Durazzo_Cover32 Call me sexist if you want, but girls should never do the commentating for football, or any men's sport for that matter",2,2,gender,gender,False
2408,Children do lack depth of analysis @17snelson I don't want to listen to a girl announcer when I'm watching the Iowa game. #sorry #notsexist,2,2,gender,gender,False
2419,"Why do guys joke about rape or being gay? Like those are the jokes I always see. I don’t think they’re funny, I think it’s disrespectful.",2,2,gender,gender,False
2426,"shane dawson said what he said jokingly literally 6 years ago when everyone loved dark humour and called things gay and made rape jokes freely, things change and become socially less acceptable to joke about as time goes on and what he said was unbelievably stupid and insensitive",2,2,gender,gender,False
2433,OH MY GOD IF KAT STAYS IN I QUIT LIFE SHE DOESNT DESERVE IT SO HARD #MKR,2,3,gender,not_cyberbullying,True
2434,"Can we all agree that the only things that shouldn’t be joked about is rape/disabled/death jokes. The rest, white, black, short, tall, skinny, fat, gay, straight, Muslim, Christian, atheist, vegan,whatever Own your shit stop being so sensitive let’s fix the world... f",2,5,gender,religion,True
2436,"Racist is an adjective, it isn't a discriminatory or aggressive word. It isn't racist to call someone a racist. It is sexist to call a woman a bitch, a female dog. Its also not a curse word like ""fucking"".",2,2,gender,gender,False
2438,"So if a White Male in Congress can call a female POC colleague a fucking bitch on camera, and then face no repercussions, why would we expect the same White Males in Congress to vote for any serious change to the system? #WhitePrivilege grassroots change needed.",2,2,gender,gender,False
2439,Hi yes heres your daily reminder that being gay and rape is not something to joke about since some apparently dont know,2,2,gender,gender,False
2442,"I made a vow to never call a female a bitch, glad I’ve stuck to it",2,2,gender,gender,False
2447,Making a joke about your (so far) only gay character planning to rape his unwilling teammate is bad fucking form. Do better.,2,2,gender,gender,False
2459,"@MvckFadden: Stay beautiful you bitch""""",2,2,gender,gender,False
2460,I hate pregnant females they just be so mad Ima call her a bitch when she drop the baby though,2,2,gender,gender,False
2462,"RT @DyslexicDwarf I'm not sexist, I'd just prefer it if she was making me a sammich, instead of reading Twitter.",2,2,gender,gender,False
2468,"Your generalizing. This is way deeper than it needs to be if a guy wanted to call somebody a bitch, they would’ve. If they wanted to overshadow a female, they would’ve. Like I get your point.. but I feel like it’s being excessively over thought about.",2,2,gender,gender,False
2471,Racial/gay/rape etc jokes are seriously not funny &amp; if you say them i hate you,2,2,gender,gender,False
2474,"Yall bitches be tryin to make a girl jealous with the MOST passed around female....girl, put that blunt down",2,2,gender,gender,False
2482,"Nje!!!""@ReIgN_CoCo: It Takes A Peanut Size Brain To Find Humor In calling Somebody Ugly, Gay,Hoe And On Rape Jokes!Honestly!!!""",2,2,gender,gender,False
2485,Oh look get the vacuum there's crumbs on that plate that need sucking up... Hey promo girls that's part of your job description.. #MKR,2,2,gender,gender,False
2491,When Will people learn? They are not that hot. Pride always comes before a fall.,2,4,gender,other_cyberbullying,True
2498,"Homophobia shouldn't surprise me any more, but I am amazed that involves bestiality, rape, and murder really tries to insinuate that gay men are somehow worse. This joke is dangerous...it literally tries to inure people to sexual assault against gay men.",2,2,gender,gender,False
2505,"said said the n-word twice, called wyatt gay, said the r-word and made a rape joke",2,2,gender,gender,False
2511,RT @legendaryarose I'm not sexist but I want a girl that's going to cook and clean! I'll take care of you and everything else.,2,2,gender,gender,False
2521,Met the funniest girl ever tonight. To laugh at. Is that bullying? Idk but she was funny,2,3,gender,not_cyberbullying,True
2526,"Jokes about domestic violence, the disabled, rape and gay people. Did Labour actually select Jim Davidson?",2,2,gender,gender,False
2541,"RT @KeepItGulley: Its always funny seeing white feminist battle against black feminist, then expect the world to follow a group with so muc…",2,2,gender,gender,False
2545,"If you hear your friend call something gay, retarded, or make a rape/suicide joke, call them out. If they resist, they're not a true friend",2,2,gender,gender,False
2551,"Kat, you are a reprehensible individual #MKR",2,2,gender,gender,False
2552,"Just bc your friend is black doesn’t give you permission to say racial slurs. Just bc your friend is a rape victim doesn’t mean you can joke about rape. Just bc your sister’s ex cousin’s friend is gay doesn’t mean you can say insensitive LGBTQ+ “jokes”. I’m talking about u, pasty",2,2,gender,gender,False
2556,I guess the Gay chicken make out is the new Rape Joke in the Golden St.,2,2,gender,gender,False
2559,Not only that but some people take male rape victims as a joke and it’s not funny. Stop calling ppl gay for not consenting to sex and stop glorifying female pedophiles,2,2,gender,gender,False
2573,I HATE KAT SO MUCH #mkr,2,2,gender,gender,False
2577,Black people decide if black jokes are offensive. Ditto with gay people. Rape victims decide when rape jokes are offensive. No exceptions.,2,2,gender,gender,False
2591,Suggested a policy against rape jokes in the office and got pulled into the break room where my boss screamed at me demanding to know if I had been raped and thus turned gay. He told me God sent me to work there to teach me to be less sensitive.,2,2,gender,gender,False
2601,"Nah heifer, YOU can’t read. I just said god forbid I you call a female broke like she ain’t the one fixated on ya pockets cause I knew one of you heifers would catch a bitch fit over that statement and try to come for me. And you did you proved my point",2,2,gender,gender,False
2606,Murphy’s gay/aids bit was a billion times more offensive than rape jokes.,2,2,gender,gender,False
2608,For context. Their last video was just a gay/rape joke. That's it. That was everything in the video.,2,2,gender,gender,False
2619,*cackle* @ifeeldope I am not sexist but feminists are the pinnacle of the double standard.,2,2,gender,gender,False
2630,He's doing rape jokes and gay jokes. This guy is sick. There's a line and he's crossed it.,2,2,gender,gender,False
2631,Bolsonaro is racist sexist anti-LGBT just like Trump. Bolsonaro: - said Brazilian black slave descendants worthless -told a female member of govt that he wouldn’t rape her due to her looks - said he’d prefer his son die than be gay -pro-torture -anti-democracy,2,2,gender,gender,False
2640,"when he first started his channel is exactly where this tweet goes wrong. i'm pretty left leaning politically, extremely progressive i like to think but 6 years ago, yeah i was calling shit ""gay"", making rape jokes etc. you live and you learn.",2,2,gender,gender,False
2649,"I am always so alarmed by how quickly and easily people on my side of the isle devolve to just what they despise if it works. Prison rape jokes, Gay Lindsey jokes, She asked for it arguments. All just crap. No side has a lock on emotional intelligence, that's for sure.",2,2,gender,gender,False
2654,RT @SuperNovaBlaze I'm not sexist ... but I fear for my life when I'm a passenger in some women's car,2,2,gender,gender,False
2658,Fundamental understanding of meaning fail @DonivanGray I'm not sexist or anything but EVERY girl is crazy no exceptions.,2,2,gender,gender,False
2659,Sexual innuendos and ‘gay jokes’. Coming from a guy who was laughing at rape jokes,2,2,gender,gender,False
2667,Gay male rappers sexuality are reduced to prison rape jokes and the main character pausing over innuendos for dick? That's how this goes?,2,2,gender,gender,False
2669,"He made jokes about being gay too and then idk. I'm scared of men. He even made rape jokes, I don't know what to do, every boy I meet is a dick head. I really don't want friends.",2,2,gender,gender,False
2670,"the fact that people think it's okay to use terms like gay, retarded, rape, like a girl, and other terms to offend or joke about crushes me",2,2,gender,gender,False
2677,"@DontFlop advantage!The gay jokes wont work because they are happy to be gay, plus you could just say 'I'll rape your arse' straight bodybag",2,2,gender,gender,False
2678,Funny how Miley's defending the gay community after blatantly disrespecting sexuality &amp; making a date rape joke all in one.,2,2,gender,gender,False
2684,"Isn't this actually racist since ""female"" is male AAVE or something? What I mean is: I've only ever heard black males refer to women as ""female"" and trust me, it is NOT a replacement for ""bitch"". If we wanna call you a bitch, we're not afraid to do so.",2,2,gender,gender,False
2693,Why do you call females ”Bitches”? Why do you talk down about jass? Why are you always mean like what's bothering you?,2,2,gender,gender,False
2694,@shaner38 Just my guess...it's now in my tweets as proof if it comes true.  I knew he'd rig the 2013 draft so the Avs could get Seth Jones.,2,4,gender,other_cyberbullying,True
2701,She says as niggas joke about rape and murdering gay people,2,2,gender,gender,False
2705,"@rgay Like your Feminist book! People, even the ones who are them, dislike fatness and always will! As for rape jokes, offensive but will always be laughed at!",2,2,gender,gender,False
2713,"RT @PATAFRIA: I hate when my exes siblings try to get at me. Like I fucked your brother bro, it's one dick per family",2,2,gender,gender,False
2715,Are you gonn kill him? How you have no problem with gay people but making jokes about getting people to rape a kid?!,2,2,gender,gender,False
2726,if I wanted to get really mean I'd make a rape joke or eating jokes or gay jokes,2,2,gender,gender,False
2728,I don’t know how I feel when a female call me handsome bitch I’m grown thank you though .,2,2,gender,gender,False
2730,"@mikeyfenn You appear to have common sense.  So, no, you'd be totally wrong.",2,4,gender,other_cyberbullying,True
2733,"Starting with such an interesting & important piece, I urge everyone to go & read it now - @peggyorenstein's 'The Miseducation of the American Boy'. Why boys tell rape jokes, think having a girlfriend is “gay"", and can’t cry, &amp; why we need to give them new models of masculinity..",2,2,gender,gender,False
2735,RT @mshaysoul: Don't call yourself a bitch then say a man can't. Don't call yourself a nigga and say a white man can't.,2,2,gender,gender,False
2739,@avinashtharoor There's been a rape joke and a gay joke in the first five mins. My expectations are incredibly low.,2,2,gender,gender,False
2762,"So if a black person had said 'Lets bring back Apartheid instead', would that be funny? Or a rape victim making a rape joke, would that be okay? Just because you're gay, don' mean you are exempt from homophobia. We will chill when offensive jokes are no more. Simple.",2,2,gender,gender,False
2765,Did I just hear a homophobic rape joke? I'm appalled and offended on behalf of my gay friends and people who have been sexually assaulted or molested. So I guess rape and gay jokes and death threats are a-ok if it's directed at someone who is a conservative. #fuckcnn,2,2,gender,gender,False
2771,"@BristolBen ...she is painfully stupid, Ben.  Sorry.  It's now hurting my brain...",2,4,gender,other_cyberbullying,True
2773,Gay rape jokes? I am a straight guy and I am offended @RadioGuyChris and @TheRealTBone,2,2,gender,gender,False
2777,"He called you what, a fucking bitch, well he didn’t call you a female dog.",2,2,gender,gender,False
2790,"Valentine's Day is great and all, but I'm holding out my real enthusiasm for Love Day: https://t.co/YlK19wSlk4",2,3,gender,not_cyberbullying,True
2798,green + purple = 4chan rape joke Holy shit any gay sex is rape to these people.... #GamerGate,2,2,gender,gender,False
2807,Men be like gay but rape jokes,2,2,gender,gender,False
2817,You have the look that every man wants in a woman's eyes - surprised with a bit of fear - holy crap.,2,3,gender,not_cyberbullying,True
2819,@PardusXY The idea...or the argument?,2,4,gender,other_cyberbullying,True
2821,He made that joke about a gay man and chose a scene that involved male rape. And now he's using this explanation as cover,2,2,gender,gender,False
2824,I say females so i don’t call them bitches,2,2,gender,gender,False
2826,I’m sick of people still making jokes about rape and using ‘gay’ as an insult. Just stop it.,2,2,gender,gender,False
2828,"When Drill Sergeants use to say “female”, for some reason (I guess the aggression in their voice), made it feel like that they were calling me a bitch. I swear it did. They couldn’t call me a bitch to my face so I believe that it was their version of it.",2,2,gender,gender,False
2838,this is not true! (the harassment part) the joke part is true but it's not at a gay/disable/rape victim person expanse. sorry for dogpiling.,2,2,gender,gender,False
2840,Lmao 5 mins in the car with my dad and the station he’s listening to is telling a gay rape joke!,2,2,gender,gender,False
2844,@Girl4Music Not to mention how fucking insulting her comment before the date rape joke was... basically saying people choose to be gay once,2,2,gender,gender,False
2845,Trying to find something pretty about these blonde idiots.#MKR,2,3,gender,not_cyberbullying,True
2852,"I don't care who you are, if you still make gay/rape/race jokes, you are an immature piece of trash and need to realize that it's not funny.",2,2,gender,gender,False
2855,"Lol I was called gay beause I angry reacted a rape joke. So laughing about something that promotes rape makes you a man, then. If that is right, I don't know what's wrong anymore.",2,2,gender,gender,False
2870,Today one of my students spoke loudly and openly about how it's unfair that women get shit for doing No Shave November. There is hope.,2,3,gender,not_cyberbullying,True
2872,"U literally just said you miss the savage twitter , not this sympathetic ass twitter, i feel for the females who were sexually assaulted fr fr , but i remember when everyone would laugh at a rape joke or crack on some gay shit",2,2,gender,gender,False
2877,"Carlin: ""I believe you can joke about anything. It all depends on how you construct the joke."" He joked about gays, women, rape, etc. and those jokes were funny and still are. I have laughed at these jokes with women and gay friends. It's not WHAT you say, but HOW you say it.",2,2,gender,gender,False
2883,Kat is so full of SHIT I want to punch her in the face and shave her ugly ass hair off her head #mkr,2,2,gender,gender,False
2890,"What kinda world do we live in that we constantly joke about people being poor or they way we use the word ""rape"" and ""gay"" ?",2,2,gender,gender,False
2892,"I tweet jokes about shits, dicks, rape, racist stuff, gay stuff &amp; people dying and I'm STILL positive I'm one of the better people on earth.",2,2,gender,gender,False
2896,"Can not stand the head on Kat, horrendous person! #mkr",2,3,gender,not_cyberbullying,True
2898,Rape is not a punch line. @hawaiinshirts lead singer of maroon 5 sound like he getting gang-raped in the showers,2,2,gender,gender,False
2902,#HotTubTimeMachine2 is so much worse than we thought it would be. Gay rape and beastiality jokes? Really? WTF? We were getting angry.,2,2,gender,gender,False
2903,"tw// rape guess what. if he didn’t actually stop when told to, then it’s rape and not something to joke about. once again, don’t support yaoi because it perpetuates rape stereotypes in gay men, romanticizes rape and sexualizes/ objectified gay men. this ain’t funny.",2,2,gender,gender,False
2904,"Being that I have new followers, I’d like to throw a disclaimer out there: I don’t support Fat shaming, Gay hate, Trans jokes, rape jokes or sexual assault jokes. If you’re someone who doesn’t care if your words offend a group of people. Please unfollow me in advance.",2,2,gender,gender,False
2907,Drasco u are not a chef just a wanka! One day your misses will ask her self what the fuck am i doing with this dick? #mkr,2,3,gender,not_cyberbullying,True
2911,"Whenever you joke about the gay community, pitbulls, domestic violence, rape culture, and/or racism, I will call you out. Deal with it.",2,2,gender,gender,False
2918,tw // pedophilia and rape no more my gay uncle is a pedophile and tried to rape me jokes society has progressed past the need for my gay uncle is a pedophile and tried to rape me jokes,2,2,gender,gender,False
2925,"Is there anything such as an inappropriate joke, even for a comedian? Roxane Gay certainly thinks so. She says, “If rape is funny, (then) gang rape is funnier.” “Rape humor is designed to remind women that they are still not quite equal.” Deep.",2,2,gender,gender,False
2936,@mcswtrvst weird teen twitter is really bad with it. I've been seeing a lot more gay slurs and rape jokes,2,2,gender,gender,False
2946,gay jokes i feel i can speak for myself bc i'm very Out at this point but yeah i feel u with rape jokes,2,2,gender,gender,False
2948,@gl1tterboots boy rape culture and gay jokes. Who thought they'd come from the same people?,2,2,gender,gender,False
2952,"The fact that you’re a black man insulting a black female in these times over a white bitch is beyond me LMAO . Tell yo fat ass WHITE ASS girlfriend or whatever that thing is to quit saying nigga . Hell, she prolly call u one",2,1,gender,ethnicity,True
2959,"No Jokes - if my son tells me that he is gay, am gonna lock him up in a room, hire as many hoes as i can afford and tell them to rape him",2,2,gender,gender,False
2961,can we also @all the stupid thirsty ass gays that thought his rape joke was funny?,2,2,gender,gender,False
2963,In 2013 rape jokes will finally be okay and gays will be able to eat chicken from wherever they want.,2,2,gender,gender,False
2967,"The problem with rape (and race and gay) jokes, is that by and large, the people telling them have nothing to fear from rape or prejudice.",2,2,gender,gender,False
2969,RT @ShonDPhoto: Just saw a black gay man make a prison rape joke. Insta-block.,2,2,gender,gender,False
2975,"With Kats attitude, I think it's time to keep scores quiet until final round  #MKR",2,3,gender,not_cyberbullying,True
2979,"@phillymag Ugh, that's awful! Rape jokes alone aren't funny. Gay rape and prison rape... Ugh. Why was that movie made?!",2,2,gender,gender,False
2980,"Kat may be a bitch but let's be honest, the blondes weren't too far behind #mkr",2,2,gender,gender,False
2983,Rape and gay jokes are never funny. Now I will admit I've laughed at a couple of racist jokes on family guy before.,2,2,gender,gender,False
2987,"@Antifeminazi1 especially u being a woman debunking the feminazi's crock of bull, and your clear perception on equal rights",2,5,gender,religion,True
2996,I always have to check these accounts 2 see if real. @CoryRyanNuckels I'm not sexist but I'm just not comfortable with a female President.,2,2,gender,gender,False
2999,don't act like y'all weren't in middle school dropping the n word online and calling people gay and making rape jokes or at least that you weren't around people (you forgave) who did,2,2,gender,gender,False
3002,tw rape nothing but people only forgave him when he made the rape joke bc he’s a white gay it’s gross,2,2,gender,gender,False
3014,GROWN UPS 2 only contains what may or may not be a rape joke and is only moderately offensive towards gay and transgender people.,2,2,gender,gender,False
3016,"I am, in no way, justifying what Shane said. But think about yourself 4-6 years ago. How many times did you call something “gay”? How many rape and dead baby jokes did you hear? How many did you repeat? How many racially insensitive things did you say?....",2,2,gender,gender,False
3019,Agreed. Relationships would be much better without any men. @Msaleh14 Listen I'm not sexist but no girl should be the man in a relationship,2,2,gender,gender,False
3020,"I’m not fighting you bitches. One of my older female cousins murdered a man, I’m a just call her lmfao",2,2,gender,gender,False
3026,Probably something close to the themes of the film and the critiques they wage at Pete. Weird how everyone thought they were implying there is rape/gay sex parties happening at their staff meetings. They’ve never made a single joke like that.,2,2,gender,gender,False
3033,"@AnonMnom Odd that Google can find no relevant examples of it actually being enforced then, huh?",2,4,gender,other_cyberbullying,True
3034,"I'm not sexist, I just become instantly virulent against women who accuse me of sexism.",2,2,gender,gender,False
3049,"Saying you're going to put me down Old Yeller style is triggering. Old Yeller had feelings, too. #YesAllDogs #feminazi",2,4,gender,other_cyberbullying,True
3051,"Ugh, no. Racist, misogynistic, rape and gay jokes are NOT funny. I'm not a party pooper when I cringe or say no. Just... no.",2,2,gender,gender,False
3057,"@DQTwitchStream @DragonRisingII @fartlebee ""Daily Dose"" isn't a rape joke. If anything, it's proof of how gay /v/ actually is...",2,2,gender,gender,False
3067,But u think it’s over a guy and it really isn’t I have no problems with him and females at all we’re nothing but if a bitch calls me names and belittles me what happens after is HER FAULT right!,2,2,gender,gender,False
3078,"@VanityFair: I took to Twitter to complain that the scene was basically treated as a joke, bcause isn’t gay rape so funny GAY RAPE?! REALLY",2,2,gender,gender,False
3082,I hate when people call me mean especially females. Bitch I ain’t mean I just don’t like to kick it and I speak when I’m spoken to,2,2,gender,gender,False
3083,"RT @joe_kriz Not sexist, but it's hard watching a game when there is a female commentator.",2,2,gender,gender,False
3091,Yall do know that being “offended” by something just means that you dont like it right? People arent getting softer at all its just that your grandparents used to get offended by gay people existing and now people dont like when you make rape jokes.,2,2,gender,gender,False
3094,"People are free to make jokes at the expense of gay people or rape victims. I am also free to tell them that they're lazy, selfish cretins.",2,2,gender,gender,False
3096,@BoycottBrandy I just wanted proof that feminism sheep believe the lie.,2,4,gender,other_cyberbullying,True
3097,"Niggas be like “females this, females that” like.. just call me a bitch so we can fight",2,2,gender,gender,False
3100,"@Iipkloss I don't have a sister either, but you're just another disgusting feminazi bitch, so we cool",2,2,gender,gender,False
3101,First visit to a comedy club in a long time. Good to see the white guys doing 100% gay and rape joke sets haven't improved their sets.,2,2,gender,gender,False
3107,RT @BeRh00M if we are talking about a viking sized man with huge amount of lust and a 150cm girl .. then no I wouldn't like it,2,2,gender,gender,False
3119,SO EDGY @Thecolouredkid_ I'm no sexist I'm just a realist and can't make sense of some of the shit we do as a society,2,2,gender,gender,False
3122,"Why do you still think it's an insult for men to have anal sex? What if he's gay and loves getting down with endowed? Oh, I see, then you're just making a stupid rape joke, oKAy",2,2,gender,gender,False
3129,Ya know what's not funny? Comedians who make jokes about rape and gay people. Just so ya know Damon Wayans. But whatever.,2,2,gender,gender,False
3135,"Rape jokes normalize rape culture. Racist jokes normalize racism. Gay jokes normalize homophobia. And so on If we draw a line and say,""these are not things to laugh at"", it reminds folks that these are serious subjects that affect a lot of folks every day.",2,2,gender,gender,False
3136,i dont like my table they keep making rape jokes and using gay as an insult im really uncomfortable,2,2,gender,gender,False
3144,"the next thing I wish the world argues about is everyone who calls a female a bitch ong , shi is just as bad as the other word we givin people shi for sayin",2,2,gender,gender,False
3146,Yeah. It’s the worst of both worlds. Rape jokes and gay jokes. If somehow a dead baby joke was added the trifecta of awful would be complete.,2,2,gender,gender,False
3148,"RT @LeadfootedLion: Call me ""sexist"" all you like love, I wasn't the one driving at speed the wrong way around a very tight car-park with a…",2,2,gender,gender,False
3156, young Pill Chamberlain these bitches love my music ,2,3,gender,not_cyberbullying,True
3164,"If you ever want to call your parents a bitch but you don't know how to in English? Allow me to teach you the other alternative. chienne Which translated is female dog. Which means bitch! Ever wanted to say ""dirty casual"" in another language. Allow me to show you-",2,2,gender,gender,False
3179,"If I made a banner thingy that people signed that said you can't make rape, suicide, self-harm, or gay jokes would you sign?",2,2,gender,gender,False
3180,"#mkr Was out shopping so I just caught up on the Ep. Does anyone think ""bobble head"" when they see Lloyd? Kat- still a cunt,still can't cook",2,2,gender,gender,False
3184,If you make gay/rape jokes on the Facebook class page I have no problem going off on you. That's not even close to funny. Grow up.,2,2,gender,gender,False
3185,"@OwynnP Honestly, I didn't look...because I'd bet my life we KNOW the answer.",2,4,gender,other_cyberbullying,True
3186,She never call herself a bad bitch. She aint worried bout trends. She dont care about competition with other females. She hates gossip. She ain't up in everybody face. She loves her natural beauty. Reality tv stars aint her role models. She weird. A complete sqaure. I want her.,2,2,gender,gender,False
3187,"makes rape jokes, poking fun at women who wear makeup, toxic masculinity, insecure when you are making more money, hates anything ""feminine"" because he doesn't want to be called gay... I could go on really..",2,2,gender,gender,False
3198,This is not sum to joke about people like @papiluisito69 and @M0SSYBOI go through rape and harrasment every night cause they are gay stop trying to make this seem funny,2,2,gender,gender,False
3206,RT @GuruJeremy: Listen. I'm not sexist. But I'm a firm believer in the man setting the tone in the relationship,2,2,gender,gender,False
3208,"RT @CWortho: Some woman was proper staring at me whilst I was parking my car. It's ok babe, I male therefore I CAN drive. #NotSexist #Truth…",2,2,gender,gender,False
3209,First indication that queerness exists in the MCU is a gay prison rape joke in GUARDIANS OF THE GALAXY. @GailSimone,2,2,gender,gender,False
3216,2day i did a safer sex workshop in a class w a very hot toc and it was truly reaffirming of how gay i am &amp; also how bad i am at classroom management when the class is a group of rowdy grade 9 boys who just want to make rape jokes,2,2,gender,gender,False
3222,I hate rape and gay 'jokes' more than anything in the entire world.,2,2,gender,gender,False
3235,like ? and they call them “bitches or female” bird activity,2,2,gender,gender,False
3239,It's fine to have a prison rape joke in spongebob but not have him be gay?,2,2,gender,gender,False
3247,"It's a super funny rape joke. Cause rape is funny. Also it's gay. Gay is funny too. Oh, and Maher is terrible.",2,2,gender,gender,False
3248,She feels it’s ok to make lame jokes about how jailed prisoners ‘are gay?’ This from someone who’s herself gay &amp; knows that making light of anal sex in jail is staple fodder for anti-gay zealots everywhere?! Outrageous. This is like a sexual assault survivor making rape jokes.,2,2,gender,gender,False
3261,"It was Dark Humor. It was a joke. People are overly sensitive nowadays. People make Cancer jokes, Terrorist Jokes, Racist Jokes, Rape Jokes, Gay Jokes...its all just dark humor. Get used to it or become an SJW.",2,2,gender,gender,False
3264,Miley just made a gay/rape joke and I'm super pissed... Neither of those things are okie to joke about EVER.,2,2,gender,gender,False
3265,"My professor didnt enjoy Dave Chappelle's racist, gay and rape jokes in r presentation of him I had a good time tho #YOLO #GetASenseOfHumor",2,2,gender,gender,False
3266,REALLY wish it were bitch face and her husband in sudden death 😡 #mkr  @mykitchenrules,2,3,gender,not_cyberbullying,True
3268,"@jaketapper I saw the clip about Roger Stone and didn’t realize it was YOU who said “He may enjoy it” on going to jail. So gay rape jokes, no big deal?",2,2,gender,gender,False
3269,"As a whole, for the MOST part, people don’t like hearing rape jokes. We tend to look at the person making the “joke” crazy for doing it. However, gay folks can’t have the same level of respect and response. They have to live with the fantasy of them being killed type of jokes",2,2,gender,gender,False
3272,"AIDS, rape, kid rape, being gay, 9/11, the Holocaust, Ass raping my God he's made the most offensive ""Jokes"" about all these things but good old Hollywood gives him a free pass. Guess it isn't about what you say but how much money you can make them.",2,2,gender,gender,False
3287,"RT @leftydammit: I'm not sexist or anything, but I want to take a brick and break every tooth in this girl's mouth, for some reason https:/…",2,2,gender,gender,False
3289,"Smh y’all will joke about rape, assault, misogyny but GAY JESUS is where you draw the line?!?",2,2,gender,gender,False
3291,"Virgil, it's been almost ONE MONTH... are you EVER going to apologize in ANY venue for posting a GAY GANG RAPE &amp; MURDER picture as a ""joke"" you made against Mayor Pete?",2,2,gender,gender,False
3296,Good thing you'll never get the opportunity. @ItsJonTyler I just don't feel safe driving with any girl call me sexist,2,2,gender,gender,False
3299,"THIIISSSS. It's NOT funny. It's nothing more than reinforcing the idea that ""gay"" = ""bad"". And for the record? Prison rape ""jokes"" aren't any better.",2,2,gender,gender,False
3300,"@MasalaBai There were jokes about abortion, rape, gay sex - one could throw up, or laugh with the whole thing! The chose the later approach!",2,2,gender,gender,False
3305,"Meanwhile, Kat is poisoning the lake #mkr",2,3,gender,not_cyberbullying,True
3309,"p.s. “I have lots of gay friends and they find my rape jokes hilarious!""",2,2,gender,gender,False
3312,"YES. Rape jokes and gay slurs in comedy: they are not fucking funny. If anything they are hateful, ignorant signs of lazy writing.",2,2,gender,gender,False
3316,"It’s not a bad analogy, but, it’s RT source is homophobic and bigoted in its portrayal of supposedly inferior acts and relationships. I’m DONE with Trump/Putin gay jokes, and really, ALL prison rape jokes at this point. Not just gross, but hack.",2,2,gender,gender,False
3322,Many of the players on my school's hockey team are still making rape jokes and using gay as an insult. Sports perpetuates this culture more,2,2,gender,gender,False
3324,"You can laugh of everything Just not with everyone If people are okay with them, go on But if you are with someone who already suffered from rape etc etc, just don't If two gays are talking to each other I think that they can make gay jokes lmao (talking cause a friend and I do)",2,2,gender,gender,False
3325,My opinion: NO I think people have double standards when it comes to this. I heard people laughing at that (not sure if it was a joke/real story)of a gay guy who saved a lady from a raper guy and raped the raper. It is still rape,2,2,gender,gender,False
3332,"Oh nah I don’t condone jokes about rape, DV or homophobia serious issues like that but I feel like this whole “I’M OPPRESSED!!” wave needs to tide over. Many of us are, in different ways. If you’re brown or black, a woman, gay, trans disabled etc. life is no more easier for u",2,2,gender,gender,False
3340,"Or maybe she was once a prostitute paid to rape somebody's gay son. Yes that must be it, she must have been a victim of the said joke and has lived with the stigma ever since.",2,2,gender,gender,False
3342,"If i call you a ""bitch"" and were friends male/female/gnc- non binary i don't mean it in a degrading way. I really talk like that irl , it's just for joking/friendly material",2,2,gender,gender,False
3343,At gay trivia and a guy just won the joke round with this hilarious bit... 'Gang rape' #everydaysexism,2,2,gender,gender,False
3350,Wanna make an undercover or rape victim mad call him gay or make a joke about rape,2,2,gender,gender,False
3354,"Comedic tastes change over time. The audience being less into rape or gay bashing isn’t censorship, it’s evolution. Whether you’re doing a joke about a stagecoach or AIDS, both are dated. Unless they’re REALLY funny. If people don’t laugh, it’s on the comedian, not the audience.",2,2,gender,gender,False
3355,"I don't like when ppl ""joke"" about rape, being gay, or anything serious like that. You may be ""just kidding"" but it's just not funny to me.",2,2,gender,gender,False
3357,"Idk how boys /""men"" can really just joke about rape and gay rights. It's foul.",2,2,gender,gender,False
3358,Jokes are everywhere. I'm not saying that nobody should do anything that could potentially hurt someone because anything could. Making fun of rape vicrims or gay people ect will definitely hurt a lot of people though.,2,2,gender,gender,False
3363,"Ok, in no world is it okay to equate a rape joke to ""cyberbullying"" someone for offensive content. And I LOVE SOTUS, as it portrays a somewhat tasteful gay relationship, so can you imagine MY disappointment when I find out one of the actors exhibits problematic behavior?",2,2,gender,gender,False
3367,Cool gay/rape joke bro,2,2,gender,gender,False
3369,"to be honest I would rather have had those ""models"" stay #mkr",2,3,gender,not_cyberbullying,True
3379,Like howl with pain when their balls get kicked? Yeah. @cknightt06 I'm not sexist. But girls can't do everything a guy can do physically.,2,2,gender,gender,False
3386,"//10 min. in, and there's a gay bash, &amp; a rape joke... so done.",2,2,gender,gender,False
3388,"@meeeeeeeepo a joke is a joke, whether it be about death, rape, gays, or blacks. All comes from the same place.",2,2,gender,gender,False
3390,I don’t think it can be a joke about rape and “mocking” gay people at the same time...,2,2,gender,gender,False
3394,RT @staceyrenee78: Oh Kat you do something new every night to make yourself look even more like a hateful twat! #mkr #karmaisabitch,2,2,gender,gender,False
3401,"wow this comment basically says ""if the republicans are ok with rape then we should be too!"" and caps it off with a gay joke. grade A stuff from the Biden Bros",2,2,gender,gender,False
3403,Depression is witchcraft Male rape is a joke Being raped by your husband/wife isn't concsiderd a thing. Being gay is wrong And and and I'm tired of the nonsense that goes on in this community,2,2,gender,gender,False
3404,@RuleofThumbUMD Let's think critically...WHO is talking about that?,2,4,gender,other_cyberbullying,True
3406,"Family Guy is gonna stop with the gay jokes... Honestly, the gay jokes are fine since they make jokes at the expense of every sexuality, race, religion, and etc. anyway. It is the rape and pedo ones I think they should get rid of.",2,2,gender,gender,False
3407,You a gay black man want to get people kicked out of school for being mean to you then you make rape/homophobic jokes..no co sign,2,2,gender,gender,False
3409,But people like you people who think everything is rape and everything is sexist and racist are the people who can't see this you will judge people for being male Asian black gay lesbian whatever you people are the only people that think this and you think you fight it well then,2,2,gender,gender,False
3413,@The_Loki_Jotunn Sucking at math and logic is a requirement for feminism...,2,4,gender,other_cyberbullying,True
3416,"RT @Vik_Rattlehead: I'm not sexist but if you are a woman and you do stand up, unless your name is @LisaLampanelli , you're not funny",2,2,gender,gender,False
3418,"RT @PsychicStoner: No I'm not sexist for calling you a cunt, you're just offended that I called you what you are and are really just angry …",2,2,gender,gender,False
3422,"@jay_beans I'm willing to believe that his jokes about rape, retards &amp; gays is satire. I don't believe his main audience all get that though",2,2,gender,gender,False
3425,"It's lovely to know that many #MeToo supporters suddenly think it's acceptable to mock and make jokes about sexual assault and rape victims... if they're male. I've already seen MANY people refer to Jimmy Bennett as ""gay"" or suggest he's ""lucky"" for what happened. #Hypocrites",2,2,gender,gender,False
3440,"Implied attempt of sexual assault or rape. Even if I'm reading too much into this, the east needs to lay off on their gay jokes. It's the go to joke for writers who can't be bothered to write a funny scene.",2,2,gender,gender,False
3446,"Michael was the lawyer for a Kavanaugh accuser who said she was at date rape parties with him. She now has recanted and is under criminal referral. I'm gay, I don't date women. Am I sexist?",2,2,gender,gender,False
3453,"That none of the ""jokes"" that people make about being gay, rape, race, or gender are funny. They're reaching for a reaction, seeking to +",2,2,gender,gender,False
3454,"Do you remember what Funi tweeted and PR guy stated? Funimation PUBLIC face: ""Part of our core mission is to celebrate the diversity of the anime community"" Funimation ACTUAL COMPANY BEHAVIOR in #FuniLeaks : Gay joke, Gay joke, Rape joke, Porn joke See the problem yet?",2,2,gender,gender,False
3458,Why is it a joke going around in the gay community that if a straight boy is talking about girl problems you get them drunk like.... that’s rape?,2,2,gender,gender,False
3462,"@Delenafan23 a bully is bullying one of my bff's and i stood up for her but now is bully bullying me on fb!! :o well, she's trying ;D HAH!",2,4,gender,other_cyberbullying,True
3464,"@krisaquino214 pls tell your gay husband, Vice, that rape is a heinous crime &amp; shouldn't be made into a joke. There are many rape victims",2,2,gender,gender,False
3467,Joke 3 guys rapist psycho and gay guy rapist said man if I see a cat rape it in the ass psych said I rape it till it dies gay guy said meow!,2,2,gender,gender,False
3472,I fucken hate you Kat. If I see you in the street I'm going to spit on you. Selfish ugly bitch. #MKR,2,2,gender,gender,False
3484,"What is your favorite leak from @FUNimation ? I would have to say it is either @SeanSchemmel repeatedly saying fag and faggot a few dozen times or @VoiceOfVegeta making a nearly five minute skit about a gay orgy that includes incest, rape, and slavery jokes. #FuniLeaks #ISWV",2,2,gender,gender,False
3485,7% of all hearing loss is a result of sitting in a restaurant next to a table full of women who just received dessert. #KillerBlondes #MKR,2,3,gender,not_cyberbullying,True
3487,"No. That joke was not 'gay', the test you just took did not 'rape' you, and someone who asked a silly question is not 'retarded'",2,2,gender,gender,False
3489,If the sassy models are really studying psychology they should know all about narcissism... #mkr,2,3,gender,not_cyberbullying,True
3492,"Things @twitter taught me this week: Prison gay rape jokes are perfectly fine as long as it directed at a Trump supporter and advocating punching falsely accused white kids is okey dokey. But ""learn to code"" is the new n-word!",2,2,gender,gender,False
3498,@V_bergs always extremely skeptical when these things first come out Call me sexist or whatever you want but sexual assault is a broad term,2,2,gender,gender,False
3501,Kat is going to be so smug she's going to be declared the particularly smug mayor of smugtown on the isle of smuggy #MKR,2,2,gender,gender,False
3508,"@RepTedYoho you disgraced the State of Florida with your disrespect of a woman. Call your mother, your wife and all female relatives and call them fucking bitch. Coward and a pig is what you are.",2,2,gender,gender,False
3513,SO CLEVER PULITZER TWEET @0cclus I think women should wear make-up while driving. Just so they look in the rear mirror occasionally.,2,4,gender,other_cyberbullying,True
3515,still a female unless u a male so if u a male then wat up bruh bt if u not then guess what you a female. Y’all trying to argue at something that y’all are. I’m pretty sure you not a bitch bt I’m just you call yoself a real bitch right or wrong. So u a female even if u think u not,2,2,gender,gender,False
3519,"i mean, I don't think I have to be far left in order to think that saying like ""gays should be burned"", or ""women can stop rape by just consenting"" are prejudiced jokes. I mean they're jokes, but if you turn the tables all of a sudden you're an SJW, so I just dont bother.",2,2,gender,gender,False
3533,"Well I disagree! We can joke over any earthly things. Rape? Its hilarious. How do like that!? ""A grany raped by a gay"" thats funny isnt it?",2,2,gender,gender,False
3536,"One of the best moment of a bottom gay life is when his straight guy crush said ""Don't make me rape you"". Even though it just a silly joke.",2,2,gender,gender,False
3538,"Everyday men laugh at rape jokes, normalizing rape culture. They laugh at male survivors of sexual assault. They call them weak. Call them gay. But as soon as women start talking about their own abuse, suddenly men point to abuse not to support of women but to shut them up.",2,2,gender,gender,False
3547,"First of all, prison rape jokes aren't funny. Secondly, gay convicts also have the same level of agency as any other person. Let's not assume they would find Roger Stone attractive.",2,2,gender,gender,False
3561,"Ladies I have a question: why is it okay for you to refer to any female your current/previous partner has dated as a bitch? but if they refer to you as a bitch, you get all offended and upset? What makes it okay for you to call someone that, but godforbid someone calls you that?",2,2,gender,gender,False
3568,[rape] its ments but i love bianca w all my gay petty heart but her jokes on blair went way too far imo? i think its ok to think blair did that because of strategy but making fun of her trauma? really queen?,2,2,gender,gender,False
3575,Indian t-shirt brand apologizes on 'gay rape' jokes during Gayle's storm record. A country of high volume of rape cases - their new dessert.,2,2,gender,gender,False
3579,"What’s wrong with saying “Ladies?” Shall I call you bitches n hoes instead? No, because I’m nice. What would you like me to call a Female Human?",2,2,gender,gender,False
3596,just saying making a rape/gay joke and justifying it by saying other people do it too is completely groundless,2,2,gender,gender,False
3598,"Sure. We're dehumanized, often more than even gay people. We've faced corrective rape. Over 50% of the general population sees us as a joke. Before the Sexual Orientation Non-Discrimination Act, my own state could have fired me for being ace. Oh, and we (1/3)",2,2,gender,gender,False
3613,#mkr That steaming cunt will go down in flames in a very short time. They still can't cook,2,3,gender,not_cyberbullying,True
3615,"@ohheyjesssager the quest for the most offensive joke ever - have to somehow work in gay, handicapped, minority rape victim in a punchline.",2,2,gender,gender,False
3616,"How bad is that ""SLUT"" tattoo on her arse @justtattooofus",2,4,gender,other_cyberbullying,True
3620,RT @Yandiisa_: The mine is no place for a woman to work... Call me sexist but a woman as a rock driller is not practical.,2,2,gender,gender,False
3625,@TheDemonEyeX next time someone calls VJ a rape joke just ask them why they think gay sex = rape. That usually shuts em up. :D,2,2,gender,gender,False
3628,"I am Gay and do prison rape jokes... oh well, guess I am terrible, but not terrible enough to be in prison I guess.",2,2,gender,gender,False
3629,My old bitch still yo new bitch,2,2,gender,gender,False
3643,"// rape mention horrible gay stereotype as in like, there was a recurring hero that was a living prison rape joke",2,2,gender,gender,False
3646,"So much this and gay references as well as prison rape jokes. The man is a shoddy conman, there is plenty to work with.",2,2,gender,gender,False
3653,"She was always controversial. I don't get it. She's done rape jokes, holocaust jokes, abortion jokes, racial jokes, gay jokes, etc. She steam rolls mine fields regularly but they had to find some esoteric screen shot of her in blackface to cancel her?",2,2,gender,gender,False
3660,"Homophobia isn't ok, but anything goes in comedy. You definitely can't draw the line at gay jokes in a show that regularly makes jokes about slavery, pedophilia, disabled people, rape, religion, and the Holocaust.",2,2,gender,gender,False
3661,"Cracked is improving in a lot of ways, but there are a few that seem to want to cling to the old ways, making rape jokes and gay jokes.",2,2,gender,gender,False
3668,RT @pcaudi15: I'm not sexist but I can honestly say I've never felt safe riding in a car with a woman driving!,2,2,gender,gender,False
3669,"RT @Josh_Harvey96 I'm not sexist, but it's extremely painful seeing some girls pretending to know what's going on in a football match",2,2,gender,gender,False
3671,Feminazi. A feminist who finds a hidden male agenda in EVERYTHING.,2,2,gender,gender,False
3677,"And the scene being removed treats a rape attempt as a joke because it would be gay. It’s not only homophobic, but it’s also thematically inconsistent with the rest of the game.",2,2,gender,gender,False
3687,It's not appropriate to tell gay jokes because it's insensitive but rape victims can shrug off a joke if Sam Seder tells it according to @SamwiseSederman.,2,2,gender,gender,False
3697,"Watched some stand up comedy from the 2004-2010 range and wow. We have a long way to go to be a more accepting and compassionate society, but we've come quite a ways from the nonstop gay and rape jokes from less than 10 years ago. Again, we still have work to do.",2,2,gender,gender,False
3706,@cthagod How do u think anyone struggling with their sexuality felt after hearing you make sly unfunny homophobic jokes about Dwight being caught with a same sex partner. I swear it almost feels like u can rape someone and be looked as ok as long as u not gay.,2,2,gender,gender,False
3708,"@red_den I worked with a lad who did a rape joke once, I had a go at him about it. He wasn't a women hater, very camp, gay and loved women.",2,2,gender,gender,False
3713,"@pully_tm How about we let women decide where feminism is going, shall we?",2,4,gender,other_cyberbullying,True
3717,females are getting too comfortable with letting their man call them their “bitch” and that ain’t it for me,2,2,gender,gender,False
3719,"I don't have really ANY straight male friends anymore because of how disturbing the masculine culture in utah is. Being around homophobia, blatant racism/sexism, rape ""jokes""... I only wish i would've spoken up more back then. But for now, i trust the girls and gays ONLY",2,2,gender,gender,False
3720,It is very funny. One of their best. Trump said at rally they’re“in love”. Gay wasn’t used offensively. Same sex is integrated &amp; skit would play either way. I don’t like prison rape joke and this wasn’t one.,2,2,gender,gender,False
3722,"these dudes are soooo sus. they make rape, race, and gay jokes like I'm not sitting here trying to eat my sandwich.",2,2,gender,gender,False
3723,They took out the gay joke but not the rape line #GreaseLive,2,2,gender,gender,False
3726,"All jokes aside. Neither. But like I said before at least Gays own businesses and grow their communities. In Black society there’s teen pregnancies, gang violence, rape, welfare recipients and free loading. I’m not even done with describing the ratchetness.",2,2,gender,gender,False
3747,"Sure, jokes about genocide, hate crimes, murder, rape, kill the gays, and nuke war are just board room talk among white men. Totally normal.",2,2,gender,gender,False
3755,"Why do people feel the need to joke using rape, gay or retarded?! Learn a different adjective!",2,2,gender,gender,False
3756,"!!!!!!""@__BrighterDays: I can not just sit up and HATE on another bitch .. I got too much shit going on!""",2,2,gender,gender,False
3758,"He has used the ""n"" word on more than one occasion. He recorded the videos, edited the videos, and left the use of the ""n"" word in them and uploaded them anyway. He also made many rape jokes, used ""retard"" ""gay"" and ""autistic"" as insults. Racism isn't his only issue.",2,2,gender,gender,False
3768,"Family guy had so many problems. From rape ,paedophilia and gay jokes to domestic violence,blasphemy and so many insensitive jokes. Not all jokes need telling. But maybe controversy and public outrage is what made it what it is now",2,2,gender,gender,False
3770,"Hey i agree with you on how pathetic the rape joke is and they shouldn't have done that but some of the things you mentioned here dont make sense to me. Like if he said ""no"" to being gay then what is wrong with that? If he isn't gay then he isn't gay.",2,2,gender,gender,False
3776,"Rape jokes, pedophilia, necrophilia, gay jokes, blackface, rampant racism, and that's the parts of the attitude era that people DO talk about",2,2,gender,gender,False
3783,@BoyGeorge this headline is so sexist and makes a straight rape less horrid than a gay ditto. Rape is rape and is always horrid!,2,2,gender,gender,False
3787,"jokes about rape!!! and battered women!!! and ""the gays""!!! will men ever cease to be trash",2,2,gender,gender,False
3800,"Sooo, @sagegnosis made me listen to a Heavy Meta episode. 20 minutes in have a gay joke and a rape joke. Keep it classy @manadeprived",2,2,gender,gender,False
3801,".@BlackOpal80 Then what REALLY opened my eyes. An article on financial abortion. Even, after reading, I still opposed. Responsibility, etc.",2,4,gender,other_cyberbullying,True
3805,if you agree with anything that any of them has said or think that I'm overreacting or make a fucking gay or rape or feminist joke I +,2,2,gender,gender,False
3813,Aggressive masculinity. The kind of men who think rape jokes are funny and tell me I just need a man to fuck me to cure being gay.,2,2,gender,gender,False
3822,RT @iamyaokhari I hope I'm not sexist but why do women love to argue with me and have the last word then laugh it off? This shit is serious.,2,2,gender,gender,False
3825,"Just to be clear, you stated you don’t know when actually you MUST know or you wouldn’t have said “tell me what happens when u call a female at work a bitch. I never did that. I tried talking things through. It’s not healthy to stay w a bitch.",2,2,gender,gender,False
3827,"@boxedariel So...is the answer ""nothing""?",2,3,gender,not_cyberbullying,True
3831,"@dustinleidgett MT: ""@No1Lion99 @PSU_FACTS you should probably quit taking it in the ass"" oh a gay or child rape joke. #funny",2,2,gender,gender,False
3835,"@breedoesntpanic I'll agree with the rape but gay,racial, and some murder jokes are funny. You just have to not be a prude",2,2,gender,gender,False
3838,"God, why must I tolerate rape and gay jokes near everyday?",2,2,gender,gender,False
3839,"I can see that. Yes, I think both associating rape with being gay to get leverage in a joke and to make a seriousness assumption about gay men is toxic and wrong. I think the OP works with the fact that the jokes also contribute to the toxicity by playing off existent homophobia.",2,2,gender,gender,False
3841,"he is also against gay marriage, and makes rape jokes, and also could you guess that i fucking hate him",2,2,gender,gender,False
3843,"Somehow (straight) men were oppressed, bc they couldn’t harass women any more? Even by accident, they’d be horribly punished (as if!) Affirmative action meant more women got hired (not true) women could just ‘cry rape’ &amp; ruin a man’s life, can’t make ‘harmless’ gay jokes now...",2,2,gender,gender,False
3844,"And yet somehow, they thrive without your ignorant laughter. @juckfohn Call me sexist but I just don't find women funny.",2,2,gender,gender,False
3846,don't ever call yourself a bad bitch cauz bruh do u know her? She's the baddest female so stfu,2,2,gender,gender,False
3851,@azmoderate @JoeWSJ Be a man. Stop babbling and squirming and admit you were wrong.,2,4,gender,other_cyberbullying,True
3855,"Because friend rape isn’t something to joke about I’m sorry if that offended y’all but maybe check what all he’s posting about,saying I’m mad at him because he’s gay I love all equally that has nothing to do with it but rape is nothing I can stand behind joke or not",2,2,gender,gender,False
3856,"Those are from years ago, please. HE HAS NEVER BEEN ACCUSED OF SEXUAL ASSAULT WHERE TF FID YOU READ THAT I-. He made ONE rape joke when he was drunk and depressed in 2011, the apologized for it later. He never fetishized anything. He’s pansexual and a gay icon himself. He-",2,2,gender,gender,False
3858,"“Gallantly insulting a celebrity for attention...” Your fave said he’d pay a prostitute to rape his son if he found out his son was gay, then defended it by saying it was an appropriate joke 8 years ago because people laughed, you fucking idiot!",2,2,gender,gender,False
3860,Me: *joking idea on my OCs* NSFW Artist: so you mean like basically your plan like your Gay OC drag down by Siren then The Siren rape him? Me: ...*breathe* Her: what? I mean funny that your Gay OC idea has been rape by Sire- Me: I said joke Her: so Siren love Gay? Me:,2,2,gender,gender,False
3864,They bred the most dangerous feminazi in our country.,2,4,gender,other_cyberbullying,True
3868,"@Saffronian Here is a lesson you learned today. If you are going to act like an idiot feminazi, then expect to be treated like one. #blocked",2,5,gender,religion,True
3882,I have very Basic wishes to all of you. Don't use gay as an insult. Don't use femininity as an insult. Don't make rape jokes. Please.,2,2,gender,gender,False
3884,people now a days could not of handled twitter back in 2014 rape and gay and racist jokes everywhere,2,2,gender,gender,False
3885,"I'm honestly pissed that it's turned into a situation where comments are made by gay men where they insinuate that 1. Consent isn't necessary, and 2. They joke about corrective rape. But instead of acknowledging that, it's turned into ""not all gay men"" and ""that's homophobic""",2,2,gender,gender,False
3886,"@waterytouch not for a rape threat or an accusation of rape apologist, sexist, misogynist, gay, virgin, etc. not afraid of other's opinions",2,2,gender,gender,False
3887,"LMAO when have I said that? Stop putting words in my mouth. I’ve never seen this rape joke you keep bringing up and was merely referring to the jokes about his appearance and him being gay (which, again, neither him nor I have anything against, it just wasn’t his identity).",2,2,gender,gender,False
3888,"i don't think you have the right to prohibit people from saying words, being a victim of rape and bullying for being gay I don't mind if my friends (or anybody tbh) decide to make a joke about either of those topics as long they're not malicious about it. context and intention",2,2,gender,gender,False
3890,We're still two young hot blondes. Who aren't really blonde. And not that hot. #MKR,2,2,gender,gender,False
3895,"@DrunkSehun @pumpkey_ i'm someone that doesn't use gay as an insult or rape as a joke, wish u could say the same babe",2,2,gender,gender,False
3899,@quiksotik HOW MANY CALL OF MADDENS DID YOU PLAY NOT ENOUGH GO PACK UP YOUR VAGINA FAGGOT PUSSY GAY DEROGATORY SLURS RAPE JOKE,2,2,gender,gender,False
3910,"I've been meaning to say this for a while but I've been holding myself for God knows why. I really really hate the fact that most Nigerian comedians have normalized the art of making rape jokes especially the ""corrective"" rape of lesbian and gay people. Makes no sense.",2,2,gender,gender,False
3916,The rape joke and a lot of the gay material was also real uncomfortable to watch. Shame because his timing and other material were on point,2,2,gender,gender,False
3923,you'll say rape jokes arent funny but you'll make a post about gay people,2,2,gender,gender,False
3924,"Ah, a gay joke and a rape joke. Gotcha. You're a swell dude. Police maybe?",2,2,gender,gender,False
3926,"@The_Loki_Jotunn @melisssugh Awesome.  Will go into my ""daily use"" folder.",2,4,gender,other_cyberbullying,True
3931,Yeah LOLing at BDD's prison rape joke yet calling out something Disney hipsters said as gay toxic masculinity #Hypocrite,2,2,gender,gender,False
3932,there is a huge difference between feminist and feminazi...,2,4,gender,other_cyberbullying,True
3943,No more 'gay rape in prison' jokes. Thanks.,2,2,gender,gender,False
3945,"The World is too sensitive these days, simple joke and people get angry. No more space for humour/sarcasm on racist, rape, gay, men/women, politics. The fact that people had to be careful with subject they chose &amp; mindful on how it's affects others makes the world a hurtful place",2,2,gender,gender,False
3952,Here comes this bad bitch with the worst hair cut and vocabulary on earth. @TheWalkingDead,2,4,gender,other_cyberbullying,True
3953,Decided to give Chozen a shot since it was right after Archer. So far the gay rape joke count is about 0.7 per minute.,2,2,gender,gender,False
3959,@Allehegens Romney's image better than ever due to O but CO will not vote for a drug war supporter like him and GOP needs CO to get to 270.,2,3,gender,not_cyberbullying,True
3964,If libs are good for something they're good for the gay rape jokes.,2,2,gender,gender,False
3965,Kat you stupid bitch  #mkr,2,2,gender,gender,False
3971,"@TedYoho NO MORAL COMPASS IN REPUBLICAN PARTY? NO MORAL COMPASS IN YOUR REPUBLICAN FLORIDA PARTY. DID YOUR MAMA AND DADDY TEACH YOU TO CALL WOMEN YOU DISAGREE WITH ""BITCH"" FEMALE DOG. DID YOUR DADDY CALL YOUR MAMA ""BITCH""? WAS IT AT YOUR DADDYS FEET YOU LEARNED THIS. WWJD",2,2,gender,gender,False
3972,"If this is cool, I'm assuming no jokes are off limits? Gay, Rape, handicap, trans, racist??. Because all of a sudden we're not so sensitive anymore . I think it's funny too, just checking to see if everyone's bout it like this implies. Dark humour &gt;&gt; respectful humour",2,2,gender,gender,False
3973,"OK, but the pill idea is a neutral to positive idea in a fantasy, and the misinterpretation came later. Fatshaming, slut-shaming, statutory rape, false sexual assault accusations, gay, racist, classist jokes, and general bitches be crazy shit were in this from the very beginning",2,2,gender,gender,False
3975,"I hate when people make jokes about suicide *makes joke about rape* *calls someone gay* *makes joke about mental illness* ""It's so rude.""",2,2,gender,gender,False
3976,#mkr hey Kat. ure a c$#t.,2,2,gender,gender,False
3984,Kats face. I want to slap her seriously I hope they go but it doesn't look good. If they pass they won't last. They can't cook. #mkr,2,2,gender,gender,False
3985,"@EllieBaker92 Yes it is legit, Sweden is one place any living thing should NEVER visit.  Feminazi and extremist word is law there.",2,2,gender,gender,False
3989,"If you're white, male & cis, probably nothing will offend you. This doesn't give you carte blanche to tell ""harmless"" sexist/gay/rape jokes",2,2,gender,gender,False
3994,@UnseenPerfidy Plus the ones you miss will spin this as a plot by the evil Feminazi Cabal. And they'll buy you more fake followers!,2,4,gender,other_cyberbullying,True
3995,"@Ryon_J_Cobb @scratch_paper And you are aware that gay people can also gay bash and that women can also be sexist, right? A rape victim...",2,2,gender,gender,False
3999,"So let me see if I have this straight: A Congressman @RepTedYoho calls his female colleague, a congresswoman @AOC a “fucking Bitch” and attributes it to his passion and love of ‘God, family and country” these people are NUTS. #TedYoho #Republicans",2,2,gender,gender,False
4000,@idontknowaaronn how can you be laughing you evil bitch,2,4,gender,other_cyberbullying,True
4001,Mfs will go into anaphylactic shock if you say boys instead of men. But will call you a bitch if you say they should say women instead of females. Is it crack?,2,2,gender,gender,False
4013,"the world is really full of toxic ppl. There’s someone who make a joke about being RAPE. And he said its fine because he’s a guy? BRUH GIRL,BOY,LESBIAN, OR GAY WHAT EVER YOU ARE ITS NEVER ACCEPTABLE TO MAKE A JOKE ABOUT RAPE.",2,2,gender,gender,False
4017,Yea that sounds just as bad as rape. You sound just as outraged about jokes that we do about rape. How about you slow allllll the way down. I don’t see anybody coming for Will Ferrel. Go watch Anchor man go watch weeding crashers. That’s 2000’s. Plenty of gay jokes.,2,2,gender,gender,False
4042,"Also, nice rape joke/false rape accusation? Your co-worker is going to be disappointed however when she reports me to authorities, since I'm about as gay as a unicorn farting rainbows. So. . .",2,2,gender,gender,False
4046,"How diluted do you have to be to believe repeatedly screaming homophobic slurs, racial slurs, and producing 4-minute-long gay rape jokes are just common bloopers? You don't get to decide that calling somebody a faggot over and over isn't a big deal.",2,2,gender,gender,False
4049,Do you think it’s appropriate for a male member of Congress to call a female member bitch?,2,2,gender,gender,False
4052,"How about Chapo and the gay rape jokes? Maybe don't have your campaign make repeated appearances on the show? Could he maybe disavow like, one person?",2,2,gender,gender,False
4053,I'm being oppressed at school worse than a weight scale being oppressed by a tumblr feminazi,2,4,gender,other_cyberbullying,True
4059,"No gay jokes- homosexuals would never have broken the ice. No prison rape jokes, tell me honestly, how many of you think you would have any idea what I'm talking about with that?",2,2,gender,gender,False
4062,"idk how anyone on this site can think the ""cloud in a dress"" part of ff7 is remotely progressive considering in that same section of the game the ""haha gay rape"" """"""jokes"""""" before it that really set the Tone of that part of the game but people show off their brain rot every day",2,2,gender,gender,False
4066,"in all fairness, tho, The Hot Chick was better than it had any right to be. It's still not good and the gay panic rape jokes have aged EXTREMELY POORLY but it's not as unrelentingly cringy as you would expect a movie about Rod Schneider switching bodies w a teenage girl to be",2,2,gender,gender,False
4072, it aint nothing to cut a bitch off ,2,2,gender,gender,False
4096,"The funny thing abt people (male & female) who have a tendency to call a woman ""a fucking bitch"" is that they'll do it behind the woman's back, then deny it when caught. If they ever grew a pair and said it to our faces, we fucking bitches might muster up some respect for them.",2,2,gender,gender,False
4125,@RepTedYoho so you think it’s ok to accost a female and call her a fucking bitch??? What a low life you are!! I hope you are expelled!!,2,2,gender,gender,False
4134,oh sorry i dont date girls who are taller than me,2,4,gender,other_cyberbullying,True
4135,"As a woman who supports a pussy-grabber* for a President, it's NOT surprising that you also THANK a man who calls his female Congressional colleague ""disgusting"" &amp; a ""fucking bitch"" at work. I wonder how you feel when you, your daughters or mom are called ""fucking bitches"" by men",2,2,gender,gender,False
4140,"1.) If you don't take the #MeToo Movement seriously, please unfollow me. It isn't a bandwagon, its not a joke, and we're not made up of only women. Men experience sexual assault and rape, too, but are 3 times less likely to report it due to fear, shame, or being outed as gay.",2,2,gender,gender,False
4141,"it’s shock humor that he DOESNT use anymore. the clips circulating on twitter aren’t even the full clips. he continues to go on and talk about how he’s joking. no one cared about these jokes until he got popular this past year. people make gay, rape, etc. jokes &amp; ppl don’t care?",2,2,gender,gender,False
4150,"MALE OPINION PRESENTED AS FACT ALERT @snwojcik Call me sexist, but there has never been a funny woman stand up comedian",2,2,gender,gender,False
4155,Substitute rape jokes with gay jokes and that’s the Navy,2,2,gender,gender,False
4158,"People who get offended by Ebola/gay/rape JOKES need to calm the fuck down. They're jokes for a reason, no one means it.",2,2,gender,gender,False
4163,"he made a rape joke, a jew joke and is dating a girl who's racist and uses the word gay as everything but what it really means? okay",2,2,gender,gender,False
4166,RT @stweet_heart: Did she really just tell them that in order to walk you just 'put one foot in front of the other'?,2,4,gender,other_cyberbullying,True
4177,@GailSimone @JoelSerious Real bummer for me that the first discourse on LGBT anything in the MCU is a gay prison rape joke.,2,2,gender,gender,False
4180,"I know every joke about mma looking like violent gay porn has been made, but this ad uses some grainy filter and it looks like prison rape.",2,2,gender,gender,False
4210,"suga once said ""did u just call me a bitch? well a bitch is a female dog, and dogs bark, bark grows on trees trees are nature and nature is beautiful so u just called me beautiful"" how savage of him LOL",2,2,gender,gender,False
4214,"He was a “friend” he jokingly called me a bitch (yet he hadn’t done that to any female friends) then when I said that I only felt comfortable joking like that with my girls and gays, he said he’d call me a bitch again if he wanted to. Apparently my way of thing was sexist lol",2,2,gender,gender,False
4217,can someone sum this up before i call this guy retarded https://t.co/yuQVEUcvia,2,4,gender,other_cyberbullying,True
4220,@Spangnation Her continued production of carbon dioxide.,2,4,gender,other_cyberbullying,True
4221,"People don't even use it to call you a bitch. Like you're a female, you all are deadass making it worse buy changing up how people say it. Like not all people are nice and do mean it that why but come on. Ignore those bitches.",2,2,gender,gender,False
4230,"Men raping men is assault, not ""gay"" or what ""gay"" is.Prison rape jokes that collapse assault &amp; being gay as if they are the same r wrong.",2,2,gender,gender,False
4231,I CANT BELIEVE KAT IS STILL IN THIS COMPETITION NO NO NO #mkr,2,3,gender,not_cyberbullying,True
4240,"GET HARD is a bad film b/c it's lazy. Rape, gay, and ethic jokes are used without point or commentary.",2,2,gender,gender,False
4242,Whereas w/dudes I just demand their commit history. #everydaysexism,2,3,gender,not_cyberbullying,True
4243,"Rape, when men are the victim is never taken seriously. It's either a joke or we're seen as ""gay"" if we don't accept the advance.. https://twitter.com/sweatergawdd/status/797391277159391233",2,2,gender,gender,False
4245,@TicklishQuill It's actually only one face.  It's just as wide and flat as the front of a townhouse so...easy mistake to make.,2,2,gender,gender,False
4250,Being gay doesn't give you a free pass to make rape jokes happen. It's not gonna happen. Are we crystal on that ladies? Stop it.,2,2,gender,gender,False
4256,It's the same problem I have with onepunch man. It's great and then that one bit w/the joke ch devoted to gay prison rape was like wat,2,2,gender,gender,False
4262, im done with bitter bitches its a wrap for that . if you a angry bird theres a app for that ,2,4,gender,other_cyberbullying,True
4268,When a woman kills her baby it's the fault of all Mothers and they must prevent it  #feministlogic #BlameOneNotAll,2,4,gender,other_cyberbullying,True
4279,"I watched Dirty Work for the first time last night. I expected it to be a generic studio comedy with Norm phoning it in, but it was literally the most Norm Macdonald-ass movie ever: Prison rape, gay jokes, dead hookers, random cameos by Farley, Sandler, Koechner, and Downey...",2,2,gender,gender,False
4280,Its not the only thing she's done a lot of I'm guessing  #mkr,2,3,gender,not_cyberbullying,True
4288,"RT @ahall012 If you are a women,and this is no sexist comment directly, and we are watching football just don't talk unless my team scores",2,2,gender,gender,False
4295,"We see all of akira relationships, non of them were sexual. Also there's a difference between the all the other abuse and the stuff with the gay guys. Like Kamoshida abuse was serious and actually affected the characters, the abuse with the gay guys done for a rape joke",2,2,gender,gender,False
4301,"you can be intimidated by a sex act you're very much excited to do consensually, which is the why the joke is formatted as a text message response to someone asking for advice, but it's cool how gay men can't talk about anal sex without it being associated with rape",2,2,gender,gender,False
4304,It breaks my heart that anyone would find it fun/funny to joke about rape/abuse.People call me gay for being serious when it comes to such,2,2,gender,gender,False
4309,I resent the idea that a rape joke or a “gays walk funny” joke is inherently funny and the only reason it doesn’t kill anymore is because we are deliberately refusing to laugh and to take offense.,2,2,gender,gender,False
4314,"I'm confused, how is consistently making offensive comments that target women, gay or trans people funny? Terry Gilliam spent an entire interview denigrating rape victims and women in general, is that a humorous joke in your mind?",2,2,gender,gender,False
4316,"This is so funny, it’s always the male gg stans calling other women bitches and fat shaming that call us sexist when we say one thing about a gg... when most of us are female",2,2,gender,gender,False
4324,RT @blackocracy: I'm not sexist or anything so I hope no single broad try to swerve me but... a woman's ultimate position is to be by a man…,2,2,gender,gender,False
4334,"#CoronationStreet #Corrie Can't believe that people are still making Gay Rape jokes! The whole 'It isn't real' excuse, isn't justified! Would you mock a child abuse storyline? Sex grooming gangs? Domestic abuse? If no, why? Why just gay rape? RAPE IS NOT FUNNY!!",2,2,gender,gender,False
4335,Some of these men should not be speaking about rape amd sexual assault. They ate so fcking dumb. Making gay jokes instead of fighting for justice,2,2,gender,gender,False
4344,"RT @Drift0r: I said ""we got raped"" in a video today and the white knights came out in force. Guess it is time to dust off the ban hammer an…",2,2,gender,gender,False
4353,"local twitter is where people pretend to care about issues that don't particularly affect them just for the sake of being seen as ""woke"" while they continue to be hypocrites saying the n word when they're not black, making rape jokes, using gay as an insult, etc.",2,2,gender,gender,False
4365,"Stop saying that t thought you dont call females bitches dont let your personal lifestyle bitter you, anyone can get some solid ladies",2,2,gender,gender,False
4368,"RT @ckerr1214: I'm not sexist but a woman shouldn't have to open their own door, pay the bill, or drive but I still beleive in chivalry so …",2,2,gender,gender,False
4370,@JustLaurenB @accountrejected Hmm...I think it's the jaw...her head is kinda shaped like home plate...to carry on the baseball motif...,2,2,gender,gender,False
4375,"I don’t know why females try &amp; tell me how to do my shit when I won’t even make friends w them. Call me a bitch, I just don’t like the sneakiness.",2,2,gender,gender,False
4396,why is everyone joking about how he can’t inhale when his friend is using gay as a slur off camera and he agrees with what his friend said.... this kid has been cancelled since he laughed at a rape joke,2,2,gender,gender,False
4401,"Honestly, why is rape a big joke to Black men on here? But you understand consent when a gay is around and you don’t wanna be bothered, but otherwise y’all don’t get it. Fuck outta here.",2,2,gender,gender,False
4403,RT @DarrellHall_: I'm not sexist but a female can't do what a nigga do... In the end y'all gonna look like a hoe and a dude gonna look like…,2,2,gender,gender,False
4406,"Friendly reminder: Yes, great news that Manafort is locked up, but let's not with the ""gay prison rape"" jokes? I don't think I need to explain.",2,2,gender,gender,False
4421,"WE LOVED #DEADPOOL! Great script, totally IC! Lots of gay commentary, pan!Wade was displayed. One irritating rape joke. @siriuslyyellow",2,2,gender,gender,False
4422,"I'm tired of these gay people taking offence with gay jokes. Imagine black people, white people and in fact everybody taking offence with jokes cos they were directed to them. Jokes ain't cool only if it's condoning something bad like rape, etc",2,2,gender,gender,False
4427,"Our comedians joke about rape, blind people, gay people, physically challenged people etc. Basket mouth is just the unfortunate scape goat.",2,2,gender,gender,False
4432,"i don't care if you're a man, woman, gay, lesbian or whatever gender you are, but lemme tell you this. rape jokes are NEVER funny. period.",2,2,gender,gender,False
4436,"Why? The arguments are, quite simply, pretty weak. “I have a black/gay friend” was never a compelling argument. Ever. And taking umbrage with ERod’s behavior towards fans is divorced from wanting people to share your views on usage of the N word, R word, and “rape jokes”.",2,2,gender,gender,False
4448,"Calum made rape jokes as well, used gay as a insult multiple times, Ashton made a joke that mobility scooters were for fat people in a old keek. And we can't forget their ""I wanna be in the tribe"" keek and the ""Mexican themed"" m&amp;g. Idk if I'm forgetting anything else",2,2,gender,gender,False
4456,Y'all are legit upset that you can't make rape jokes and gay jokes on here anymore without getting checked. Seek help.,2,2,gender,gender,False
4463,"RT @thetrudz: And, it is comical for Emma to mention ""male gaze"" re: Bey, when her speech CENTERED men and was not intersectional. https://…",2,2,gender,gender,False
4470,It’s all fun and games til your female homie call you a bitch,2,2,gender,gender,False
4472,"@DolphinBay4 also from the context of the jokes -a ""Mahela"" can also rape, or a ""Gay""le rape- the sense in which the word is used is clear.",2,2,gender,gender,False
4474,"I’m genuinely curious. Ignoring left and right wing politics, is it okay to call a female colleague a fucking bitch? Are you supporting this behaviour? If that’s the case, nothing else needs to be said. We know all that needs to be known about you.",2,2,gender,gender,False
4480,Gay pride is a joke worse than a rape joke.,2,2,gender,gender,False
4487,@Imjustmikeymike Yes we are :( lol. You hate me remember? Your my bully! I'm a hoe and bitch you want me to stop breathing remember that.,2,2,gender,gender,False
4489,You make a rape joke you're gay,2,2,gender,gender,False
4503,"Who said anything about rape? Just said they were outside. The only word I've seen tossed around is flirting. Nothing about anyone being raped. I get flirted with by women sometimes. I'm gay. I don't joke about killing them. This shit is toxic, plain and simple.",2,2,gender,gender,False
4506,"So would it be a joke if a gay dude said he was going to take kodaks bootyhole whether he wants it or not? No, that's rape. Same thing here",2,2,gender,gender,False
4509,"Rape jokes, inmate jokes, gay jokes and still not funny. Could only imagine if you weren't a Democrat stooge in media clothing. Your character would crumble.",2,2,gender,gender,False
4512,#OffendEveryoneIn4Words rape jokes are funny pro life is retarded getting offended is gay nothing wrong with porn you are all wimps,2,2,gender,gender,False
4513,"to the white gay man who made a rape joke, of course you would, for you can't understand that i live like stanning lyd havens",2,2,gender,gender,False
4516,"I don’t walk around saying “males” - I say men, or boys. So why is it so hard to say Women/an, lady, or girl? “Female” bothers me sometimes b/c it’s normally in place of the word bitch. If you wanna call me a bitch just say it but some ppl gave female a derogatory context.",2,2,gender,gender,False
4521,Only a little punk harasses a female co-worker &amp; calls her a fucking bitch because he doesn’t like her opinion. You Rs keep saying the private sector is superior. You’d be fired for doing that in the private sector. You’re a disgrace to the institution.,2,2,gender,gender,False
4533,"*gag* @kissntheclown11 I love females but I swear everyone someone comes close to hittin my car, I look and it's a female. #NotSexist",2,2,gender,gender,False
4535,Hey I have a joke to pass around Ironic: A gay comedian made joke about a gang rape and he was found offensive... http://fb.me/24uyJyghy,2,2,gender,gender,False
4538,"@KarkatV97 ((I get way too upset over people using gay as a derogatory term, people calling trans people ""it""s, rape ""jokes"" and suicide--",2,2,gender,gender,False
4541,if women started calling men “bitches” the same way they love to call us “females” I guarantee you it would be a whole problem.,2,2,gender,gender,False
4547,"And that's the damn joke. The soundtrack to their $250k production will be ""Daddy Can't Rape Us All"" and a redone version of ""Wolverine is Gay"" since Marvel is not going to let them use the name Wolverine.",2,2,gender,gender,False
4550,You females call yo nigga a whole bitch and still be with his bitch ass,2,2,gender,gender,False
4567,Kevin Heart made a gay joke about sucking a chicken wing and got flamed while Tyler the creator said he’d rape a pregnant bitch and it’s ‘Tyler being Tyler ’,2,2,gender,gender,False
4568,"YUUUUP. Speaking out against gay adoption, rigid about gender roles for parents, etc. Guess the guy who played prison rape joke characters is actually kind of shitty, huh... Not just a job but showing that mind set",2,2,gender,gender,False
4573,"The ""cock holster"" joke described consensual gay sex Please don't conflate consentual sex with rape For the love of god",2,2,gender,gender,False
4575,Harry said Dion was gay as a joke and T.Susan was like ranting that it's nothing wrong and Harry said he might rape guys and Tsusan was so annoyed,2,2,gender,gender,False
4578,"if you make jokes about rape or use ""gay"" as an insult, unfollow me. those arent things i can tolerate.",2,2,gender,gender,False
4590,one) (inconsiderate person),2,3,gender,not_cyberbullying,True
4591,You even hear yourself? @tweaker_bell I'm not sexist but I do believe women and men play very different roles in society but are not limited,2,2,gender,gender,False
4596,"@SxFlint93 So true, all women over 12 SHOULD play football, but repeated concussions might make us as stupid as you.",2,2,gender,gender,False
4602,"Do you normally call people that cite the law a bitch, or do you just refer to females in general as bitches?",2,2,gender,gender,False
4607,@kaitlynshae33 You say this based on what?,2,3,gender,not_cyberbullying,True
4613,"tw // rape pedophilia and homophobia it's so weird how people can find excuses for rape and pedophilia but homosexuality is where they draw the line. like the first two are ""just a joke"" or ""they shouldn't have dressed that way"" etc but being gay is wrong and a sin? what?",2,2,gender,gender,False
4614,Who are you to decide what is NOT offensive for the gay community? Do you tell rape victims not to get offended by rape jokes too? guess not. Guess your opinion of not being offensive is because you know nothing about our community and decided for us that is NOT offensive.,2,2,gender,gender,False
4621,"It's not a good look. Rape is not a joke in any era.and neither are these allegations And has championed problematic people as well. I recall him stanning a young man who admitted to beating a gay man for just staring at him. His name starts with a ""X"" I think",2,2,gender,gender,False
4623,Can't there be one day at work without gay anal rape jokes?,2,2,gender,gender,False
4626,"nothing too surprising: fuck, sexist, slavery, rape, any sort of clearly political word you can imagine, and especially relevant in my case, gay.",2,2,gender,gender,False
4634,Listen...I know this won't get much attention. But in the era of #MeToo let's stop the prison rape jokes. We all want the #TrumpCrimeSyndicate to face justice. Can we just stop with the Bubba jokes? And equating the treason with Blowing Putin jokes? Don't equate gay w/traitor.,2,2,gender,gender,False
4639,"@LucyWalcott @nomuru2d @Bastille1790 I use the term to be the opposite of your ""shady"" source.  What is a non shady source?",2,4,gender,other_cyberbullying,True
4652,"-are tricking men into having sex with them, and thus are gay male psychopathic perverts that are pretending to be women so they can basically rape people. It's a pretty fucked term if you think about it. And jokes that spread this message can reinforce this belief",2,2,gender,gender,False
4665,"i have been bullied for as long as i can remember for my looks, the way i dress, my makeup...i refuse to take it anymore!",2,4,gender,other_cyberbullying,True
4666,"It's not a joke. The same reasoning should apply. That's why this 'gay' fights for the right of Christians to refuse catering gay weddings. Forcing individuals to perform services at gunpoint is not freedom, it's [economic] rape.",2,2,gender,gender,False
4677,"I make jokes about rape, abuse, gay bashing and a ton of stuff that have directly effected me.Am I being an asshole then too?",2,2,gender,gender,False
4678,Rape-jokes-are-funny twitter Whiny-gay-white-men twitter TERF twitter Boy-band-stans twitter Cats-obvi-better-than-dogs-don't-@-me twitter,2,5,gender,religion,True
4682,"I don’t know who this Vic guy is. I keep seeing him pop up. I’m going to have to research. BUT that in no way excuses gay slurs, rape jokes, and pedo jokes! #NotFuni",2,2,gender,gender,False
4694,Literally what is wrong with you @RepTedYoho ? Why would you get into politics if you’re just going to be immature and call your female colleagues bitches? Why? WHy? WHY???? Whyyuaisusjsjakshdhsksjskxjsj,2,2,gender,gender,False
4695,"@sanchezzii there's difference between being humorous &amp; being sick gay, rape, child molestation, and abuse jokes are funny.. just saying lol",2,2,gender,gender,False
4696,@HouseGOP @HouseDemocrats censure @RepTedYoho. We are tired of the disrespect so freely shown to women by men who think they hold all of the power. Go back to being a Veterinarian where it’s appropriate to call a female a bitch. #SomebodysDaughter,2,2,gender,gender,False
4697,"All G: It's b/c I is black isn't it? Borat: my wife (who's also my sister; us middle easterners amirite?) Bruno: *sexually coming onto every man b/c all gay men have no indiscretion when it comes to sex* Also the habitual sexism, rape jokes &amp; all that is always good for a larf",2,2,gender,gender,False
4700,"RT @CHRisNOBODY: I'm not sexist, but sometimes I look at a female and ponder if I'd offer a goat and full sack of potatoes for her hand, in…",2,2,gender,gender,False
4707,@CapnCocoCharms i'd be fine with leaving it as a sort of guilty pleasure but then it put in those gay rape jokes and now it tastes nasty,2,2,gender,gender,False
4708,"Rape is not a fucking joke. Neither is self injury, or eating disorders, or being gay. I don't give a fuck who you THINK you are. Not funny.",2,2,gender,gender,False
4715,"okay go ask one of your gay friends how much fun it is when ""allies"" joke about us being sexual predators personally it's my second favorite, right after the prison rape jokes!!",2,2,gender,gender,False
4734,"RT @Cjalred: And don't you dare call me sexist for generalizing women. If I had a dollar for every time I heard a woman say ""men are all th…",2,2,gender,gender,False
4735,Celina is a elephant and her people have finally come #mkr,2,3,gender,not_cyberbullying,True
4736,@TURBOCUNT but I mostly get litas and their old black milk line,2,4,gender,other_cyberbullying,True
4737,You don’t call a female a bitch but y’all not disrespectful..... right,2,2,gender,gender,False
4742,"I mean, we could call the entitled bitches, but then we’d be hurting my female dogs feelings. She’s a good dog.",2,2,gender,gender,False
4747,"It’s neat how libs are getting exposed by an old, done man verbally accosting a sitting us congresswoman in public like an unhinged dullard. Name a job you can call a young, female coworker you barely know a “fucking bitch” and not get fired?",2,2,gender,gender,False
4748,I'm. I'm not gay and I don't rape women or make rape jokes. Don't project your sickness,2,2,gender,gender,False
4757,"I don't stats for straight male fear of gay rape. But prison rape jokes suggest a certain ubiquity. As for the other part, rates of sexual assault against women are appallingly high and frequently dismissed by the dominant culture. So its correlation. But a strong one, I think.",2,2,gender,gender,False
4758,Rape isn’t funny I don’t think you’ll ever find friends or get a wife if you find that funny! And If you say calm down it’s just a joke tell that to all the gays who were raped and murdered by Stephen Port,2,2,gender,gender,False
4759,"You can be gay and a Muslim. Like people lie and cheat and steal and drink and smoke and do drugs and dance but are still Muslim. Your sins do not define who you believe in or the faith you have in your heart. Also stfu making rape ""jokes"" is not funny.",2,2,gender,gender,False
4761,LIKEWISE @Reni__Rinse who's f****N dumb idea was it to change Thor to a girl? i hope you burn in hell! #NotSexist,2,4,gender,other_cyberbullying,True
4763,"To all the people who complain about how we can't have a female president because then what would you call her husband: I hear you, which is why the first female president is gonna be gay",2,2,gender,gender,False
4778,Rape by a juvenile: 3 years sentence. Gay sex: Life imprisonment. Our judicial system is a big joke!,2,2,gender,gender,False
4780,"{Things some people seem to forget} •Rape=bad •Gay is not an insult •Words hurt •Depression is not a joke •Things cannot look like a sexuality •Do not insult people for something they can’t help (looks,voice,height) Thank you",2,2,gender,gender,False
4785,@sh00ter_d ...or what I say.  Or what I do.  Or what I think.  Or what I know...,2,4,gender,other_cyberbullying,True
4786,"Isn't this a trope in, like, every teen movie, ever? Self-centred minor male character with inflated ego doesn't get the reaction he wants from strong female one, so he calls her a bitch as he walks away?",2,2,gender,gender,False
4788,I'm sure by banning them they will learn very quickly that we don't like sexist racist bigots that kill gays and rape victims,2,2,gender,gender,False
4799,You're a dumb asshole. @jamiecowan92 I'm no sexist btw cause I'd punch a woman to show that she's equal #equality,2,2,gender,gender,False
4805,RT @EBeisner @ahall012 I agree with you!! I would rather brush my teeth with sandpaper then watch football with a girl!!,2,2,gender,gender,False
4808,you bitches will really call a female ugly just cause y’all don’t like her ...hater shit,2,2,gender,gender,False
4810,"Watching edgy atheist on YouTube complain about how things like women can't be comedians has never read a super raunchy gay fantasy by a woman. Rape ain't a joke, but it opens a number of holes to be filled in with love. Unless of course its a slasher fic then it kills that joke.",2,2,gender,gender,False
4816,#MKR REALLY WISH KAT WOULD JUST GO TO SUDDEN DEATH FULL STOP.,2,3,gender,not_cyberbullying,True
4819,@BlackOpal80 ...as soon as you follow enough known anti-feminists their block list activates and blocks you.  Possible she is unaware of me.,2,4,gender,other_cyberbullying,True
4823,"Look, Schneider, we grasp the nature of your attitude toward females, women, when you call one a ""bitch"". You tipped us off to your hatred of females, women.",2,2,gender,gender,False
4825,"yeah so annoying how they're doing their jobs @Dean_Carr Call me sexist but woman football commentators annoy me so much, they never shut up",2,2,gender,gender,False
4830,"I guess it's just me, but seeing incredibly talented actors making rape jokes and dated stereotypical gay jokes just not funny. #vicious",2,2,gender,gender,False
4834,"It's just like when females call each other ""bitch"" ...it's a reclaimed word ...but if a man calls them a bitch ..it's offensive...you don't get to use a word just to fit in. That's not how this works...it will be an offensive word to black people if you are white using it",2,2,gender,gender,False
4837,"@howmariefeels I think he's trolling, actually...",2,4,gender,other_cyberbullying,True
4841,One of my mates has come to crash at mine... Cos the hostel is breaking him down... He got HIV in prison... He is straight. As a reformed gay homeless hooker he dear to me You know fuck about the realities of life. If you make gay rape prison jokes You are a fucking prat.,2,2,gender,gender,False
4851,"Hey, Nick, do you want to share how you feel about having an African American as President? Or how you feel about minorities in general? How do you feel about white supramacy? Pro or con? How about gays? Also, is it OK to joke about rape? I'm all ears.",2,2,gender,gender,False
4859,"I’ve literally said that theyre big weirdos, anyone that makes rape jokes I’ll unfollo them and your correct it does reinforce rape culture, same race jokes reinforce racism, gay jokes reinforce homophobia. if I say a joke about killing people it doesn’t mean I’m capable of it",2,2,gender,gender,False
4862,so we today we got harassed by this guy bc we like 5sos and he made a rape joke and gay slur FUCK OFF,2,2,gender,gender,False
4865, cancel that bitch like Nino ,2,4,gender,other_cyberbullying,True
4866,#Kat is proof that the majority of the #MKR producers must be from WA. She is one truly awful human ... not as bad as #Thopia though!,2,2,gender,gender,False
4867,"Specifically, I think it's wrong when we talk about unacceptable humor that we talk about ""gay jokes"" or ""rape jokes"" or ""trans jokes""",2,2,gender,gender,False
4869,You're just to slow to catch on I answered it. Yet I'll make it clear. Any person who thinks stereotyping anyone I have no issues making a joke about them getting the worse type of thing to them. You had no right to tie ass rape to being gay. Being Rape isnt a community of people,2,2,gender,gender,False
4874,"Duterte last week publicly called the ambassador gay and annoying for condemning Duterte's rape ""joke"" during campaign season.",2,2,gender,gender,False
4878,"Being gay doesn't make it okay to tell a girl you're gonna rape her 'as a joke'. Rape has never been about sex, but about power.",2,2,gender,gender,False
4883,RT @gater_ebooks: Is it true that if women ran the world we'd all still be living in echo chambers.,2,3,gender,not_cyberbullying,True
4891,"Huh? Normal ppl don’t call coworkers fucking bitch. Where do you work that you think anyone make or female should accept. Hmm. Looks like there were lots of witnesses. So instead of going with his I didn’t say that response, you believe she should just take it like a man?",2,2,gender,gender,False
4892,"Okay, It really rubs me the wrong way when females try to call me girl or sis. Bitch stop playing with me. This not that.",2,2,gender,gender,False
4894,"Prison rape jokes are still rape jokes. Ridiculous death threats are still death threats. Making fun of a powerful person by calling them gay, fat, or disabled is still punching down. Insulting someone and saying ""just joking"" is still an insult. This shit isn't hard.",2,2,gender,gender,False
4904,@evyncollins just because you were abused and you're gay does not give you the right to make jokes about rape,2,2,gender,gender,False
4910,"Something can both be a joke and also handled really poorly, also please stop pretending as if there's no obvious stereotyping going on when gay men in these games are largely relegated to being horrific rape golems, it's very obviously a play on old gay panic stereotypes",2,2,gender,gender,False
4911,#TweetLikeALocal obama and gays are disgusting and feminism and rape are things we should joke about and not take seriously,2,2,gender,gender,False
4916,"&amp; people be thinking it’s cause I’m mean, nah I just see the fake shit bitches do &amp; im very careful about who I let in my life bc I’ve learned my lesson from the females I used to call my “friend”",2,2,gender,gender,False
4920,@RaniaKhalek @MaxBlumenthal Except that there was no such sexual torture and she is a lying bitch.,2,2,gender,gender,False
4927,No you're not a feminist. You're a FEMINAZI.,2,2,gender,gender,False
4935,14 seconds in a female White House press core call Press Sec a “lying bitch” on live TV. We have lost all decorum. We have lost professionalism. We have lost our sense of personal control. And nothing will happen to this reporter. Nothing. Because the war against us has no rules,2,2,gender,gender,False
4939,How nasty is Kat. What a bitch #mkr,2,2,gender,gender,False
4946,"Now that's some crazy shit right there....Don't get caught up like some other famous athletes in the past (who shall remain nameless). Tupac rapped about females like her back in the day. ""Wonder Why They Call U Bitch""",2,2,gender,gender,False
4956,@xoBethGreene is this a joke? Ben's gay and Randall would rape you in no time flat. Beth and Jimmy all the way.,2,2,gender,gender,False
4957,"Again, you don't know what he's called other men. Asshole. Dick. Moron. Etc. A the same as calling a woman a bitch. Here you are hiding behind gender as well. A man can't call a woman a name because she's a female?",2,2,gender,gender,False
4960,@SleepyJirachi I heard he used to make gay and rape jokes. Don't know if he still does that.,2,2,gender,gender,False
4982,Socialists will never succeed because they hate their country & don’t understand that a man just has to call his female colleague “a fucking bitch” sometimes.,2,2,gender,gender,False
4983,"Your black, rape, ableist, and gay jokes aren't funny. They just tell me more about who you are then anything else.",2,2,gender,gender,False
4987,& Carroll was literally a joke she was actually flirting w/the elite gay Anderson Cooper &amp;said rape was a fantasy. That they were in a dress room at a top department store W/ camera where someone was posted at the entrance she was obviously disturbed but that,2,2,gender,gender,False
4989,In what workplace in the country are you allowed to call a female coworker a “fucking bitch”?,2,2,gender,gender,False
4993, bitch who do you love ,2,2,gender,gender,False
4995,Watching a documentary about feminism/sexism/misogyny. Wonder if there are any gay male comedians doing rape jokes about young men?,2,2,gender,gender,False
4999,like they just make sudden offensive jokes about gay people and joke about rape like it's not a big deal,2,2,gender,gender,False
5019,"For having a job — specifically for being the only female reporter on staff. One time a guy called me just to call me a bitch for working at a newspaper. This was pre social media so he had to get a copy of the paper, look my name up, and call me from a phone.",2,2,gender,gender,False
5026,"females that like to be referred to as a “bad bitch” are weird to me. like i’m not “bad” or a “bitch”. call me cute, sweet, &amp; beautiful pls.",2,2,gender,gender,False
5032,"And if it just happened to be women doing the abuse, would we be sexist for calling it out? If it were gay people doing the abuse, would we be homophobic for calling it out? Etc, etc. Like it or not, these child rape gangs are predominantly made up of Pakistani Muslim men ???",2,2,gender,gender,False
5038,"calling someone out for rape is not the same as ""canceling"" Kevin Hart because he told a gay joke 10 years ago. you people are mental",2,2,gender,gender,False
5043,@raininblack personally I am just glad when they use the actual word and not feminazi,2,4,gender,other_cyberbullying,True
5044,You should ask any gay men you know to post on his time line something to the effect “ in the spirit of banter - I’m a gay man with a fondness for chubsters and I wouldn’t even rape you with a 10inch strap on” see if he appreciates the joke - my guess is not,2,2,gender,gender,False
5056,Apologies for making a joke out of everything #nazi #rape #death #noose #gay #sex #teen #life #school #threesome #boys #drugs #vodka #scream,2,2,gender,gender,False
5066,RT @colonelkickhead: The menus look like they were made by a 5 year old little girl...in this case just the mental age of a 5 year old girl…,2,2,gender,gender,False
5069,Piss off Kat with that stupid smile on your face #MKR,2,3,gender,not_cyberbullying,True
5070,"“@disrespectniall: you all complain about small problems like being gay, gay is a sin get over it. Rape is a joke too” UR SICK FIND HELP",2,2,gender,gender,False
5074,rape is not a joke and gay is not an insult when will people get that through their thick skulls,2,2,gender,gender,False
5079,"I read a bit of the controversial novel that gave rm vicarious satisfaction & I’m appalled. It was all explicit violent rape &amp; extreme misogyny. But people only care about the gay sex “namjoon gay” jokes when this book is the epitome of horrific violence, abuse &amp; rape of women.",2,2,gender,gender,False
5080,"I don't love rape jokes in my comics, you know? And I don't love X-Monkeys raping superheroes. And I don't love the ""haha! GAY!"" joke of the jock getting sodomized by the super-sex monkey. And I don't love ""haha! The SLUT with STDS gets molested by Prof [Monkey] X!""",2,2,gender,gender,False
5091,"Poor straight white men. First, we came for the lynchings, then the marital rape, then the gay-bashing. Then we came for their racist jokes &amp; their gay jokes. It was coming for the rape jokes that really sent them over the edge.",2,2,gender,gender,False
5097,@RINMAKlS hes a gross character built on gross gay stereotypes and treats prison rape like its a joke and it's just. disgusting,2,2,gender,gender,False
5100,"I generally had fun, but my graduating class was a total anomaly of decent people. Not very cliquey, no bullying (that anyone let slide). But, the 2000s in general? The humor was almost purely: slut shaming, trans jokes, gay jokes, rape jokes. Watch comedy from the time &amp; cringe",2,2,gender,gender,False
5107,"how to get unfollowed: use the words ""faggot"" and/or ""retard"", say something is ""so gay"", make a rape joke",2,2,gender,gender,False
5112,RT @rgay: So you are actually complimenting someone when you refer to them as a vagina or as having a vagina.,2,2,gender,gender,False
5113,Oh wait...you're the guy with the poorly doctored video to prove why it's okay to call a female congresswoman a fucking bitch. Is that the life I need to get?,2,2,gender,gender,False
5115,"@BlackOpal80 ...I learned that doing so made me a ""misogynist"".",2,3,gender,not_cyberbullying,True
5126,"We get it Tosh, gay joke, gay joke, gay joke, rape joke, gay joke, male gay rape joke and repeat. :P way to repeat your bit over and over.",2,2,gender,gender,False
5128,just a lil reference of people who think statutory rape and gay jokes are just HILARIOUS!!,2,2,gender,gender,False
5138,"Sick of all this bullshit around AOC. I call my buddies fuckin bitches all the time. I, in no way, mean it as a derogatory way against females. It's meant as a derogatory term against the buddy I'm callin a fuckin bitch. We gotta stop feeling fake outrage with shit like this.",2,2,gender,gender,False
5146,Shout out to all the people -who think homicide is cool -who think being gay is a choice -who appreciate rape jokes YOU'RE MORONS,2,2,gender,gender,False
5158,"Careful with Rocket, a violent felon. He'll claim to respect women and defend them, but he calls other females bitches, and other profanity. Be careful what you believe with Rocket. Stay safe",2,2,gender,gender,False
5160,"The you in this is plural, when major voices like @virgiltexas Are making gay rape jokes and the new Yorker is publishing stories about Pete being ""not gay enough"" you know that there's a problem These are the people and the takes that are being called homophobic en masse",2,2,gender,gender,False
5166,"I don't like people making what they call ""gay"" jokes and using real life issues/trauma such as rape and molestation in the process",2,2,gender,gender,False
5185,whole group of people call me a rat and a bitch yet y’all will be body shaming other females and talking shit behind closed doors and deny it. That’s crazy cuz at least I own up to the fact I hate you,2,2,gender,gender,False
5188,If i was gay i would make rape jokes soo much to where they can't say none cause i been in prison,2,2,gender,gender,False
5189,weight jokes are not funny. rape jokes are not funny. gay jokes are not funny. being mean isn't funny.,2,2,gender,gender,False
5195,UAC Military Nightmare was basically a masterpiece of shit that started the whole trend of the despised “Terry Trap” WADs. It’s even regaurded as one of the worst mods of all time because it’s completely unplayable and filled with gay sex and rape jokes.,2,2,gender,gender,False
5197,@jaketapper NOBODY regardless of their gender or orientation likes to be raped. Never mind your political bias. Shame on you for a cheap joke inferring Mr Stone might be gay and therefore might enjoy prison rape. I hope it was worth the snickers.,2,2,gender,gender,False
5198,"Also some manly/player shit for the men... don’t be afraid to call a girl/woman/female a bitch around your girl cause 9 times outta 10 if you never said it to her or directed it to her, she gon realize you do not fuck with her and it’s appeasing. Don’t be an appeaser tho.",2,2,gender,gender,False
5201,Oh ok we did not here you call her a lying bitch.. ok we just made that up hey? Our ears are what malfunctioning? Nice try there female reporter.. but you most certainly did.,2,2,gender,gender,False
5204,Some jokes require an apology in my opinion. Beating gay children is one example for me. Is there anything that offends you? Jokes about your race? Your religion? Your appearance? Rape? Incest? I mean we each decide where we draw the line. Beating gay children is a line for me.,2,2,gender,gender,False
5206,"No. It’s being used to call them gay, like boys a certain age do to their frenemies. It’s like a prison rape joke.",2,2,gender,gender,False
5209,"It wasn't a funny ""joke"" to make some people already think lesbians choose to be gay &amp; that corrective rape will make them straight though. You'd never dare say that about gay men even as a ""joke"" just because you pretended to be pansexual to boost you fan base",2,2,gender,gender,False
5212,@Furious_Mulatto If you want to talk about buzzterms then Feminazi is one that's used more to decry any attempt to promote women in society,2,2,gender,gender,False
5228,"since when being SO HARD is the new norm for females i still act shy, don’t do nun but smile.. i don’t call dudes “bitch ass niggas” &amp; IM DEFINITELY NOT FIGHTING YOU EITHER!! i’m not stuck up &amp; naive either but i’m good on being the next THUG MISSES",2,2,gender,gender,False
5232,"oooh sis do i have news for you!! he used gay as an insult, made a rape joke, emotionally abused his ex gf, and is supposedly even more homophobic than the whole gay insult thing (but i’m still not sure if those receipts are real",2,2,gender,gender,False
5233,Not in the workplace. How about you? You seem to have a problem with this set of circumstances in where a man felt it appropriate to call a female co-worker a fucking bitch. I guess you don't know better.,2,2,gender,gender,False
5235,also I wish I had the guts to call people out on their stupid insensitive rape jokes and using 'gay' as an insuLT I WILL STAB YOU,2,2,gender,gender,False
5236,"I think male rape especially is just seen as 'gay' or 'a joke' when rape is just the same, whether it be a male or female victim. Sadly you wont change people for being what they are, even in 2018.",2,2,gender,gender,False
5237,"Is anyone else disturbed that a fair number of people (journos) seem to think that making a gay prison rape joke is okay if it's about someone they hate like Roger Stone? Nope, it's actually not okay - it's repulsive",2,2,gender,gender,False
5239,"I wish Bill Hicks had lived so he could still make hilarious observations, but would've cut the gay and rape jokes by now.",2,2,gender,gender,False
5240,people caring more about a date rape joke than an actual pedophile rapist purely because he's gay lmao ok you really care sure.,2,2,gender,gender,False
5247,I saw a screen shot from a gay porno... maybe thats what you consider “a rape joke?”,2,2,gender,gender,False
5248,Same. I feel ashamed and honestly sick of it. I feel fucked on all sides for ever supporting him. Like all his content demeaned the hell out of me. The pedophilia/racism/gay/rape jokes. Some people checked off all those boxes and his behavior hasn’t stopped you just have to look,2,2,gender,gender,False
5249,"Oh, yeah, the ol' ""dropped the soap"" joke. So original, so entirely not homophobic. So full of ""yeah, locker rooms are full of gay guys wanting to rape straight guys"". Yeah.",2,2,gender,gender,False
5254, is that ya bitch ,2,2,gender,gender,False
5258,"We are all too aware, yes. Violent gay jokes aren’t jokes at all. They’re confessions of bigotry being sold to the public as shock humor. Straight people think it’s just a time for some elbow jabs. We know casual homophobia leads to rape, assault/battery, and murder.",2,2,gender,gender,False
5265,"When her hands get sore, she finds another way to get the job done... #MKR",2,3,gender,not_cyberbullying,True
5268,RT @Alex_Gon1 Call me sexist or whatever...but I do not like female play by play announcers for football. Just doesn't work for me.,2,2,gender,gender,False
5269,@cervixseasoning Just a joke. I thought gay rape was still cool around here.,2,2,gender,gender,False
5277,"@Superjutah A lot of MRA's are gay, actually.  They see how feminism merely uses them.",2,2,gender,gender,False
5284,Nothing you have posted links rape and murder - to jokes. Give it a rest. The world is filled with horrific generalisations - bigotry and sexism - its all you are peddling. Go away. Muslims are not responsible for Islamic terrorism. You're not smarter - you're just confused.,2,5,gender,religion,True
5285,Only person i enjoy drinking with is @adrinizzle. Lol havent found another female who will take a shot EVERYSINGLE TIME i call a round of shots. I hate a omg noooo wait i just took one. Aht ahtttt shut yo bitch ass up.,2,2,gender,gender,False
5290,"she’s hating jlaw as if she hasn’t apologized and shown great development and growth in the past years. she’s cancelling a person who learned the hard way but continued to educate herself, yet is okay with stanning a man who has made gay and rape jokes.. the hypocrisy",2,2,gender,gender,False
5291,"actually said was death threats, misgendering, and making fun of her appearance/making dysphoric comments, and even threatening rape, that response is the exact reason why she is allowed to joke about something like that. if gay men didn’t go out of their way to ruin trans -",2,2,gender,gender,False
5293,That Moment When A Female Call You A #Coon .. With A Head Full Of Fμ©k¡N #Weave 󾌭󾌭󾌭,2,2,gender,gender,False
5295,"Code for gay=pedophile. More like priest=pedophile. Here's a joke for u: ""what the collective noun for a group of priests?...pedophiles!"" Bum (sick) tush (sic). @Pontifex #auspol #Priest #rape",2,2,gender,gender,False
5309,Yesterday I tried to watch Dave Chappell’s show. I got 15 minutes in and was sick of it! Rape is tasteless to joke about. Mocking a victim is disgusting. Mocking transgender &amp; gay people is disgusting. Being a comedian does not give you the right to shame victims! #offensive,2,2,gender,gender,False
5311,"#Roseanne is a standup comic. If any of those comics make jokes about violence toward gays, or children, or Blacks or women then I object loudly! Do you? If they make a joke about the rape of a Black woman do you laugh out loud? Who's the #Hypocrite ?",2,2,gender,gender,False
5313,"@walkertxkristen But you're right, let's continue to joke about rape, equate being gay with being bad, make light of drug addiction...",2,2,gender,gender,False
5319,"@RealTrumpsFeels ...whereas, prostitution is the same job for same audience* (for most part) AKA making one guy cum.",2,4,gender,other_cyberbullying,True
5324,"RT @Arsenick3 I'm not sexist, I follow some very well informed and knowledgeable female fans but the comment was daft!",2,2,gender,gender,False
5328,prison rape jokes also reinforce stereotypes that gay men &amp; black men (the majority of the prison population) are sexually predatory,2,2,gender,gender,False
5334,Your sausage was a little bit short bet Colin's been told that before #MKR,2,3,gender,not_cyberbullying,True
5337,"Ted Yoho should be shamed into resigning. Imagine any other job where you could confront your female coworker at the office, call her a “fucking bitch,” and stay on at that job. Absurd. He doesn’t believe in the legitimacy of her power or position because she is a young WOC",2,2,gender,gender,False
5339,And Laugh Factory for the gay and rape jokes...,2,2,gender,gender,False
5365,I hate this woman. Rich elitist. Just because you're gay doesn't mean you get to use oppressive gay jokes as humor. There is also a shit ton of rape in prison. So fuck off @TheEllenShow I used to look up to you as an LGBT leader. Now you are as bad as Caitlin. Enjoy your mansion,2,2,gender,gender,False
5373,First a rape joke and now I'm gonna be one of those sad single 40 year old gay guys? How fucking rude. I love my sister.,2,2,gender,gender,False
5380,"I'm a white nationalist that hates gays apparently. Who knewwwww I'll give him that one on the rape joke though, it's too far and I'm working to better myself on that subject still. But seriously, me? A white nationalist? The fuck is this kid smoking?",2,2,gender,gender,False
5382,"The left can joke about rape, gays, be anti white misogynistic everyone else can't they live by their own set of rules in a twisted reality",2,2,gender,gender,False
5383,And that's sexist rape culture is a myth stop hating on men for having a penis and testosterone and for the fact you look like one and any man with you will be seen as gay.,2,2,gender,gender,False
5388,"Yes, let's tell rape jokes, that's an excellent way to help eradicate homophobia. Also, JFC, can we knock it off with the ""drunk gay"" jokes?",2,2,gender,gender,False
5396,"@sureashale @beaconchills My point is that it is not a rape joke. Jesus, you people are thick. It's a gay sex joke involving extreme bdsm",2,2,gender,gender,False
5398,Eating next to feminazi's &lt; eating next to anything else in the world,2,3,gender,not_cyberbullying,True
5405,Am I the only nigga who hates when females call them by they government name...bitch my name Ant.,2,2,gender,gender,False
5408,Im was raped when i was a kid by an older woman an i find rape jokes not only funny but helpful Im a persian and i find racist jokes funny My best friend is a gay man and he also find lgbt jokes funny,2,2,gender,gender,False
5411,Does not being able to laugh at rape and/or gay jokes make me uptight? That's fine. I prefer being uptight over blatantly ignorant.,2,2,gender,gender,False
5414,"#MarriageEquality for ""Gay Marriage"" Is a Joke. Is Rape Equality Next? Pedophilia Equality? Bestiality Equality? #KimDavis Is Right #Truth",2,2,gender,gender,False
5416,RT @Marshall_SS: Call me sexist but if a song is sung by a girl there is a 94% chance I'm going to hate it.,2,2,gender,gender,False
5418,"this is sexist., at many levels. and somewhat disconcerting. being homosexual cannot be a reason for ruling out rape charges. neither can use of ""gay"" as a couched sexist slur be acceptable",2,2,gender,gender,False
5419,How is it Rugby can terminate the contract of a player for offence comments about gay people yet we can’t exclude candidates from elections for offensive ‘jokes’ about rape?,2,2,gender,gender,False
5427,"A comedian made a joke about bad hygiene, being gay, and prison rape. Big deal. I'm ambivalent about Ellen, but she made me laugh. The only reason why she's getting dragged through the mud here is because with everyone home, there is nothing to report on other than Covid.",2,2,gender,gender,False
5433,"unfollow me if you: are racist, homophobic transphobic xenophobic don't take mental health seriously joke about rape support trump say the n-word if you aren't black saying faggot if you aren't gay don't support equal rights using the word retarded as an insult/slur thank you.",2,2,gender,gender,False
5434,His god allows him to call a female colleague a fucking bitch? Maybe in the Old Testament....,2,2,gender,gender,False
5438,its melting because you didnt put it in the freezer before you served it you dumb skank! #MKR,2,3,gender,not_cyberbullying,True
5442,"Oh Kat,KARMA bit you in the ASS! #MKR",2,2,gender,gender,False
5444,Oh shock face from Kat....really???!??! #MKR,2,2,gender,gender,False
5446,#MKR that wiped that horrible smile off Kat's face!!!!,2,2,gender,gender,False
5456,@sampepper WHEN YA MAKING THAT VLOG ABOUT U BEING GAY.Once no more rape jokes I told Ya lad just tell them YOU LOVE CATCHING YOU DONT PITCH,2,2,gender,gender,False
5457,"@bobandtom Whenever I hear a prison rape joke , I know that person is thinking about their own gay rape fantasies.",2,2,gender,gender,False
5459,"I don't want to mislead anyone into thinking I'm okay with rape jokes, gay jokes, any shit of that nature. I want to be clear: Fuck that.",2,2,gender,gender,False
5462,"@CyanDvai FTR, I don't just mean Democrat by ""liberal"" but a specific breed...",2,4,gender,other_cyberbullying,True
5473,Is that a gay or a rape joke?,2,2,gender,gender,False
5474,"Jordan Green is also an all-round dickhead who's tweeted slurs against gay people, transgender people, women, black people, and has made rape jokes. I don't care if it was ""a long time ago"" he was an adult. He needs to be held accountable.",2,2,gender,gender,False
5484,WOW TOP SHELF HUMOR @arabdizzle What's the point in having a cleaning lady when I have a mom and a sister? #NotSexist,2,3,gender,not_cyberbullying,True
5487,"That's crazy insensitive, especially now as it's a terrifying time to be locked up. We think they don't give give af about our health out here, imagine being caged up in forced labour with all this. And that gay joke even more stupid considering much of prison sex is rape.",2,2,gender,gender,False
5491,These girls need to go. Their vanity is making me ill. Very unattractive #mkr,2,3,gender,not_cyberbullying,True
5495,"Too bad the gay community felt the need to make rape jokes about Kesha and then belittle her success. Not a cute look, @sidetrackbar.",2,2,gender,gender,False
5501,"Good lord. A sitting member of congress called her a ""fucking bitch"" in public and she's supposed to just take it? You know they do that to other female democrats as well. You know they've ALWAYS done it. I wouldn't call that an ""attention grab.""",2,2,gender,gender,False
5506,"So that means when someone calls your mother or your sister or your daughter a fucking bitch, “ female dog“. It’s all right! Because they’re just telling the truth.",2,2,gender,gender,False
5507,"@susanhaggard1 @sara771987 Telling him to get back in the truck might be a crime, but...along the lines of conspiracy or inciting a riot.",2,4,gender,other_cyberbullying,True
5509,RT @brotheryellow: but a girl doesnt run as fast as a boy #LikeAGirl so focus on what she can do. like get pregnant and glorify motherhood …,2,2,gender,gender,False
5511,"Wolves? It's just very coincidental. Too much so to not at least be an inside joke but my life isn't a joke. Reminds me about that gay rape speech being called ""sarcasm"" by some gays.",2,2,gender,gender,False
5526,Yet here you are laughing at the plight of women and gay ppl an opinion doesn’t have to be stated to see what type of person you are. You laugh at rape jokes on twitter.,2,2,gender,gender,False
5528,"calling himself gay is the thing that bothers me the least. rape jokes, sexist comments, amongst other things... (still saying he's gay bc he has gay friends is p dumb sorry darren u have a nice voice and you are my mental image of harry potter but damn)",2,2,gender,gender,False
5532,"I dnt care enuff to even call another female's name tbh, and I dnt normally gaf about any1 from the past anyway, never had to. However, if mi nuh like a gal, I'm gonna refer to her as exactly that, ""gal"" or simply, ""bitch"", and yuh cyaa correct mi needa",2,2,gender,gender,False
5540,What do you like best about him? Pro-torture? Rape jokes? Preferring his son die than be gay? Overtly lamenting the previous end of dictatorship there? Promising to increase extra-judicial killing? Pulling protections from native people? Death blow to rain forest?,2,2,gender,gender,False
5542,Didnt understand why girls didnt like me and started blaming them for it Thought being gay was unnatural and didnt support it Said if Hillary is the nominee then vote Trump Thought the corner stone of feminist thought revolved around the friendzone and rape jokes Could go on,2,2,gender,gender,False
5545,"Please don't refer to us women as females. Ur not allowed to say it doesn't affect us, cause it fucking does which affects u, and by that I mean some woman is probably gonna bitch slap u or punch u in the face if u call her a female. It's disgustingly degrading. So stfu",2,2,gender,gender,False
5550,HAHA WHAT @AbeAmas Call me sexist but I still don't like how the main character of legend of korra is a woman. It just doesn't feel right.,2,2,gender,gender,False
5552,"The difference is pedophilia is an action. Being a racist or not liking gays is an emotion or state of thought. There is a big difference. Pedophilia is rape, and also entails mental, emotional, &amp; physical abuse. its also not OK to joke about killing gays or blacks or whoever",2,2,gender,gender,False
5560,Y'all made one point more... Calm your tits #MKR,2,3,gender,not_cyberbullying,True
5562,@amberhasalamb  Separate conversations.  She told a guy concerned about circumcision that he can't get laid.  Exactly what she whined about.,2,4,gender,other_cyberbullying,True
5564,"What a sick joke. We finally have lifelong advocate for civil, gay and workers rights running vs a plagiarist, status quo, Wall St stooge who has a rape allegation against him and Liz won’t pick a side? Just this nonsense? Shame on you.",2,2,gender,gender,False
5566,"Lol I'm mostly making a joke dude, unbunch your panties. Also I don't think gay rape is a part of the experience, but I could be wrong I guess?",2,2,gender,gender,False
5568,"No. Body of a god, but the man made rape jokes (about his GoT character) refused to apologize for them, and then recently was ripping pages out an costarring actresses book as a ""prank"" bc she ""was not paying enough attention to him."" UGH.",2,2,gender,gender,False
5573,"Kat on not winning people's choice: ""I can't believe this! Obviously those campers were voting strategically."" #mkr #delusionalcow",2,2,gender,gender,False
5583,"RT @NikFuq Is it really woman's month?? I'm not sexist, but how come men don't get one??? Some of my bestfriends are woman btw.",2,2,gender,gender,False
5586,Are you for fucking real? @A5madAl I am not sexist but I don't think men and women are equal.,2,2,gender,gender,False
5595,How could straight ppl consent to gay sex? That's not possible. Nice try trying to defend rape jokes tho,2,2,gender,gender,False
5600,Ha if they want Offensive stuff from her they need to watch her old Comedy Central show that's full of jokes that make fun of gay people and mentally challenged people. Oh and had some rape jokes to boot! Or are pedophilia jokes the only jokes that bother anyone now?,2,2,gender,gender,False
5604,"did you call me a bitch? well a bitch is a female dog, a dog barks, bark is from trees, trees is a part of nature, and nature is beautiful, so thank you for the compliment!",2,2,gender,gender,False
5607,I like to think that nigga was just in a cocoon with rape jokes and 666 written all on it and now he's the gay jazz butterfly he wanted to be,2,2,gender,gender,False
5608,"I had originally created a tinder to find some female friends, but y’all bitches weird",2,2,gender,gender,False
5610,I go to their blog and it's nothing but piles of misogynistic rape culture supporting jokes and cracks about black people and gay people,2,2,gender,gender,False
5626,The show jokes about: -rape -domestic abuse -suicide -roadkill And people get mad at gay jokes? are you kidding me?,2,2,gender,gender,False
5635,66-you're the ultimate feminazi but other than that you're pretty cool. Even if you do fight with me over every other tweet 😄,2,4,gender,other_cyberbullying,True
5636,"So the kids in my area think it's amusing to make rape jokes, tell people to kill themselves, and label anything 'gay' just because they don't like it. They're like... ten.",2,2,gender,gender,False
5639,"So she makes a joke about everyone being gay, when in reality a lot of it is rape and sexual assault. Then she makes a joke about being in jail, like her 10,000+ sq foot home isnt the size of a full prison that she has full access too, no barriers to keep her locked in....",2,2,gender,gender,False
5641,"Nah don't joke about rape, killing people and multiple other things that intentionally are known to upset others. That's saved for the lack luster end of the road comedians like Kevin Heart who bashed gays but then acted like it was cool with Nas X while being a smart ass.",2,2,gender,gender,False
5643,"Ok fair enough, 'T&RF' is only EVER used for ppl who challenge misogyny & homophobia (& anti-safeguarding) like these examples, ie a slur. NEVER, EVER for its supposed acronym. So ppl using the acronym excuse is like when boys go ""'bitch' is a female dog so I can call you it'.",2,2,gender,gender,False
5645,1/2 Rape isn’t funny. You know what is? That the crazy old men who joke about pretty women and rape are afraid that gay men are lusting after them. A: What if a gay man tries to have sex with me? B: Now you know how you make women feel.,2,2,gender,gender,False
5647,"I have to much respect for woman, gay people, children and animal/human rights to not classify myself as islamophobic. If you can't take a joke don't live in the civilized world. Your people threaten to rape and kill all people who do not believe in your evil islam and we joke.",2,2,gender,gender,False
5652,"Exactly!!! It's no commitment!!!!!!she just said something as a joke. ""Fuck that! Take drugs, rape sluts Make fun of gay clubs, men who wear make-up Get aware, wake up, get a sense of humor"". Yes it's gross n wrong..I commented to stop on that post!but you can't just shame her",2,2,gender,gender,False
5654,"So you're telling me that at work you call your female coworkers bitch? Get real dude, any workplace where that happens would result in a firing or close to it",2,2,gender,gender,False
5657,"@MDeSabato a gay joke? Are you twelve? Listen side burns, I dont have time to fry your ass all night. Rape isnt funny in any sence. Grow up",2,2,gender,gender,False
5660,"the fact that Jack is dating a girl who uses “gay” as an insult, makes rape jokes and uses the n word really reflects on his personality, if he dates and doesn’t try to educate her then that really says a lot about him, and that is the tea",2,2,gender,gender,False
5662,This asshole is quite the charmer. He makes rape jokes and gay jokes all in one. Ladies you are missing out!,2,2,gender,gender,False
5688,you females really be letting ya man call you they bitch?,2,2,gender,gender,False
5692,Actually prison rape is done forcefully without lube or any preparation for the victim. It’s a violent act of assault meant to injure. Cool that you remember all the great gay sex jokes from the 90s though. Tossing salad is when they lick the bunghole!! classic stuff,2,2,gender,gender,False
5694,All my homegirls know they aren’t to say it around me. But they can say whatever they like when I’m not there. I’ll only call a female a bitch if I truly don’t know her name “that bitch over by park street”,2,2,gender,gender,False
5703,Also: people get angry when you ask them not to use the N-word or tell gay or rape jokes. Because they totez didn't mean it like that.,2,2,gender,gender,False
5716,Oh but the sexist capitalist right wing who want to use religion to bash gays feel unfree. They can’t tell women to shut up about rape. So unfree for them. Free speech for them means others must feel fear.,2,2,gender,gender,False
5720,It’s funny how you call me your brother but then do some grimy ass shit just to impress some female that’s playing and don’t Evan like your bitch ass you a straight ass nigga,2,2,gender,gender,False
5722,@DoctrineDark798 You should be able to save from here...right click or hold down on them and you should get a save option.,2,4,gender,other_cyberbullying,True
5723,"These 2 delusional, narcissistic hostesses on #MKR make me want to vomit my own dinner up.",2,3,gender,not_cyberbullying,True
5725,“i have gay friends so i can’t be homophobic” you can still be homophobic if you have gay friends lmao. also saying i made a rape joke when i absolutely did not. you ship two guys but as soon as it’s two girls you’re like ew no. you’re homophobic.,2,2,gender,gender,False
5731,"If you're to rape someone's facebook or twitter with ""I am gay"" get yourself a joke for dummies book",2,2,gender,gender,False
5734,"Stop making sexual assault jokes, and stop letting people get away with rape jokes because the victim is a man. And while we’re on that, stop coding gay/bi men in film and media as a predator with uncontrollable sexual urges, it’s gross.",2,2,gender,gender,False
5736,"Response options when a male colleague calls a female colleague a ""fucking bitch"" - [stunned and disgusted expression] - Whoa, Ted, not appropriate - What the hell Ted - Seriously Ted what the fuck - Ted, take your things and go home - Ted, security will escort you out",2,2,gender,gender,False
5737,"Ppl are ridiculous. The right person telling the joke, rape jokes are funny, gay jokes are funny, racist jokes are funny, women jokes are funny. Just because someone makes a JOKE doesn’t mean that’s how they feel. Humor is all some ppl got.",2,2,gender,gender,False
5746,"@jamiekilstein hey wasn´t you the guy making gay rape jokes on stage, yet you cried about rape jokes by a fellow comedian recently?",2,2,gender,gender,False
5751,"@HeardFC ""We can't use the n-word and rape drunk women and bash gays? It was a joke don't take things so seriously. We're the real victims.""",2,2,gender,gender,False
5764,"Do all these jokes about eating horse meat give me license to make jokes about war, rape, gay bashing and genocide?",2,2,gender,gender,False
5766,RT @J_Carnivale14: Just saw a girl drive the wrong way on a one way.. Some girls really don't know how to drive. #notsexist #guysdoitbetter,2,2,gender,gender,False
5768,"So I just listened to a guy joke about murder, rape, pedophilia, sexism, racism, lgbt people, uses the ""I have gay friends"" defence, every step of the way making fun of lgbt people the way he sees them all of which is not like most lgbt are, but just would be funny to someone who",2,2,gender,gender,False
5786,YOU DUMBASS IDIOTS YOU DONT HAVE THE RIGHT TO TELL ME HOW I FEEL ABOUT THIS ... ITS MY RELIGION AND I FOUND THAT SO DISRESPECTFUL FOR US MUSLIMS .. I HAVE THE RIGHT TO FEEL THAT WAY SO STFU,5,5,religion,religion,False
5791,"Lastly, I have news for idiots who compare Modi with right wing populists elsewhere. Modi is uniquely despicable. He oversaw a massacre of a minority community and was elected to ""teach Muslims a lesson"". Shame on you and only you. There are no equivalents for Modi.",5,5,religion,religion,False
5793,U r forgetting that a Bharati can say what he likes about #MuslimVirus Era of islamic terrorism is coming to an end,5,5,religion,religion,False
5794,You don't look like a Muslim is actually an insult. It seem like a statement without I'll intentions but it's not. Why don't I look like a muslim? Cause I dress nicely or speak well? Tell me how a 26 years old Muslim man ought to look.. Idiot ni e.,5,5,religion,religion,False
5801,"@mutaSawwif No, it's obvious that who is the target of the weapon that is the issue. Killing terrorists with any kind of weapon is good.",5,4,religion,other_cyberbullying,True
5805,they usually are when you start arguing with logic. funny i critisize islam and muslims everyday i get hate from them then i critisize israel and other places and get hate from them too. after a while u get used to idiots from both sides.,5,5,religion,religion,False
5806,When will he start saying “radical Christians” about those nuts who support him.,5,5,religion,religion,False
5816,Doesn't matter that he belongs to the radical evangelical christian group and is Anti-LGBTQ. And because you eat at Chick-fil-A doesn't mean you support Anti-LGBTQ organizations or their view points. She went as far as to tell me to change stations if I want to. So she really,5,5,religion,religion,False
5820,"Women for Trump I love whenever I'm asked ""how can a Christian woman support Trump?"" First, I like to put things in perspective. I *am* Christian and Democrats believe in killing babies for convenience, so that's a no go right there. But that's just the beginning...",5,5,religion,religion,False
5822,High time for Baluch ppl to stand up and fight for right...what u ppl r facing is ethnic cleansing ...its also islamic terrorism by porki army and their puppet,5,5,religion,religion,False
5823,"The one-state solution won't influence the historical and religious link to the Holy Land. Rather, it affirms that the Holy Land has an equal Islamic and Christian status. Support for one state is hardly a radical proposal.",5,5,religion,religion,False
5839,My uncle really just had me on ft cussing and shit then gone be like look nephew ya granny right here I’m getting beat tf up by that Christian woman when I see her,5,5,religion,religion,False
5841,I don't say it--being a good Christian woman--but you go right on ahead. It will make you feel better!,5,5,religion,religion,False
5845,"And right after that he destroyed America! Great going you bunch of idiots! He was not the first black i office,he was the first Muslim in office and he turned his back on the blacks. Why do you think be chose Biden,a dem known NOT to support blacks,for his running mate?",5,5,religion,religion,False
5851,Yes I can also read write and understand Arabic & Quran that says spread Islamic terrorism that's why you create ISIS and Osama. I don't need to learn about my religion from Islamic terrorists like you. You mind your own religion &amp; don't interfere like a Terrorist into mine,5,5,religion,religion,False
5856,"DO NOT ! Call yourself a Christian if you vote, stand with, or agree with those who support the murder of the unborn. YOU put your soul in jeprody if you do so! Pelosi is a pro-abortion ‘Catholic’? Radical n... https://youtu.be/OOR7upmPG9I via @YouTube",5,5,religion,religion,False
5857,Why don’t we start a discussion here in 2020 were Muslims are selling black men and women as slaves and you woke idiots say nothing!!!!!,5,5,religion,religion,False
5867,"Sir, if a fake image of Kashmir can get worldwide publicity, then why not a real one. Everyone should see the real face of Islamic terrorism. U need introspection. Do good in ur life. Don't waste on shitty ideology. Get well soon.",5,5,religion,religion,False
5870,Every one is aware of dirty mind you coward you r trying to implement the divide and rule but it will never happen you idiots the day when u do something mischievous with indian again everyone will forget whether it is hindu muslim sikh Christian they will kill you as an indian..,5,5,religion,religion,False
5874,Have u raised ur voice against islamic terrorism from ur country Pakistan,5,5,religion,religion,False
5882,"Yes, bhakt should learn because bhakts are preparing food for iftaar in the temple, but you people never try to learn but only try to preach your bigotry. If you have guts then say that muslim should see and learn. Idiots.",5,5,religion,religion,False
5884,@TheFarahKhan Mrs Khan why r u shut Ur speeking mouth this Antinational Zamatee when they are spreading Corona why not u ask a question against this whole world occupied Islamic Terrorism &amp; the most Important questions what you HV done for Nation how much money donate 0 u r o,5,5,religion,religion,False
5885,BC tent house. You are the biggest sponsors of the Islamic Terrorism in entire world. Don't dare to touch Indians else u will again be traveling on camel's back and drink camel's urine.,5,5,religion,religion,False
5886,"@SecondLady You have a reputation as a good Christian woman. I worried that your husband is exchanging loyalty to the President for his Christian morality. If he does not stand up for honesty and transparency, he will have blood on his hands. Help him do the right thing.",5,5,religion,religion,False
5895,"What an idiot!! It’s convenient to call Mexicans rapists but some are good people, Muslims terrorists but some are good people. But the minute you call white folks racist but some are good people, they are offended!",5,5,religion,religion,False
5896,"Unbelievable!! As a conservative Christian woman who wears pants almost everyday to work, I'd quit and find an employer who is reasonable. BUT, not everyone can just quit. Does wearing a dress interfere with a trans person's ability to do a job? God is crying right now.",5,5,religion,religion,False
5901,"Another factor which boosted Putin's popularity in the beginning of his career as a Prime minister and President, was a persistent economic growth. Neither of the two factors I mentioned -- Islamic terrorism and the economic growth -- are present in U.S.",5,5,religion,religion,False
5907,I don't belong to a religion but I grew up in a Christian and Muslim environment. If you dislike some of their beliefs and they took billboards and said people HATE us we ar oppressed won't you call them fools and idiots? We can't all agree. But we all deserve human rights,5,5,religion,religion,False
5908,You're right sis! As a fellow Christian woman I understand! So let's ask ourselves: Would Jesus scream about dick all year long or stand up for the oppressed,5,5,religion,religion,False
5927,Do you know why Bangladesh was created????? If you u don't go and chk some history.... U will know about Islamic terrorism...,5,5,religion,religion,False
5931,Answer my claims idiot. You sent Qur'an verses talking about all Muslims going to Hell. I proved you wrong by showing the full verses. Now try and have a rebuttal. Stop changing the topic. Because I'll throw in Bible verses as well if you want to play this game.,5,5,religion,religion,False
5937,#TheBachelor++ She knew that she was a Christian woman saving herself for the right husband. She should NOT have gotten into that show.,5,5,religion,religion,False
5938,Many terror group create by islam & it's terror book quran as #ISIS and many more. Its book quran guided terrorist and excited the people murder. So write it with us #ban_redical_islam_in_whole_world,5,5,religion,religion,False
5939,"Poor baby, so we have had no islmacist attacks in the UK over the last 20 years? Are you an idiot, it's the main reason why people from a Conservative Muslim faith kill non believers, most are killed within the middle east and north Africa.. Calling it what it normally is",5,5,religion,religion,False
5945,"As a Pakistani Muslim, I'm totally against it. Its illegal and dangerous. But I don't understand why idiots in the comments are trying to fulfill their racist agenda by making this about race.. If you think this is bad, have a look at white people in beaches ... exactly.",5,5,religion,religion,False
5951,"@ALWiss5 The jihadists fight for the interest of the Caliph and the pedophile prophet, not for the interest of the people.",5,4,religion,other_cyberbullying,True
5969,"lmao the quran is wasn’t written by “dead people” it was written by the final prophet, Muhammad who is loved by all muslims and Allah. u still a sheep on twitter listening to idiots while i listen to my creator. anyways YOU r the joke itself so i’m not giving u my time anymore",5,5,religion,religion,False
5976,"It's fathers day you colossal idiot, I'll be spending it with my family, not having weirdos on social media attempt to meet me.",5,5,religion,religion,False
5977,You don’t have to pretend mufti. The question is not whether it should be built or not. It’s about building an idiot with money of muslims. There are thousands of mosques in uk but none was build by tax payer Every Tom dick and Harry is acting erudite on social media.,5,5,religion,religion,False
5978,"She's a terrible person who hates Muslims and thinks of Israel as a paragon of truth, but will claim to be a social justice warrior. Her fans are idiots who clearly can't see through her. Don't let that idiot affect you",5,5,religion,religion,False
5979,"No, it’s not. It would be considered discriminatory towards a religion(aka Religious Discrimination)if you are pointing out the Burka. But it’s not Racism as you can be Irish and also adhere to the Muslim faith &amp; beliefs. So CLEARLY, you’re ALSO an idiot.",5,5,religion,religion,False
5984,"What to do? International terrorist accused of recruiting new terrorists for ISIS in jail. Should he be given a Quran or should he be executed? Time to treat the ""war on terror"" like a real war? Can we discuss or would that be Islamophobic? @IslamismMap",5,5,religion,religion,False
5989,I'm a working class Tory. Grew up in Brixton during the 1981 riots. Now married to a muslim migrant who is also a Tory and leave voter. Last weekend put us all back 40 years you idiot.,5,5,religion,religion,False
5992,Well you standing as a Christian woman YOU know right from wrong evil from good fake from honest SO get off the religion train and stand up to the DEVIL - N- CHIEF and preach to him about being a leader and example for ALL Americans,5,5,religion,religion,False
5995,"2/ ... denial than anything else: contemplating that type of control is too large a beast for me to grapple with intellectually and my reserves are already low! That said, I think those who support Israel as a country, radical conservative Jews and evangelical Christians, ...",5,5,religion,religion,False
6000,"So am I worthy of a good Christian woman? Ridiculous! Of course not. I’m not even worthy of life but God in His infinite mercy has, for some reason, seen fit to pay my ransom. I have no right to complain about anything.",5,5,religion,religion,False
6011,"So, that's why the #Muslim majority countries around us either convert them to Islam, or kill them so that either they be buried to fertile the land or their country be theirs only. Are you serious? This is classical case of #secularism and Height of #Idiot_Intellectualism.",5,5,religion,religion,False
6017,"Another gar left nutcase on the loose. Muslims talking about Islam is bad? Idiots like you in the west are plenty. I'm sure you haven't read the book, maybe even read a book. Far left bile seems to be you daily diet.",5,5,religion,religion,False
6019,"I’m not religious and I’ve come to expect they would, despite the first amendment, do everything in their power to support radical Christian sects over other religions, the unaffiliated, and non believers. (5)",5,5,religion,religion,False
6021,and if i’m not mistaken all the videos she participates in and the television shows she’s in are quite sinful. but protesting for something that’s right is where she “draws the line” and is a “christian woman”. oh ok,5,5,religion,religion,False
6023,"If Your criterion of Islam is some Anti-Islamic & terrorist groups like ISIS and what Western media offers, yes that's not religion of peace. but if you have searched about real islam and if you have read quran just for 1 time say where did you find any violent content in it?",5,5,religion,religion,False
6026,right! i’m not a christian woman according to this.,5,5,religion,religion,False
6029,Who hates us man you live in your social media i have very good non muslim friends idiot its ppl like you who they hate for disturbing peace and you have been refuted throughout the world,5,5,religion,religion,False
6031,You may not be Muslim but you're still an idiot.,5,5,religion,religion,False
6033,"World has seen all about Islamic Jihad in 2001 when Osama bin laden, the terrorist brought the twin towers and killed many innocents....the apologist have to accept the truth about barbaric jihadist, else they will be struck in past and perish while Humanity marches ahead.",5,5,religion,religion,False
6037,The only unpopular ones are the idiot muslims who think they are going to run the world. Try to run the United States and you will meet a bitter end and be served pork sandwiches in the meantime.,5,5,religion,religion,False
6045,"As a Muslim if you find yourself facing rape allegations problem, blame yourself, either you indulge in premarital affairs, fails to adhere to Qur'an (17:32) warning or you try to be a moderate or modern Muslim. If it comes from your wife, Just divorce the idiot &amp; send her back.",5,5,religion,religion,False
6047,"This is what every boot licking enslaved souls of islamic jihad do the best. Regardless of how much u try moron , nobody is gonna take u serously. Coz entir world knows what islamic terrorism n how much damage it brought to human lives of the world.",5,5,religion,religion,False
6049,you really need to read up on the methods used by radical leaders of the past to build support for tyrannical governments... and particularly the support among white Christians who felt threatened by minority groups... be warned it’s unpleasant.,5,5,religion,religion,False
6058,"What an idiot. Slavery goes back to the beginning of history and probably beyond. The Romans, Vikings, Irish were all slavers and the worst of all are/were the Muslims whose prophet made it official doctrine. And just in case you are not up to date. This shows the problem today",5,5,religion,religion,False
6059,"U people don't even know what Hindutva is and talking about it..better talk about Islamic extremism, Islamic jihad n Islamic terrorism",5,5,religion,religion,False
6060,If your neighbors are terrorist what would your do? Get killed yourself for the sake of humanity of terrorist? Preach your community people to denounce terror/Jihad it may be more effective. Anyways most of these terror units are funded from your region. R u covering up for them?,5,5,religion,religion,False
6072,What does being a Muslim have to do with any of this u idiot?! I'm a Muslim too stop using religion to act like some victim for kpop. This has nothing to do with Islam?! You're just involving our religion to get someone dragged?,5,5,religion,religion,False
6075,"I am a boomer. I am a white Christian woman. I never had an abortion, but believe that every woman has her own right to decide for herself that choice. Gay or straight marriage is between 2 consenting adults. Pot should be legal in every state.",5,5,religion,religion,False
6078,"What can I saw , it's a popular religion . Oh wait you think all people are forced to become muslim . Your an idiot .",5,5,religion,religion,False
6085,"@MaxBlumenthal @CarolineFourest No matter how desperately race baiting trash like you want Islam to be a race, it's not.",5,5,religion,religion,False
6101,"As a naturalized citizen and a Muslim, I think you are an idiot and hopefully, you can find some meaning in your life to move forward without hate.",5,5,religion,religion,False
6103,This jesus boy is truly an idiot what makes you think I'm a Muslim. Clown,5,5,religion,religion,False
6116,"Good Christian woman that you so profess to be now, right? How about you run for President and show us what you got?",5,5,religion,religion,False
6122,"U need a million strong audience when u need to tell the world about the scourge of Radical Islamic Terrorism, don’t you?",5,5,religion,religion,False
6125,"A great job of lying to the American public. I wonder how this god fearing christian woman is going to go home and look her children in the eyes and try to teach them right from wrong when she just spent the last two years lying, manipulating and covering up for corrupt idiots.",5,5,religion,religion,False
6127,"It’s just a label. Same way saying “maghrebi twitter is a mess” doesn’t negate the fact that the person tweeting it is Maghrebi. Muslim twitter is just a twittersphere where you find Muslims. Some have a brain and some are idiots. Emphasis on the latter, unfortunately.",5,5,religion,religion,False
6133,Catholic-Pagan you klod. Also imagine defending an idiot who's offended over a silly joke...when the guy who said it is Muslim himself.,5,5,religion,religion,False
6141,"Hardly a pro woman, pro LGBT, pro choice organisation when you platform a conservative Christian woman who has a long history of working with the Heritage Foundation, ADF, trying to block abortion rights in Kenya and has written extensively against same sex marriage.",5,5,religion,religion,False
6148,For every Terrorist that is a black dot on the name of Jihad... INDIA has a Salim who comes as the saviour and definition of Humanity,5,5,religion,religion,False
6151,@SpeakerPelosi you say the president does not know right from wrong you want to kill babies in and out the womb do you know right from wrong you say you're a Catholic a Christian woman you're no Christian details about you say okay let's let children die to border,5,5,religion,religion,False
6159,These idiots are gonna end up with Sharia Law. Then when they go out and steal they will get their hand cut off. And all these LGBTQ+ that are supporting them will be sorry when they realize all the rights they have now are gone under Sharia Law. OPPS the Muslims didn’t tell you,5,5,religion,religion,False
6164,@alikoeln He is following the example of his prophet who married one of his wives at 6. They do everything their prophet does exactly. #Isam,5,5,religion,religion,False
6167,"@buttercupashby @MaDaSaHaTtEr_17 I already brought you proof straight from my Qurans. If you refuse to read it, then shut up and leave.",5,5,religion,religion,False
6169,"Shout hindu supremacy no problem say Islamic terrorism u cry Islamophobia, it's not just ur head but also ur mind and thoughts which are locked bloody pigs.",5,5,religion,religion,False
6171,"For a group of people who aren't accountable for Muslim Women and do not own us, Muslim men have a lot of opinions about how we should dress, speak, act or take up space. If you're concerned about our wellbeing, now is the time to help your mom do the dishes and vacuum, idiots",5,5,religion,religion,False
6173,"@alimhaider Fighting along side anyone in the ME makes you someone else's enemy, regardless of the motivation. Their problem, not ours.",5,4,religion,other_cyberbullying,True
6176,YOU IDIOT YOU JUST INSULTED THE QURAN BY NOT CALLING IT THE QURAN!!! That is the Quran and that is what WE Muslims call a Tasbeeh which is on top of the Quran which clearly has Allah (God) written on it. You also insulted the Quran by saying a curse word in the same tweet,5,5,religion,religion,False
6179,"Anna, just like radical islamic terrorism, u cannot clean up the weapons or kill terrorists or cleanliness offenders.. U have to CLEAN the THOUGHT. Free the people from their Wrong Beliefs. That will solve d problem..",5,5,religion,religion,False
6180,"Obviously, you do not believe in LAW and ORDER! These idiots are NOT ""innocent people"" - they think it's OK to trample on everyone's rights! Try wearing a blue uniform sometime &amp; you will understand what they go through EVERY SINGLE DAY! We know who you like - Muslim terrorists!",5,5,religion,religion,False
6183,"And hinduism is 10000 yrs old and still there are no terrorist groups in hinduism..if u want to see the root cause of whole problem,then that is radical Islamic terrorism not all islamist are terrorist but few.",5,5,religion,religion,False
6184,Yes cancel your appearance. The SA is a Christian organization and doesn’t support radical agendas.,5,5,religion,religion,False
6187,"Thugs like you are the worst enemies of humanity. Who would lie themselves and even ask people to not speak out the truth. Even if all Muslims are not Terrorists, majority of them believe in the same ideology. Difference is some pick guns for Jihad, others wrote articles",5,5,religion,religion,False
6198,"He was very traditional, and had strong Christian values and would surely support the Republicans over the radical Democrats now.",5,5,religion,religion,False
6206,"You’re delusional if u think I’m trying to shut down the convo. I wrote “try again”. Learn to read. If u keep reading my tweets I clearly stated that Islamic terrorism was worse in the 21st century until TODAY. Anyway, that chart doesn’t show the type/motive.",5,5,religion,religion,False
6210,You isis dog what you like I don't understand way Quran is make you terrorist is true but can't believe terrorist brain,5,5,religion,religion,False
6222,@Liz_Cheney please explain to me. You're a Christian woman right? How can you support Trump? Unless you're a racist just like he is. That his beliefs are yours? Because the God I know. Would never support his actions and words. You're hiding behind religion. We know what you are.,5,5,religion,religion,False
6229,Because you promote their behaviours and support them.We muslims are also known what is harmful and stay away from it while you Christians allow the sodomites and the radical atheist and radical feminist to attack you.,5,5,religion,religion,False
6235,"No Mr Smith, Any human life lost anywhere...must have been precious for those parents, the society and the country if not the entire humanity....immaterial of his/her nationality. Terrorists undertaking ""Jihad"" are exceptions....they aren't human. have no parents, no country.",5,5,religion,religion,False
6238,"I you wish I can send you many similar pics from your Army who were living in hell and went straight there,if you were capable of ruling hindustan than it was not ruled by muslims for 800 years idiot",5,5,religion,religion,False
6258,"Arey Idiot how does CAA affect An or any Indian Muslim ? If still your family is getting fathered by Turks/Pathans or Afghans, then only it may affect you partially. In such a scenario, apply for Indian Citizenship and stay here for 11yrs to get eligible for citizenry",5,5,religion,religion,False
6260,"If Muslims acted this way, when Muslims were being slaughtered in the region, I would have understood. But No! Somehow, a grown Christian woman, performing there is of more importance to Islam. I hate us right now. Seriously",5,5,religion,religion,False
6270,"what is repugnant and stupid is that instead of producing ""analysis"" which you pretend to do, you insult 10's of millions of iranians (and innumerable other Muslims and non-Muslims), for whom Soleimani is a national hero, and the hammer of ISIS. What kind of an idiot does that?",5,5,religion,religion,False
6274,"Save a Life, Save All Humanity--Take a Life, Kill All Humanity. with respect please stop talking nonsense. first they are not the messenger of God it's sin to say that.second they don't do jihad killing innocents are not jihad. they are terrorists wild animals. &amp; US are the same",5,5,religion,religion,False
6287,"Was ""pRi"" heart this heavy when she was signing for the Ad of face lightening cream? WAS HER STUPID PATHETIC HEART THIS HEAVY WHEN MUSLIMS IN KASHMIR AND INDIA WERE AND ARE DYING OF THE ATROCIOUS HINDU RULE?? IDIOT THINK BEFORE YOU SPEAK. WE HAVEN'T FORGOT THAT TWEET CLOWN.",5,5,religion,religion,False
6288,"I never claimed that about muslims, at all. How could you possible type that and not realize you are putting words into my mouth. Anyone who says that the average republican that believes in god are extremists are absolute idiots and their opinion doesn’t matter.",5,5,religion,religion,False
6295,She has no idea about how the Islamic terrorism has affected innocent people and taken lakhs of lives. U people deserve this. Each and every one of you who does not oppose the Islamic terrorism will suffer the same. FORGET KASHMIR.,5,5,religion,religion,False
6296,"Don't fake melodrama here, like him 1000s of pandits have been killed by islamic terrorism. U tweeted this video just to attack union government since there is a video in which ajay is asking for security. Don't do bloody drama here,ur idealogy, ur party has done did to kashmir",5,5,religion,religion,False
6298,"Wow! Bought and paid for by Hillary Hollywood, Wall Street and billionaire donors Pete! This is the Democratic moderate??? The blacks do not support him, Christians do not support him, Independents see him as radical.",5,5,religion,religion,False
6299,"@UmarMal And without western invention, the Muslim oil resources would be nothing but a filthy, useless liquid.",5,5,religion,religion,False
6301,Right?! This christian woman has had a grudge against me since I put up a yard sign saying...,5,5,religion,religion,False
6305,"Point out to me where I said Muslims are shining examples of tolerance?! People like you who are cannot face opposing ideas to yours can only label people.. Bigot, Idiot, Jihadi, Extremist.. Coz u only see what u urself are!!",5,5,religion,religion,False
6308,@IftikharAwan You choose your religion and Islam is clearly barbaric and inhuman. It has zero to do with god.,5,5,religion,religion,False
6322,3. Insisting that a Christian woman cover her hair cannot be a breach of her right because not covering her hair is not a protected right. 3/,5,5,religion,religion,False
6329,Her words went somethkng like this: I trust in how I have raised you as a Christian woman and I believe you will do what is right but in the event you make a different choice I want you to be well-equipped.,5,5,religion,religion,False
6335,"Idiots going nowhere, can't run by shooting the nation's own foot! Israelis are very near in india, in Kashmir, ""waiting to shoot you in the other foot then in your muslim head!",5,5,religion,religion,False
6338,Wonder Who Jesus Prayed To Islam Do You Know Prophet of Islam Because I Am Confused Right Now Why Are You Following Me A Christian Woman of God I Am Not Muslim Jesus is My King,5,5,religion,religion,False
6342,"No need, just destroy all the mosques. This is what you needed right before you will fight China and CoVid19. An internal war with Muslims would strengthen India. I am sure. This is why idiot BJP followers like you make this a priority. Are you a Chinese bot?",5,5,religion,religion,False
6347,"You are literally idiot and embarrassing. My own people! Am brown us arabs aren't black or white. How tf I'm being racist when I told him that you need to save that energy Palestine case isn't just for Palestinians, but for all arabs and muslims in general so how tf I'm racist!",5,5,religion,religion,False
6348,Is this not a terrorist act against humanity when media can make 'love jihad'which actually doesn't exist as a countries biggest issue and now being silent when these terrorist on national television speaks about terrorist act with plan @asadowaisi @ArvindKejriwal,5,5,religion,religion,False
6353,This is jihad against humanity. We must neutralize such terrorists. @AmitShah,5,5,religion,religion,False
6357,right and yes we all make mistakes and fall into sin but like you said it’s ironic that now when it’s time to take action she wants to be seen as a Christian woman. it’s a little fishy,5,5,religion,religion,False
6367,"@1oNo1_Islam This is lying propaganda. If you want to know what filth and hatred Islam is, just read the Quran.",5,5,religion,religion,False
6368,"Every temple need not be open to every one. There are private temple, there are community temples and public temples. Even masjids and churches are not open to all. Show me a single instance of a Labbai Muslim becoming a maulvi. You stupid idiot. Tweeting without any knowledge",5,5,religion,religion,False
6374,"Over here we basically hate the illegal immigrants and Muslim rape gangs, however if you speak against it you are racist. We had similar riots over here when cops planted a gun on a black lad and shot him but again idiots looted and ruined normal folk instead of government stuff",5,5,religion,religion,False
6380,"And you are one of them to believe those idiots,who are even afraid by the word Muslim. From where it started? you need to look at root cause of it.",5,5,religion,religion,False
6388,"Terrorists have no religion, no nation, no humanity, blah, blah, ...while the terrorists openly declare it is Jihad. It's a war on kaffir Hindus, Sikhs, Christians (depending on where they fight). Sidhu is an apologist. But, Capt Amrinder's helplessness gives him the strength.",5,5,religion,religion,False
6395,How can u claim u r Muslim idiot when you are one of them! #WakeUpUmmah4UmarBinAbdulAziz gang is silent over Saudis Crimes against Prophet Muhammad saw. family's holy graves! Where is this ummah today against the demolition of JannatulBaqi by Ale Saud. Where is the outrage ?,5,5,religion,religion,False
6399,I thought you are evolved muslim. ! Dubey did not go out on the order of mulla or kuran to kill kafirs. He was criminal and killed police. Islamic terrorist who are taught in Madrassa to kill non-believers and they do that.. Do you understand difference? or you are just idiot.,5,5,religion,religion,False
6403,"Belle, so many Christian woman here in TX that hate men that are self-centered, liars, and cheaters. But, they are so fast to defend Trump when he’s criticized. Just says that racism is their highest priority. Right? How else can it be explained?",5,5,religion,religion,False
6404,Whatever noble prizes we Muslims have bright history and you idiots can't match us.,5,5,religion,religion,False
6408,"You’re going to tell us what we believe? And the hell do you mean “namaz for non-Muslims” namaz is for GOD. We don’t pray to people you idiot. You can make dua for non Muslims, and many Imams do that. Being this uneducated should be a crime",5,5,religion,religion,False
6418,"Aha, the rape capital of the world blame it on the minority. You idiot. One third of the missing female in the world are from India. Blame that on Muslims as well.",5,5,religion,religion,False
6426,"And idiots like you intentionally misspell Muhammad and the Quran and intentionally mispronounce Muslim and Islamic terms to demonize. I've seen this for decades! I'm not about to get into a bad faith religious argument, with the ignorant and illiterate!",5,5,religion,religion,False
6427,"No idiot, Adi shankara was an innovator, he debated, how many of these idiots actually debate?. have you seen many of these morons debate christians or muslims or anyone?. No. Then this he is an idiot free from any feedback.",5,5,religion,religion,False
6429,"Most muslims i know hate saudi arabia and that's okay, but you can't hate us for carrying out Sharia Law and punishment as needed These idiots will always point at my country as if we're barbaric when actually most sane muslims will agree to the sharia law and punishment",5,5,religion,religion,False
6431,"And do you know, our prophet literally condemned to hell whoever harms a non Muslim even by speech or discrimination of any kind. Those radical idiots have been brainwashed by dangerous texts by radical men like Ibn Taymeya who twisted religion for their own agendas.",5,5,religion,religion,False
6435,Exactly it's a tragic act of terrorism. And terrorist has no religion. U asked were they jihadist so i want to explain that jihad is not terrorism nor its against innocent people or harming any peaceful humanity. Jihad is Muslim's sacred faith which is misunderstood .,5,5,religion,religion,False
6445,Any racists idiots who believe this. Please ask a Muslim and go to a mosque. Mosques have probably one Of the most STRICTEST guidelines for the virus in the country You can not enter if you don’t fulfil their criteria,5,5,religion,religion,False
6447,"Like I said,I am not here to compare different faiths,that what you are doing and you want me to do the same shit? You are the idiot who is clearly making the point that you think that you are better than the soldiers who are practicing muslims.If not, then admit it here.",5,5,religion,religion,False
6457,But he waged Jihad for his own alla. Why are you complaining? It was his holy duty just like the islamist terrorists who have been blowing humanity up for hundreds of years now! Spare me the bigotry. About 3000 people were killed when one of your ilk flew planes into a building.,5,5,religion,religion,False
6463,"Don't drag in a hindu muslim agenda just because it is a good topic to get everyone involved. It's virtually the end of the world Just be grateful you're alive and let people live lack of education and understanding is what makes you an idiot, not your religion (:",5,5,religion,religion,False
6464,"Yeah dude people rape and kill everyone you love how about we just sit back and watch , ofcourse they're going to retaliate you idiot, and to add on 75% of those ""attacks"" are fabricated but please go on and invalidate the Kashmir Muslims problems :)",5,5,religion,religion,False
6470,"Why just jewish men? What about muslim men, what about the males in the british royal family? Or is it just jewish men you feel you need to concentrate on? #idiot",5,5,religion,religion,False
6473,I bet you woke folks believe it’s just a coincidence that Obama welcomed 1.2 million Muslims into our country &amp; now we look like the Middle East!! It’s staring you right in the face &amp; you still can’t see it. He laid the foundations for all of this. Idiots!!,5,5,religion,religion,False
6479,Idiot if namo had passed the bill Do you know what type of riot would have taken place in this country? Have you forgotten babri masjid demolition? Going through court made ball clearly on govt side And Muslims could do nothing. CAA was also passed in parliament. Do,5,5,religion,religion,False
6480,"Appease the radical Leftists at the expense of biblical truth, eh? Today marks the end of my support or patronage of your restaurants, and I know many other Christians will do the same. Was it worth it, knowing the very people you're bending the knee to will only push for more?",5,5,religion,religion,False
6484,"Shame on menaka! You were minister in idiot government ! You were not aware where this incident happens ! BJP does not know other than Muslims, Pakistan, Minority!",5,5,religion,religion,False
6495,you r a proud Bengali while ur name is in Arabic(which most of subcontinent Muslims have). what short of idiots claim to have proud of its culture while borrowing the name from the people who invaded and destroyed it.,5,5,religion,religion,False
6496,I take it you will support the religious freedom of The Satanic Temple or is this just pandering to radical Christians?,5,5,religion,religion,False
6497,would you like to make any comment on the fact that virtually the same amount also say the same about Muslims ? now I'm no master of mathematics but it indicates that many have said it about both religious groups... &amp; Bill Gates &amp; China. theyve asked conspiracy theorist you idiot,5,5,religion,religion,False
6500,"Thanks for all the analysis, but my question to you is what exactly is in Quran that 99% of terrorists use it in the world, from ISIS to Boko Haram and co, you will never see that in other religion, why is the religion like that and the people, violent?",5,5,religion,religion,False
6505,Hmmm you and the radical left continue to attack ppl for being white and wonder why white ppl don't want to support your puppet?? SMH,5,5,religion,religion,False
6508,The only thing these isis fighters are fleeing is loosing a terrorist war that they started and fought for. They need to be on trial for war crimes or crimes against humanity. This is just showing @JustinTrudeau is not listening or knows basic history or is trying to change it.,5,5,religion,religion,False
6512,"Totally blown away by where my life is right now, friends. Started leading a small group tonight, as a queer Christian woman with the blessing of my pastor. Not sure how I got here but I'm totally on board.",5,5,religion,religion,False
6514,Last time i spoke to that IDIOT SHEM BOOTH SPAIN he kept askin me if I was a muslim. Nobody has every done that before. I was eating a bacon snadwich at the time. I wish I was in the same room as him when he kept askin me.... ill catch up with him dont you worry. &amp; you bitchess.,5,5,religion,religion,False
6529,".As a republican,Christian woman,I must say that PaulaWhite is a scary opportunist. Best example of right-wing EXTREMISM exploiting Christianity and Bible.Its sole purpose is to radicalize and mobilize its violent followers toward criminality and terrorism in the name of religion",5,5,religion,religion,False
6532,"If all Christians were like you Reuben, they’d deserve to be mocked - particularly for their apparent views on LGBT. Fortunately the vast majority of Christians I meet and mix with only want to support as many people as possible and spread good. Take a long look at yourself.",5,5,religion,religion,False
6535,"we can identify the faces behind the veil who talks about hindu hatred and support radical islamists. there is nothing called secular which is brought by the womanizer's dynasty for muslim and christian appeasement. so, I give a shit to the word secular.",5,5,religion,religion,False
6536,"Anyway, I'm glad the man's not dead. In Italy, some idiots have issues with immigrants (especially muslims), racism and xenophobia have always pissed me off. As you can see, we're in the same team... the one of good people I dwelled, sorry...",5,5,religion,religion,False
6539,"#Terrorist #Taliban you attacked a civilian hospital in #Zabul #Afghanistan. You killed an ancient child who even doesn't know his gender, his name you take his childhood and life shame on you. This is not #Jihad, this is a crime against humanity.",5,5,religion,religion,False
6541,"The difference is that there are very few societal pressures to encourage a Christian woman to become a nun A woman in a Muslim country, regardless of her faith, can be punished for not covering up Try that here. ""You're not a nun, so I'm going to beat you"" Different, right?",5,5,religion,religion,False
6542,"Most of our Judges appear to be biased morons, our laws and our Judges, MUST CHANGE. We are the laughing stock of the world. If you are a criminal or an illegal immigrant, or a Muslim terrorist. Come to Britain, you will be welcomed with open arms and looked after. We are idiots",5,5,religion,religion,False
6547,"That is the problem, Christianity is not radical. Christians have rolled over and had their bellies tickled. Sadly @UKIP keep blowing their chances. My 25 yrs of support of a party since it anti federalist league days has gone completely now.",5,5,religion,religion,False
6550,"@jaketapper @RaviAgrawalCNN Another case of, ""If you say Islam is violent we will kill you.""",5,5,religion,religion,False
6558,If there are any other idiots that think Muslims are taking over can you please unfollow and stay the fuck away from me.,5,5,religion,religion,False
6562,"The book who told to kill non muslim through jihad is right. The book which made the man like Bagdadi,Osama,ISIS,and many terrorist organization in the name of mohmmad. Which is never condemed by Quran reader.. Also this book,context are not systematic arranged",5,5,religion,religion,False
6569,Mrs idiot whom are you telling jehadis in every case the murder is done by someone else and the name is given to a Muslim. In uttar dinajpur recently a media kept showing that a hindu girl is murdered by his Muslim lover but two days later the boys body was found death (part 1),5,5,religion,religion,False
6570,What an idiot. So much wrong with every single one of those tweets. He is beyond help. And his whole attitude would change if you add Muslim into the mix,5,5,religion,religion,False
6577,Who said muslim community? There are specific names. It's you who is blaming the whole community. People like you want communities to fight and people to die. You build the illusion of islamophobia n brainwash n incite idiots.,5,5,religion,religion,False
6586,@Clashoftherats But thanks for demonstrating for the millionth time how Muslims lie about their religion.,5,5,religion,religion,False
6590,"NO! NEVER, EVER GIVE UP! ALWAYS STANDING UP FOR WHATEVER IS PURE, WHATEVER IS LOVELY! WHATEVER IS RIGHT! IN A WORLD OF EVIL TRYING ITS HARDEST TO STOMP OUT ALL GOOD, I, AS A BORN AGAIN CHRISTIAN WOMAN, WILL STAND ON THE SIDE OF WHAT IS GOOD AND RIGHT TILL I DRAW MY LAST BREATH!",5,5,religion,religion,False
6591,"Your Radical Party breeds resistance from those to the right of you. What did you expect? You support illegals anti-semitism, BLM, ANTIFA, Infanticide, Socialism, Communism. You're anti-ICE, anti-blue, anti-voter ID, anti-electoral college (and we know why), anti-Judeo/Christian",5,5,religion,religion,False
6593,I hope What you are saying is correct But i don't know Which quran read ISIS and all jihadis terrorist,5,5,religion,religion,False
6600,"They certainly scream like bitches dont they,..GET OUT OF THE ROADS YOU IDIOTS,...protest against the 40 million black people who are held as slaves by Muslims in North Africa and the middle east TODAY!!!! Those black lives need your support,or maybe it's not really..",5,5,religion,religion,False
6602,Can u take a serial in same way on the church sex scandals and Islamic terrorism in name of religion on the interst of the public?,5,5,religion,religion,False
6605,What?!? You think just because America had a black president and a Muslim congresswoman means there's no systemic racism? As i said watch Crips and Bloods Made in America &amp; THEN will you understand. BLM is now an official movement voice for black America its a pity idiots ruin it,5,5,religion,religion,False
6607,You can't preach Ramayana infront of Terrorists You can't expect humanity from Virus. With this same sick mentality TN already lost the identity of Hindu Dharma. Now It's a land of convertion factories and jihad training centers,5,5,religion,religion,False
6609,The communists. The communists are always the monsters. 200 million dead and counting from your hateful ideology. Active genocide in China. And you want BBQ for idiots trying burn crap down. You're disgusting. Why do you hate Muslims so much that you want them killed?,5,5,religion,religion,False
6618,"Been called a racist by some tosser that actually brought up the crusades I mean blacks are destroying the country and Muslims are raping white kids at will but this fucking idiot is more concerned about what happened generations ago,I bet he would text you his pin if asked,",5,5,religion,religion,False
6631,It is the face of Islamic Terrorism and Seperatist Kashmiris who give these terrorist place in Masjid to attack Innocent Kashmiri Good ppl .....u all shd be ashamed of what u made the heaven Kashmir into hell,5,5,religion,religion,False
6669,"But when the #Muslims conquer #America, they will not pity even these Jewish #Useful_Idiots and they will be the first to be annihilated. The speaker and you share the same ideas: ""the US leads the world with a false culture"".",5,5,religion,religion,False
6675,"Right, it’s not urged, but it’s permissible to marry a TRUE Christian woman one that believes in one God. This applies only to men, as in an Islamic marriage the man has more obligations to the woman than the woman has to him. It’s more about the man performing his Islamic duties",5,5,religion,religion,False
6687,"I will say loud and proud that i am a christian woman who believes in God and also supports the right to an abortion, it says in the bible that we are not the ones to judge. Although, i probably wouldn’t be the one to go through with an abortion, some people feel they NEED to.",5,5,religion,religion,False
6689,Come on you can't just lie about anything 1First of all there is no single man in video whole wearing Muslim cap 2 you are saying that anti Muslim media and journalism Hide the truth I don't know why all the idiots believe in fake news without any research on that,5,5,religion,religion,False
6692,Since when did religious freedom become radical left agenda? Since when is not believing in god of the right something bad? This is my biggest issue w/the Rt. I support religious freedom but they want all America to be fully their God Christian. I denounce this attack on freedom.,5,5,religion,religion,False
6697,YuP! I strutted my ass right on out of mid-shift at Sam Goody’s. The mgr. was a repressed christian woman &amp; wouldn’t let us play any music that wasn’t christian music. She also would try &amp; write me up for my attire because it was of loose moral/character. She was fired,5,5,religion,religion,False
6700,Nice Propaganda bit you lot sorted out with #Panorama on China last night mate - nothing new - just a rehash of what we already knew and some hideous animal cruelty pics thrown in. Almost as good as your sudden interest in a NINE month old Drone Video of the Uighur Muslims. Idiot,5,5,religion,religion,False
6702,"@kewldevzzo I don't ""follow"" any god. But if one were to imagine Satan inventing a religion, it would be like Islam.",5,5,religion,religion,False
6703,@UNHumanRights SAVE BALOCHISTAN SAVE HUMANITY a true jihad Against A Terrorist Country PAKISTAN. PLEASE COME FORWARD.,5,5,religion,religion,False
6704,@ArarMaher Kind of the same thing the prophet Mohammed did.,5,4,religion,other_cyberbullying,True
6708,No shame whatsoever when Chinese embassidor is asked about ethnic cleansing of Muslim Chinese. You can’t and don’t lie or cover the truth. We are all standing with them. You fucken moron idiot blind deaf peice of corona.,5,5,religion,religion,False
6717,My. Sharpton why do you call yourself a Reverend? I’m a Christian woman and I have never seen any of our Priest incite violence. You do know that’s what you do right? Your an instigator! Rebel rouser! Trouble maker!,5,5,religion,religion,False
6720,"Hey Bitch for your kind information We the worshipper didn't killed that Elephant. The killer was not worshipper they are Muslims so don't try to play your dirty boliwoodiya Game here. And one more thing ""Fuck you idiot"". #Elephant #humanityisdead",5,5,religion,religion,False
6726,"You're right you shouldn't. I'm ready to record biggoted attacks. Lots of Muslims, Sikhs, Hindus in my neighborhood and a very small majority of whites that feel that makes them ""dangerous"". I love being on the Sky train, such diversity. There's ignorant idiots around.",5,5,religion,religion,False
6731,I swear some people who support Trump are legit brainwashed on the other side. No wonder they can convince Christian conservatives to kill Christians in the Middle East &amp; fund radical Islam. They sneak you &amp; you eat it up. Some of you are really that easy to manipulate.,5,5,religion,religion,False
6735,"Please my good caucasian sir, tell me more about how being denied access to your summer home is a ""violation of your human rights"". I, a bi-racial pansexual Christian woman, will listen to your tail of injustice!!!",5,5,religion,religion,False
6736,That's why u didnt yet went therw still sitting here and probing others holy shit u didnt get opportunity because u r communal virus so u r thinking he will not get The Rasict and Radical Islamic terrorism,5,5,religion,religion,False
6738,Why do we act like Muslim men are animals or something? You can lower your gaze you idiot. You can take responsibility for how you interact with women. You can choose not to assault someone. Muslim men are not big babies or something these are grown men please have some shame,5,5,religion,religion,False
6740,"If you be proud Muslim, you no go take offense in being called ""Alhaja""... Being called ""Alhaja"" na sign of Respect. But this woke idiots go make young gals feel otherwise. No matter how agbero take mad reach, if him see person wey wear hijab, e go talk to her with respect.",5,5,religion,religion,False
6741,@mcuban Dear Mark. YOU are an idiot!!! Saying President should “shut up “. HE is President. He is honest with Americans!!! He should talk all he wants!! Unlike That Muslim communist Obama!!! Lying through his teeth all the time!!,5,5,religion,religion,False
6749,"“If you have a problem with slavery, go to a land without slavery” - An idiot in 1860 As a Muslim, haram is haram no matter where you are. Prostitution is already illegal in 49 states and you still support it.",5,5,religion,religion,False
6754,Right! Your money but we know you tryna save face in front of your “Christian woman”,5,5,religion,religion,False
6755,"Ive seen it in for myself, the destruction it causes cannot be understated. And while you may well be a decent, honest person, many people arent. Its literally becoming a get out of jail free card. Black, muslim, gay, trans, even disabled, scores of people use this as a weapon",5,5,religion,religion,False
6756,"Why are you bringing Kashmir and Muslims here,How much amount you are getting from Pakistan and ISI for spreading false propaganda,Idiot do you don't think Pakistan is terrorist state",5,5,religion,religion,False
6760,@ingyusarms Earthly tyrants want to be feared because for them fear is control and obedience.  The writer of the Quran was unsophisticated.,5,5,religion,religion,False
6771,You're holding a grudge over something that has happened before your time and your Hindu nationalist leader Modi is enabling idiots like you to be hateful towards Muslims. Really really are an embarrassing bunch,5,5,religion,religion,False
6774,"Marco, have a word with yourself. In what way can you even begin to describe Jesus as anything other than a radical liberal? Liberals are now decried...for being like Christ...while conservatives support non Christian policy? What are you even “conserving” anymore?",5,5,religion,religion,False
6778,We want #Democracy #Humanity #Peaceful #Happy #Prosperity #Tolerant Society But #Terrorist are killing us for #Jihad #Sharia #Brussels #EU,5,5,religion,religion,False
6780,"Abe chutiye, there is also written in the Quran, if you kill one person, it's mean you kill all humanity, and if you save one person, it's mean you save all humanity, so ISIS or any terrorist organization never learnt or follow this book, this book only show the right way to alah",5,5,religion,religion,False
6790,"your the one comparing them, just because they havent done anything in a while doesnt mean there arent still kkk members that exist, and kkk meetings that STILL happen. The problem with you is that you put every muslim at fault for actions that just a few idiots have commited",5,5,religion,religion,False
6793,I gave this much examples for rss terrorism. Still u support them. That's the difference. Terrorists are there among muslims too. But they never supported them. Muslims hate islamic terrorism more than people like u can that destroys themselves. But u support your terrorists.,5,5,religion,religion,False
6799,I am Muslim as well. I know what's happening in Palestine. He is not Zionist. Educate yourself idiots like you who believe anything are the problem...,5,5,religion,religion,False
6802,"My mother, a Christian woman, with 7 children believes abortion is a right so that says a lot- men just like to police woman &amp; we all know the ppl who are getting abortions are disenfranchised and will only continue the cycle of being poor if they care forced to have a child",5,5,religion,religion,False
6810,"Amazing that is just fine to label the Irish as racists because of the actions of a few idiots, but if you label muslims something because of the action of a few terrorists its Racism",5,5,religion,religion,False
6819,"I can see this idiot lying to her teeth, well now i understand the kind of Muslim, that you are to lie to people of other religion, so i am not surprise, because The 28th verse of the third sura (chapter) give that pardon to you, very sad",5,5,religion,religion,False
6820,"Who said anyone of you cam judge another persons level of Muslim. Its actually pathetic to think you can decide who is and isn't muslim. Its that disgusting arrogant attitude that turns people away in the 1st place. Keep going, idiots.",5,5,religion,religion,False
6827,Mythology is not being taught in school. What type of idiot you are. This is few months back video . My only point is to push Muslim towards education. And educate muslim like you to teach your community people right and wrong. But you will not so sad. Hope you will,5,5,religion,religion,False
6830,So let me get this strait it’s the Republican Senators fault that two idiots tried to be cops? By this standard all muslims are responsible for 911. You need to wake up. Partisan politics are the biggest threat to the United States.,5,5,religion,religion,False
6839,Check her time line and show a line condemning radical Islamic terrorism. but there r several supporting anti national and rioters. U won't belief any one other than your religion. so it does not matter even if i answer or din't.,5,5,religion,religion,False
6844,"Recently I saw a post on Facebook. It was from some Hausa men. It says *""It is right for a Moslem man to marry a Christian woman but wrong for a Moslem woman to get married to a Christian man""*.",5,5,religion,religion,False
6845,"Again showing report of a unknown person . shit head will go anywhere defending ""radical islamic terrorism"". You u even believe it will be a single Report? Ohh wait u will believe because u comes in that defending category.",5,5,religion,religion,False
6853,I don't feel sorry for you!Bring more Muslims you idiots!,5,5,religion,religion,False
6866,The support of Non Muslim people against #MuslimBan should b seen as love for humanity. Terrorist stop killing in the name of #jihad #Islam,5,5,religion,religion,False
6868,"Know this, you blathering idiots. I'm a hard working, lower middle class, Christian woman. However, if you idiots EVER visit my town and block me from getting from one place 2 another, I will run right over you after one warning honk of my horn. GET A JOB!",5,5,religion,religion,False
6877,"WRONG. Muslims regard Jesus as just another prophet. The q'uran is merely the OT with a different ending. Satan isn't real either, genius, but he comes in handy for scaring idiots who think he is! Say hi to Allah for me when next you chant at her!",5,5,religion,religion,False
6879,This right here is an episode that really allowed me (a Christian woman) to be able to take on the perspective of Christian men and sympatheize with a struggle I’ll never be able to experience.. definitely worth the listen,5,5,religion,religion,False
6884,"@Raja5aab @Quickieleaks I've seen it before microbrain. I just told you, every verse of the Tao Te Ching is superior to every verse of Quran",5,5,religion,religion,False
6892,"Like you aren’t bullied in Saudi Arabia at all, for simply being Muslim woman. Exercise your right of free speech all you want, but that’s the distinction of an idiot.",5,5,religion,religion,False
6893,"My statement is an opinion. Is this how all Muslim men treat women? Do they call them cunts, idiots and repeatedly use the F word when speaking to them? Do you also beat them?",5,5,religion,religion,False
6911,@iamjohnoliver I like how you get mad when people prosecute Muslims or LGTBQ people but you prosecute Christians all the time on your show calling them “Idiots” something’s not adding up,5,5,religion,religion,False
6913,Same with the radical Christians who support you,5,5,religion,religion,False
6914,The government didn't cave you misinformed idiot. Pakistan is not a banana republic. The land that this temple is supposed to be built upon does not have the necessary approvals from the local land department. The temple will be built and we Muslims will cheer it all the way.,5,5,religion,religion,False
6915,@altamimi14 you care more about making money than people’s lives huh. And you call yourself a Muslim??? Idiot,5,5,religion,religion,False
6919,"Yeah, so don't use Islamic terrorism, tho I know U are not saying it",5,5,religion,religion,False
6923,"He, like nearly all the founding fathers, was a Christian influenced by deism. Adams wasn’t as radical as Ben Franklin who once clarified he was a deist. That being said the founding fathers agreed separation of church and state was best, and didn’t support religion in politics.",5,5,religion,religion,False
6927,"This is @realDonaldTrump America. Is New Jersey and more importantly, the Jewish community ready to tell trump and @GOP that they've lost their support? This political party is extremely radical. They're targeting non whites and non Christians. It's time #VoteBlueNoMatterWho2020",5,5,religion,religion,False
6929,"That’s very small minded. But then again you support Trump. You put all Democrats in one bucket so I assume your a racist, radical Christian who hates anyone who’s gay and not white? I’m a Dem, don’t smoke pot, not that that’s bad. Employed, so are my friends all professionals.",5,5,religion,religion,False
6931,"But after Corona try to eliminate cruelty of Radical islamic Terrorism in this earth to safe this,,kill them with full cruelty,,,bcoz u can do it only",5,5,religion,religion,False
6938,What does it say about our country when idiots like you try to force barbaric culture on us . Chatham house survey 56% want ALL yes ALL immigration stopped from Muslim countries.,5,5,religion,religion,False
6941,o my God... border and countries have nothing to do with religion. Idiots. Syrian have muslim majority but iran and sudia are bombing there. Turkey is bombing there.Its not about religion its about oil which they are getting. you guys ate begging and Russia is enjoying ur wealth,5,5,religion,religion,False
6946,Jihad terrorist like you greatest threat to this humanity...,5,5,religion,religion,False
6947,"Since b simone a christian woman now that mean i shouldnt see no more new videos from her beggin to suck some guy’s dick, right?",5,5,religion,religion,False
6951,"Look, I understand Muslims saying ""tear down statutes of Muhammad"" as there is no statute of Muhammad as it is against the faith to have his image. However, you will start to get idiots creating that image just to destroy it. Then we will get to the Charlie Hebdo territory.",5,5,religion,religion,False
6952,@loveconcursall @ottomanland But look at the reality disconnect. Burak says he is for freedom and against all slavery while at the ...,5,4,religion,other_cyberbullying,True
6956,"I see you’re of Bengali origin, you’re quick to scream #BLM, yet I bet you don’t speak out about what’s happening to Muslims in India and Bangladesh right now, you’re just another idiot jumping on the bandwagon",5,5,religion,religion,False
6957,"It just doesn't sit right with me when a self proclaimed Christian woman, sporting a stripper name, acts like someone would be worried about contracting anything from her. Like bitch, I hope she wears that gear on a normal day, OnlyFans knows where those feet have been.",5,5,religion,religion,False
6965,"Naturally, and if you don’t think that Obama is a Kenyan born national, Islamic Muslim terrorist, bent on the destruction of America, you must be an idiot!",5,5,religion,religion,False
6967,@TheInfoIslam We all saw Cantlie's video of how Kobane was entirely taken by the Daesh and only mopping up was left.  We are still laughing.,5,3,religion,not_cyberbullying,True
6970,You are a high class idiot. Do you believe they voted for her? They Will never vote for non Muslim,5,5,religion,religion,False
6976,Have u done PhD in Islamic Terrorism I mean Information Technology..,5,5,religion,religion,False
6983,"what conservative policies are those? I can’t imagine a Christian, at least one that takes the teaching of Jesus (as presented in the Bible) as his guide, being able to support this president or his policies. Is #Christian different than regular? Jesus was a radical liberal...",5,5,religion,religion,False
6990,"you’re own morals are subjective as well don't be an idiot, even atheists acknowledge without God there's no objective morals. you're trying to project your own illness onto Muslims, which is just desperation ... try harder and stop lying. Murtaddeen DO support bestiality",5,5,religion,religion,False
6992,"God wasn’t testing you Bubba. That’s simply karma you’re experiencing. When you chose to lie and deceive, that shit’s on you. Taking a page right from the Donna Brazile I’m a Christian woman playbook BTW here’s some more “non working nooses” you may run into. Be AWARE!",5,5,religion,religion,False
6995,"First off she doesn't claim to be Muslim, second if she is she does not speak for all of us, third BLM never gave A damn about Muslims so why should we, fourth leave us out of this. Just because a couple idiots speak you have to generalize. Last, BLM is ethnic racism= unIslamic.",5,5,religion,religion,False
6996,This mob killed two police man it is ok but we don’t speak about Islamic terrorism bcz we r majority in India but u u people never see in ur own country minority shame on u propaganda makers,5,5,religion,religion,False
7017,So Islam is a tablet that you push down the throat of someone followed by a glass of water and they become Muslim? It's a life time process idiot. Who guards them for the rest of their lives that they don't revert back to Hinduism? Who is converting Europeans &amp; Americans to Islam,5,5,religion,religion,False
7020,"Dear Muslims, keep the 'Imam-e-Hind' joke within your community, as you know we don't share your 'beliefs'. Please don't push Hindus much, as you know, it's a very sensitive issue and might get out of control and people might be forced to teach such idiots a lesson themselves!!",5,5,religion,religion,False
7026,"Our politicians make inane speeches about freedom of speech while studiously avoiding the real source of the problem, the violence in #Islam",5,5,religion,religion,False
7037,"Home grown terrorist, We indians also had these type of terrorists, This is called love jihad . Sorry I haven't more knowledge of english but hope you understand what I want to say. The followers of koran are becoming cancer for world and humanity.",5,5,religion,religion,False
7041,"My question for those of you who support a technocratic world government, and seek to suppress free speech and democratic accountability, is why on Earth you think *you're* the counterculture, or in some way radical! The proletariat you think you patronise rejects you every time!",5,5,religion,religion,False
7047,Stop giving idiots on this platform the time of day You’re providing material to the islamophobes who live for this idiocy Also to all the US Muslims using this time to tweet “erMAgaHDd yEwKAy moZliMz aRE sO eXtREme” take your crap takes &amp; go do one,5,5,religion,religion,False
7053,I haven't listened to any Rage Against the Machine since their first album. It was great but that was right after Type O Negative's Bloddy Kisses album was released and still my favorite band and album. I highly recommend Christian woman if you haven't heard it.,5,5,religion,religion,False
7059,@MCABBAS You ass hole now you have been funded to burn india just like America to creat a false narrative on Dalits and muslims . You idiot all life matters and I warn yor if You try and creat the same ruskus here in India You will be dealt under law and rules of land of India .,5,5,religion,religion,False
7065,"So innocent people die at the hands of a Muslim terrorist. This deranged idiot seems to think it was their fault. @pritipatel and @metpoliceuk enough already. Investigate @Pinna1011 Prove to us, the silent majority, who voted for you that you really are the Law and Order Party.",5,5,religion,religion,False
7067,"they are not liberal economically , you say bs . they are not sometimes economically to the left . Do you realize OJ anc CL want the labour to be more radical and support the economic program of Mcdonnell and 4d of work ?",5,5,religion,religion,False
7073,"If you believe shit like this, you’re a fucking idiot. Muslims don’t want to invade us, it’s the other way around, assholes.",5,5,religion,religion,False
7079,Do you want to talk about the knife attacks in Great Britain or would you like to also outlaw cutlery? How about muslim rape gangs? It's OK because there's no guns right?,5,5,religion,religion,False
7081,My great grandmother a Christian woman born in Syria in the late 1890’s always told her children never trust the moslems. She was right.,5,5,religion,religion,False
7089,India had Muslim president Muslim army chief and even Muslim captain of cricket team. Don't talk about stupidly if you don't know anything idiot all Muslims get same rights as all citizens get and INDIA is world's largest democracy and never had military dictatorship like you.,5,5,religion,religion,False
7096,"I can understand U have to say in such a way regarding Godse, to defend islamic terrorism. Did u read what Godse said in court about Gandhiji,why he did murder ? First read it. Then tell me who was psychic patient?",5,5,religion,religion,False
7106,I again ask u to give me proof of RSS terrorism and fascism and i obviously dont need to give proof of islamic terrorism,5,5,religion,religion,False
7116,Idiot! He was not in power at that time. BJP was in power with VP Singh But Modi was in power when he genocide the Muslims in Gujarat and you are a pet of Modi.,5,5,religion,religion,False
7118,"As a Christian woman I’ve never felt the need to tell someone else what to do with their body. A sin is a sin no matter if you lie, or steal. God sees it all as sin and Jesus already died for our sins. I’m not saying it’s right but your judgemental attitude isn’t right either.",5,5,religion,religion,False
7124,#ISIS and other terrorist groups have no legitimacy or authority to declare jihad. They are evil against humanity. #AntiTerrorCurriculum,5,5,religion,religion,False
7131,@mutludc And the problem is that Iran is an extremist theocratic autocracy.,5,4,religion,other_cyberbullying,True
7138,Begging for attention is also a kind of beggary. Why do you need these idiots to voice for you? Are billions of Muslims not enough? No one cares. Yours is just an other tweet out of millions that people posted when they had nothing to do. This photos is one of the billions.,5,5,religion,religion,False
7142,Far from endorsing white supremacy! How dare you accuse me of that! As a good Christian woman I believe in right and wrong and following rules and not spewing hateful words towards those that disagree with my point of view,5,5,religion,religion,False
7146,"Oh, is that right? That is the stupidest thing I’ve heard yet. Why don’t I tell you that I’m a atheist Muslim... bahahahaha. Or perhaps an atheist Christian? I heard idiots repeat this mantra... saying I’m a jew, but I’m an atheist. It’s all a falsehood. They’re Khazars.",5,5,religion,religion,False
7154,Hah. You think Graham is a false teacher because he supports Trump? So are all Christians who support Trump false Christians? Are you a false Christian because you support radical liberals who vote against Biblical Priciples?,5,5,religion,religion,False
7157,"Let him or she face the law Immediately, but they will leave him because they all sponsored #Jihad, these evil men put their religion first before humanity. They forget that you must be human first before anything else. #Justice for the terrorist victims #BifraExit.",5,5,religion,religion,False
7164,You're an idiot nothing else. Another bhakt. The size of family is never the same and mostly Muslims have more children on average than Hindus or Christians. I knew it was flawed I was making it simpler so that you can understand then explain to you how they diverage from,5,5,religion,religion,False
7167,"Every idiot can go and post a verse without taking things out of context but because you hate Muslims so much, that's does explain a lot that you don't do any research",5,5,religion,religion,False
7168,"And you must definitely be having an issue about the loudspeakers for your own reasons whatever they may be. But there is a sensitive way to say and do things, otherwise we become vile like the multitude of online idiots who can only do Muslim Vs Hindu. Sincerely, an 'RBC'",5,5,religion,religion,False
7176,"Lol. She blamed the crime on Hindu w/o any proof of same and you took the bait. What an idiot. Crime happened in Mallapuram a Muslim area. Most likely criminal is Muslim. She should be asking qn to her community on their animal hatred, instead of spewing her anti Hindu hatred.",5,5,religion,religion,False
7177,"So in one breath you’re saying that if I’m not a Muslim I am not permitted to speak on the issue, yet I can wear a Hijab to play dress up when I am not a Muslim? Makes complete sense! Alianus, you are an idiot. You’d be far smarter if you learnt to not open your mouth.",5,5,religion,religion,False
7183,"Yep, right after the election I saw a friend in fricking Michael’s talking about my shock, a jack christian woman butted in and said she would rather have a stripper than a liar. How rich !!! I wanted to pounded her.",5,5,religion,religion,False
7184,"Iran, a country mad at its ruling class, now united against us. America led by a cultist with support of an “end of times” radical Christian ideology. “Don’t believe what you see and hear, believe me.” Donald Trump. Get govt. out our lives, just don’t fuck with my Medicare.",5,5,religion,religion,False
7186,You are not better than Idiots who fall in trap of Hindu-Muslim Politics. Stop being brain-dead and commenting on Religion.,5,5,religion,religion,False
7194,How can you expect humanity from a country that sells their sons to terrorist for false jihad #PakistanArmy is on the path of self destruction. #KulbhushanJadhav meeting with his mother &amp; wife from behind glass wall says everything abt #Pakistan,5,5,religion,religion,False
7195,How can you be sure that he is Muslim?. When anyone is beaten in India all the idiots come and say he is a Muslim.,5,5,religion,religion,False
7204,Every time u talk about indian media and u prove ur own statement by giving me pak media news this is reality that all media's are the slave of governments u are not aware about wht world knows about porkistan. Redical islamic terrorism.,5,5,religion,religion,False
7209,"She's a Christian woman who has gay friends but doesn't support their sexuality, but oppression gymnasts are acting as if she wants to remove their rights. Why the hell does she has to give a damn about other's sexuality?",5,5,religion,religion,False
7218,"RIGHT?! Who goes on the Bachelor acting naive about the fantasy suites?! A part of me thinks her trying to prove a point as a Christian woman, she wanted to point out the flaws in the show; the suites. A message to her Christian followers. She’s cray!",5,5,religion,religion,False
7224,"Thousands of historians? Are you an idiot? Early orientalism was dismissive of Islam, but modern Hadīth studies affirm the reliability of what muslims consider canonical in terms of Hadīth. If you don't know what you're talking about, stay quiet.",5,5,religion,religion,False
7232,She is a true Christian woman &amp; she doesn’t have fear because she’s right with God. Warrior. Trump is a fake Christian.,5,5,religion,religion,False
7237,"GTFOH with this bullsh*t White supremacist and radical Christian terrorism are real. And these terrorists have support networks (that currently include the White House, unfortunately). The only mental illness here is chronic denial of that truth.",5,5,religion,religion,False
7239,"Proof if it was needed that Muslim men consider women to be inferior. Well done Suzie, I love the way you deal with the idiot. Unfortunately, I am not as confident as others that his tenure will soon be over. There are enough idiots to vote him back, along with voter fraud.",5,5,religion,religion,False
7240,"Mind Your Words, you idiot. I can't even think about spreading misinformation about the Prophet (S.A.W). yes, Muslims defeat them but they prefer not to initiate war. And now you're crossing the limit and you accused me of blasphemy I don't t want to talk to you anymore",5,5,religion,religion,False
7241,"That's why OsamaBinLaden was enjoying his last days peacefully in .Where else an Armed Jihadi (bloody Terrorist) can get refuge other than the hub of Global jihad.Enough of this,Jihad means Struggle shit.U think non Muslims r fool &amp; they can't see wt U guys r doing to Humanity.",5,5,religion,religion,False
7244,2. You have to be shameless or idiot to think this is what Allah wants. Read #Quran and show me where is it written to kill Muslim brothers and sisters to take their property and divide it with non believers?,5,5,religion,religion,False
7249,Exactly had they been muslims CNN would label them that! This is disgusting I bet you half of those idiots don’t even know what they want.,5,5,religion,religion,False
7254,And you idiots wonder why the VET and Military vote ALWAYS goes to the right. This is sick regardless of your polotics. Iran and specifically the Quds force has and is taking part in Ethnic Cleansing in the middle east (Particularly in Syria against Sunni Muslim population) Sad,5,5,religion,religion,False
7263,@Pyrrha108 I agree.  He is just like the prophet Mohammed.,5,4,religion,other_cyberbullying,True
7264,"Don't worry sir ,We with you always...proud of you ...u are the first one in the world who is raise your voice against the Islamic terrorism...The Real Hero if my life Mr prisident Trump.",5,5,religion,religion,False
7273,"What about Islamic terrorism? Speak about it first, if u have guts.",5,5,religion,religion,False
7274,Believing a United States Organization. This is the same U.s who you blame to rise and fund thw ISLAMIC terrorism in Afghanistan and in all other parts. And today believing on same. Such a Hypocrites you guys are.,5,5,religion,religion,False
7288,I’m shocked! I thought she was an “honest Christian woman” (did I get that right Donna?),5,5,religion,religion,False
7292,What wrong with wearing safran... It's a colour... If wear green..will you say Muslim If wear white...will you say Christian... Why these idiots oppose wearing kaavi????,5,5,religion,religion,False
7305,"Only a day after our prime minister replied to Donald Trump's "" Islamic terrorism"" remarks in his own country in UN speech, if u r not aware of that I cant do anything baby",5,5,religion,religion,False
7315,"Some muslims are so insecure lol ... gues thats y terrorism is their monopoly... cant convince you , but we will hurt you ... insecure idiots",5,5,religion,religion,False
7316,"Still no answer then. What a surprise. Do you support and recognise LGBT rights? Yes or no. An answer, not yet more obfuscation.",5,5,religion,religion,False
7324,Whatabouttery is a illogical tool developed by idiots who have agenda to not listen to complete story. I condemn killing of each on of the victims unlike you who would want them to be separately identify Muslim and non muslims victims.,5,5,religion,religion,False
7330,"How big of an Idiot are you? When govt of any nation issues a ban on applications, the official order will go to network service providers, app stores etc. Post that they will take action. Is it necessary to oppose everything just because you are a Muslim?",5,5,religion,religion,False
7333,"This idiot doesn't know that Muslims believe Isa(a.) is alive. But he never died in the first place. Because unlike Christians we don't believe him to be a god. Sorry bro. Your ""love"" is not real. And you know jack. But don't worry your ignorance will land you in hell for sure.",5,5,religion,religion,False
7334,Is that the same Muslims that want to wipe you off the face of the earth!! #Idiot,5,5,religion,religion,False
7335,1.Mam no one is getting triggered. What you need to understand is if you are a muslim then only your religion is not peaceful. Not a single religion in the world teaches anyone to kill someone who follows other religion. It's just bunch of idiots who misuses the religion to get..,5,5,religion,religion,False
7339,"But that’s not what you were doing, ‘Eagle’ from Canada. You are a Trump hater; it’s evident from your page. Sadly, people will believe your revised and edited statement. You’re right though. The ‘Christian Woman’ talking point WAS stronger.",5,5,religion,religion,False
7343,"That's how low is the thinking capability of each and every muslim in India For you there are only uneducated or fake degree holders in India , expect those taught by Mullah in madrasa Sad!You are just a frog in a well Stop being a communal idiot Be secular",5,5,religion,religion,False
7349,There was no muslim ban you idiot! Stop spreading lies and false information! The ban was on travel from countries of state sponsored terrorism or aligned with terrorism. Educate yourself!,5,5,religion,religion,False
7350,Boo ing rammadhav http://speech.My man u are raising a valid point about facism.But please read about facism a little bit.And also show the proof that RSS is involving terrorism like Isis and radical islamic terrorism.Can u interview the same with the,5,5,religion,religion,False
7352,"Stop being an idiot &amp; trying to obfuscate the issue. It’s been proving many times to you by others that your Fave, did in fact, own slaves. From my own own experience growing up in Africa, I know many North African Muslims have a heavy legacy of black slavery too. Read a book",5,5,religion,religion,False
7354,"How can u say that ISIS is Islamic organization? It’s just a terrorist organisation nothing more, bcz through Quran ,If u killed an innocent person u killed humanity,and if u save a single person u save humanity “ that’s our Islam,",5,5,religion,religion,False
7361,"@MintPressNews Humanity nowaday is KILL MOSLEMS AS MUCH AS U WANT, WHEN THEY DO JIHAD KILL THEM MORE,, COVER IT BY ACCUSED THEM AS TERRORIST",5,5,religion,religion,False
7366,You might be the idiot of the day. Muslim women wear masks for religious reasons. And the only economy crashing I see is the one driven by Trump’s refusal to take the virus seriously from the beginning and properly preparing the nation for it. I can see what you’re blind to.,5,5,religion,religion,False
7368,"I suspect the whole report of the college dropout was a set up by the NYT. A complete fairy tale. It's simply a way to confirm that social media is doing the right thing banning conservatives and Christians. Note how they threw in ""he dated a Christian woman"" Absolute twash!",5,5,religion,religion,False
7369,"hell yeah, rollercoster brain juice sisters! right now i'm in a young christian woman from 1930's chile profusely in love with a widowed fisherwoman kind of mood so my current favs are love your god and bright blue flowers",5,5,religion,religion,False
7376,How much would you pay to see this idiot tell a Muslim that they need not depend on Allah.?? The Man is a Coward. Just like when Hitler picked on the Jewish People. He goes after people who believe in God. Communist DO NOT believe in Religion. That is why the Churches are closed,5,5,religion,religion,False
7378,Wouldnyou say the same if it were a book being banned to placate some radical evangelical Christian Group? (I don’t support them. I just don’t support cancel culture.),5,5,religion,religion,False
7385,"I hope your right, but it's hard for me having been raised by an amazing Christian woman who has never insulted anyone she ever had an issue with, believe that a man who so easily cuts down and insults people in public both walk the same path when it comes to Christianity",5,5,religion,religion,False
7387,Yes..can see what Chinese do to own country.... Xinjiang is live example ....how millions of Muslims are humiliated everyday and are deprived of basic human rights....you idiot Muslims in Pakistan don't even raise voice for that...don't talk about own people you rented troll.,5,5,religion,religion,False
7389,"-song recently- which i interrupt w ""she released a second one today!"" ""At this rate the album will be out soon right? Anyways, she is a christian woman, yet she's spent all these years making sure she isn't labeled a ""christian artist,"" because it limits her audience."" Then",5,5,religion,religion,False
7398,"@LUVSHINECAFE @bradybaggett When religious war, jihad, is a cornerstone of the religion there is no possibility for reform.",5,5,religion,religion,False
7402,But its ok to chop off the head of Christians like the radical muslims you support.,5,5,religion,religion,False
7403,She was not a role model for anyone.. she's actor trashy all the way through this program.. she has acted overtly sexual with all these men.. I think he was right with his concerns.. if anything she has not shown how a Christian woman should act..,5,5,religion,religion,False
7404,"Right, he is a poor 83 year old man, he does not have the strength to shake the hand of a petite Christian woman. But there is no lack of strength to bow to his old knees, kissing the feet of African leaders. I call this hypocrisy! #popeslap #PopeFrancis #Violence",5,5,religion,religion,False
7410,"Alawite genocide against Christians ""Christians overwhelmingly support Assad govt because it saved them from radical militants"" ""Germans loved Hitler too."" ""sky is red"" ""No the sky is blue"" ""The sky is now racist and must be put to death to save it from being put to death""",5,5,religion,religion,False
7414,"So should we allow Muslims from other countries that are here illegally vote into law sharia law so they feel more comfortable and included. If so, then we're no longer a country, we're no longer Americans. If you allow other countries to dictate your laws, you're an idiot.",5,5,religion,religion,False
7425,"Mudafucker, I'm writing you now to reply me or else. I will post what you sent to me on every Muslim Twitter handle that i know. Idiot",5,5,religion,religion,False
7427,"Happy Pride Month!! Although I do identify as a straight cisgender woman, I support you all. As a Christian woman I love you all and I support your fight for equal rights and I support you in who you choose to love #PrideMonth2020",5,5,religion,religion,False
7428,"If one retired army officer does something brutal, then the whole army is bad. And when some terrorist do the same and some idiot calls out the whole Muslim community on this, then you people say that some people doesn't represent the whole community!. Why so hypocrisy?!",5,5,religion,religion,False
7429,Those banks around the world who destroyed the Muslim countries rebuild our homes now. I know you idiots don’t have the power to return the millions lives that were killed. I mean all the countries to be build. Killing us for oil that belongs to the people they dying from hunger,5,5,religion,religion,False
7432,"Idiot. I lived there for over 30 years. You are lying. They do not have their own police force. They might have a neighborhood watch like the Muslims, the LGBTQ, the students at Columbia, the Guardian Angels and so on. Stop being an idiot.",5,5,religion,religion,False
7437,U worry about ur islamic terrorism as Trump called it out. Don't worry about India ur muslim brothers are spreading corona on large scale,5,5,religion,religion,False
7438,"@JoeNBC you really think the more people attend church, the lower their support for Trump? So, you are saying that all those radical Christian Taliban zombies don’t go to church? Mike Huckabee, Mike Pence, etc...give me a break.",5,5,religion,religion,False
7442,So you are saying that the team that runs the Sun now is entirely responsible for the things that the sun did in the past. Just as white people are responsible for historic racism. VW for diesel gate. ...Just as all Muslims are responsible for Islamic terrorism. Idiot.,5,5,religion,religion,False
7445,@discerningmumin But the western world gave up slavery on it's own. No one forced them from the outside.,5,4,religion,other_cyberbullying,True
7446,"You are an idiot if you really believe that the mammary gland was never meant to be sexualized. Double idiot If you're a Muslim and supporting ""free the nips"" rubbish",5,5,religion,religion,False
7453,Dude...that tweet was in different context. law is n should b same of all n ppl violating same should b penalised irrespective of case race religion. Do u agree that Islamic terrorism is wrong n should nt b thr.,5,5,religion,religion,False
7459,@AnonHeel Political satire always pisses off someone.  Why should the religion of hatred and murder be excluded.,5,5,religion,religion,False
7462,"Right, because U know so much. God the idiocy that can be found on the Internet. BTW, U don't seem to understand why Islamic Terrorism was not the appropriate phrase. So I guess that based on your logic white supremacy can be termed Christian terrorism. This is good to know info.",5,5,religion,religion,False
7464,"Where your iota of humanity left when soldiers die, or does it come into the picture when a jihad or terrorist die? Where is your placard?",5,5,religion,religion,False
7466,"or internal Islamic terrorism, which is a problem. If the U.S wasnt there the most likely focus of terrorists would be Russia and they could devote full effort.",5,5,religion,religion,False
7470,@IftikharAwan Did your prophet murder apostates - yes.  Did your prophet rob caravans and commit genocide - yes.,5,5,religion,religion,False
7471,"@ummayman90 If god is protecting his Islam, why does he need you to protect it, murder apostates, and spread his vile religion by sword.",5,5,religion,religion,False
7487,"MC, don't lie blatantly.. I don't rely on Wikipedia and mainstream media. They twist the story like anything. Do you remember Moola Genocide, Kashmir Genocide, Godhra Genocide? Did Hindu's kill Muslim? Don't be a idiot. We are not oppressor. We are safe guarding our culture.",5,5,religion,religion,False
7504,Why should I be stopped because an idiot in London has a knive? Tell me do you think all Muslims are rapists? Your logic mate not mine I’ll wait tho,5,5,religion,religion,False
7506,What did mga write about this verse? And I am a Muslim you idiot. This could never apply to me. Smh.,5,5,religion,religion,False
7509,Do even hv a clue that most of the terrorists kill their own community the world over.. And what is the fight for...what is this Jihad all about...protecting humanity or destroying that part of humanity which doesn't conform with your ideology..??,5,5,religion,religion,False
7510,There are 1.3 billion muslims on earth..if all of them were terrorists this world would have been very different from what it is today..muslims themselves denounce those idiots..This kind of ignorance will not lead you very far in life.,5,5,religion,religion,False
7514,"@peymaneh123 @AnasMechch I don't see any burning civilians, and the picture is not even of a burning house.",5,4,religion,other_cyberbullying,True
7528,"Middle aged Christian woman going through a rough season, possibly a divorce, voice: I just really think God is calling me to be in youth ministry right now.",5,5,religion,religion,False
7530,"You don’t even know what taqiyya is, you idiots use it every single time a muslim makes a valid point. You just say “Oh it’s Taqiyya”",5,5,religion,religion,False
7532,Thank you for proving my point. The anti Jewish state in tow with with the anti Muslim state too. No UN states (and more non UN) recognize Artsakh? Come on you're just an idiot now.,5,5,religion,religion,False
7538,Yes but when you will feel shame for terrorism jihad invaders rape murder destruction of temples occupation of land?when or humanity is alive only in this side cos other side believes in jihad written in some book followd by millions kuffar fobic terrorist,5,5,religion,religion,False
7548,"So by disavowing Spencer; yet again, you're basically supporting Milo. You'd rather support a fake Christian, real degenerate, helped along by Bannon, rather than an independent radical thinker? I love what you guys are doing to these neocons, but your tweet doesn't look good",5,5,religion,religion,False
7549,"Not all Muslims are from Islam you idiot Yas you tell her, we love a woke Kween.",5,5,religion,religion,False
7558,"thankyou for speaking up. i’m sorry if there’s idiot came at your throat bcs they think you guys won’t use your platform for this. also this is for every minorities out there, be it asian, hispanic, muslim, black, lgbtq, your lives matter. all lives matter. spread and",5,5,religion,religion,False
7562,This is what happens when you allow idiots to run a country.,5,5,religion,religion,False
7564,@CavusSeyit You are the one who believes in a god that asks one part of his creation to murder another part. Impossible to get any stupider.,5,5,religion,religion,False
7570,"Christian, really, 8 links to support all the points you were trying to discredit...wind is over, solar is over and now your Ilk wants to burn all the trees (Bio Mass) to save the trees...their is a certain kind of Crazy in people like you...Radical Environmentalism is Dead!",5,5,religion,religion,False
7576,"I'd go further and ask, why would he wait for the election? The pandemic is a 1-in-1Million opportunity, especially with an radical 'christian' in charge of planning and logistics, a narccistic neophyte in the White House, and a GOP that would clamor to support the new overlords.",5,5,religion,religion,False
7577,They are not going to believe Because according to them humanity started 1400 yrs ago Because they thought earth is flat Because they thought by killing kafirs they will get 72 hoors Because they thought jihad is self defence Because they thought islamic terrorist didn't exists,5,5,religion,religion,False
7579,"For example, if a Muslim says ""it's not a sin to drink, it's only a sin to get drunk, and I don't bet large amounts of money, just a little bit, so it's not harmful gambling."" Me: You're an idiot.",5,5,religion,religion,False
7584,@ingyusarms The Quran writer imagined god as egotistical and as wanting to be worshiped and bowed to because he was unsophisticated.,5,5,religion,religion,False
7585,"And thanks to a few idiots like you with names like Johnny, Kristanophobia is also beginning. Suddenly we see you as the real trouble maker dividing Hindus and Muslims. Thats over. Wait a bit. Keep up your antics here.",5,5,religion,religion,False
7596,"@truaemusic The question is not about people doing bad things, it is about the religion supporting and demanding those things.",5,4,religion,other_cyberbullying,True
7601,I am a white Christian woman who lived through the Civil Rights Era ... I know racism when I see it. Let's get honest guys,5,5,religion,religion,False
7603,"This is what Muslim rape gangs think of white ppl yet still we are racist imagine how she feels reading this, you leftist Liberal idiots who want to carry on pretending should feel ashamed.",5,5,religion,religion,False
7609,Now the term islamic terrorism which u texted unmasked ur thoughts sir so I'm vending up this conversation,5,5,religion,religion,False
7610,you’d think living in a predominantly arab/muslim populated city that more people would be out there on the sidelines fighting alongside for blm but all I’m seeing are these idiots getting mad that people are posting ab this as a means for “clout” im fuckin disgusted I hate this,5,5,religion,religion,False
7612,"Thousands of Indians, both Muslims n non Muslims r getting far far far better treatment with high quality food n diet than in India. Have you seen a single video of Indians abroad complaining of police brutality, lack of food, treatment? Idiot.",5,5,religion,religion,False
7620,"Calling everyone Nazis just makes you look like a dolt. But I'm sure you'll ignore the actual traceable ties to BLM and Muslim Brotherhood and Hamas in order to say the word Nazi. Now call them fascist. While acting like one. Sorry attempt to justify violence, idiot. Cheers.",5,5,religion,religion,False
7625,How intelligently you started from a Muslim guy and also went to show your post is neutral. You are a fattu. If you have guts talk about that idiot only Aligarh. Hypocrisy is to the core in fake journalists like you. Shame,5,5,religion,religion,False
7628,Whole world is facing Communist terrorism and Islamic terrorism but nooo u wont say a word about it. It doesn't suit ur narrative!,5,5,religion,religion,False
7636,"Madam, Terrorists are a nuisance. When ISIS cannot be stamped out, then how can you even think ISI organised terrorism can be beaten in one strike. It is the evil mind of barbarism because of what they believe in which is the problem. Read Quran. You will know. 72 hoors, crazy!",5,5,religion,religion,False
7645,But u can finance radical islamic terrorism in the whole world with oil money..this hypocrisy won't work now,5,5,religion,religion,False
7647,Not long ago all Muslim were apologetic for some idiotic action of few Muslim now it’s white peoples turn entire white race is feeling guilty for few idiots. Now you know how it feels to be victimised,5,5,religion,religion,False
7657,"He is a so called Muslim. Islam never promote terrorism.Then why did u call it as s "" islamic terrorism.""?",5,5,religion,religion,False
7664,"@roisin_morgan Then you are a total idiot, because Muslims are killing people around the globe. They are at war with every religion on earth",5,5,religion,religion,False
7669,You obviously lack the comprehension to even skim the article before throwing your uninformed crap around since a slightly higher percentage of people believed the same about Muslims. Idiots everywhere.,5,5,religion,religion,False
7670,"Please, be a little more specific: which muslim country? But, don't tell me about ISIS or other terrorist groups which are not a legitimated state. Look sura 90 in the Quran: The righteous path: ""...It's the freeing of slaves...."" So, try to read the source of the faith.",5,5,religion,religion,False
7677,"I will never understand how Christian woman tear apart, discourage, put down, and have no empathy for their sisters, in the name of ""you need to get yourself right""",5,5,religion,religion,False
7679,"people here think that blm movement is west communism and its against Christians and traditional family cuz only lgbtq+ peeps goes there. sorry my brains are malfunctioning, WHAT?! right, if you're a good christian woman, you can't speak just poop 20 kids out of your vagina, cool",5,5,religion,religion,False
7681,"Wow @chancetherapper did you read Ye’s interview? Your choice doesn’t even think I should have a right to get an abortion. As a Christian woman, I don’t believe it’s within my power to take women’s basic rights away. Fuck Ye and Biden. That’s the point honestly.",5,5,religion,religion,False
7682,And some German Jewish academics saw Hitler as the only thing standing between them & the radical Russian Bolsheviks. We know how that turned out. A true Christian does not support one evil because he thinks there is a greater evil out there. A true Christian rejects ALL evil.,5,5,religion,religion,False
7683,What do you expect as a Muslim. The right are against him the left are with him and he is with them so don't be surprised. The Muslim faith's my aim is to undermine Western civilization from within and if you are the kind of person that says I am an idiot then you are in denial,5,5,religion,religion,False
7689,"Also what are contribution of islam to world is loot, grab, rape, lies, fraud, jihad, terrorists, and n number of crimes, what is the contribution at humanity and peace through islam very rare, muslim also not able live in peace at muslim majority places",5,5,religion,religion,False
7691,You should be happy idiot because your favorite army killed an innocent Muslim in IOK,5,5,religion,religion,False
7692,"Its not a symbol of hate, not nearly as hateful as your name on a building. Another made up chant from the idiot who said he saw Muslims celebrating 9/11 just after bragging about the height of his building. You are complete trash.",5,5,religion,religion,False
7695,I see you are an idiot as well. I was responding to the antisemitic post that claims Jews have 'the power' because you supposedly can't criticise them. I was just pointing that someone writting an anti black or anti muslim post has more chance to get immediately fired. so........,5,5,religion,religion,False
7699,"Getting hate for all the right reasons! My first bad review came from a fundamentalist Christian woman who was offended by our script because of the lines ""Do you believe in God?"" ""Does it matter? He'll be or not be whether or not I believe in him. That's a stupid question.""",5,5,religion,religion,False
7700,"I bet he’s one of the very few who would ever claim that. The Jews & the Christians share a lot of values and we should support each other, otherwise radical Islamization is the future and I’m sure neither of us would like that.",5,5,religion,religion,False
7707,"These are the people that will jump right on the Muslim community for its alleged tacit support of radical Islamist violence, but refuse to apply the same standard to themselves in the case of rampant white Christian terrorism.",5,5,religion,religion,False
7710,He dog tell behind truth you idiot rascal you don't know or don't want to tell us this terrorist burning some house some ka so this kind of people should be killed like Muslim terrorist isis https://twitter.com/dune_khaal/status/1266647356746932224,5,5,religion,religion,False
7718,"I don't conflate Muslim with terrorists, I question whether or not the values, customs and beliefs of Islam are compatible with liberal democracy. The exact same thing you libs fo with Christianity. BTW, I simply gave this idiot a taste of his own medicine",5,5,religion,religion,False
7719,@Nigzzzk There is no personal relationship with creator in Islam. Everything comes through a phony prophet and the only relationship is fear,5,5,religion,religion,False
7720,Can't you read...how does it relate with muslims... Idiot,5,5,religion,religion,False
7721,Irony is no one wants these leftist idiots. Maybe Chinese slave labor? Try a Muslim country? Yes if you want to be beheaded or if gay shoved off a building. Cuba might take a few but only for exploitation. Once done let em starve.,5,5,religion,religion,False
7727,"Father Kevin, I say this as a Christian woman strong in her faith- you have no right to tell me what to wear or how to cover myself in church. You are not to judge me. Only He will judge me, and I welcome His judgement. Not yours.",5,5,religion,religion,False
7729,"Not all hindus voted them,or at least not because they will do this to muslims...and secondly calling an entire nation immoral,evil and inhumane..wow..just the same way of calling pak a terrorist nation..there are idiots on both sides of the border..i am sure you are not kashmiri",5,5,religion,religion,False
7730,Why are you so happy a out it and dancing with the news??? So called intelligent idiot like you... i dare you to speak about muslim religion ans see how many fatwas you get...are these the words you use for lord Ganesh where millions have faith in??? Who gave you the right?,5,5,religion,religion,False
7732,I love it how you leftist idiots believe the whole crime scenario that happened on the land of Turkish dictatorship. Turkey the land of Muslim Brotherhood. If anyone killed Khashoggi it's Turkey or your intelligence. The cute fiancee story wasn't too convincing.,5,5,religion,religion,False
7737,You sound like a radical extremist dude! Some people choose not to believe and aren’t you as a “Christian” supposed to support that? #athiests,5,5,religion,religion,False
7743,".@KarenPence You know that that this is wrong. As a Christian woman you must realize that Mike got sucked into the dirt bag vacuum of tRump. You can justify by saying ""He was following orders."" This is not you, or your family values. Please help Mike make the right decisions.",5,5,religion,religion,False
7744,@ILTAFSHEHZAD Why would I care about the opinion of a guy who follows a pedophile prophet?,5,3,religion,not_cyberbullying,True
7752,"#AbolishICE and no, you are NOT radical. I just want to know what the Christian right find OK about this and that their Jesus would support it -- NO HE WOULD NOT",5,5,religion,religion,False
7762,"@ummayman90 When people leave Islam, they don't announce it.  They just quietly walk away.",5,3,religion,not_cyberbullying,True
7766,"My husband prefers my hair short, my father preferred my mother’s hair short. Etc. This is an extremely stupid subject. Signed, a long-haired (because I like it that way right now), traditional, Orthodox Christian woman. P.S. We all need to look to our hearts.",5,5,religion,religion,False
7771,"Peaceful people. Lol. Eradicate these muslim scum. ..that sounds totally generalized. The vast majority are peaceful. You didn't say eradicate these extremist idiots, you said eradicate the Muslim scum, including the ones that are peaceful just by the way you stated it",5,5,religion,religion,False
7777,I've commented on that already. There's no way that the movie should be banned. Just because their religion has illiterate idiots doesn't mean we should go down that way too. You're making intolerant Muslims your idol if you do the same.,5,5,religion,religion,False
7785,One idiot doesn't speak for the rest of us. We all wish you well and we also hope the idiots caught. This kind of behaviour has no place in our religion. Many a time Sikhs stand by us as Muslims and we're thankful for them,5,5,religion,religion,False
7790,You Muslim by any chance Shiraz??? And yes that does make a point! Khan is an idiot and has never done what he was paid to do. Instead he meddled in Brexit and spent more time wasted on things that didnt concern him. If you believe in your tween thats just totally made my point!,5,5,religion,religion,False
7800,"When an idiot stomps around my country destroying it in the name of Marxism, I couldn't care less what she is whining about, she's disrespecting my rights. She needs to respect the law. I've been to enough Muslim countries to know what I state. Me no make up story, you make up.",5,5,religion,religion,False
7812,Truth One Christian Woman Sent To Isalm To Tell Them Jesus Coming For Judgment and They Ran Now I'm Done Chasing Them They Help Tweet or Not I Have The Same Options Right Now I Answer To Allah Not You Isalm,5,5,religion,religion,False
7818,Trump is the antichrist. The so called evangelicals that support him are as radical as muslim jihadists. Trump and his evangelical supporters look at hispanics the same way radical muslims look at Christians. Like they are sub human. Hatred in the name of god is not Christian.,5,5,religion,religion,False
7819,@discerningmumin Islam is an entire religion built on intolerance and jihad. It's time for the world to stop tolerating it.,5,5,religion,religion,False
7829,"They are not even muslims. They are killing other muslims n nonmuslim to rule over them and dominate them, it isn't jihad. They are terrorist and sinners. In islam Killing a innocent is equal to killing whole humanity.If they had followed islam they had never become the terrorist",5,5,religion,religion,False
7840,"I do not support Trump, Trump will cause less damage, it's not that he is ""better "". International relations?, tell that to the millions of Muslims murdered during the Iraq War. You are the typical brainwashed Idiot, turn off the tv and try getting a clue",5,5,religion,religion,False
7841,"@donnabrazile wow, Donna, really, you claim to be a Christian woman, and you're gonna use Jesus's name in vain? Blasphemy right on National TV, saying our Savior's name to Jesse in a response to a question, you are not a good representation of a godly woman. #VoterIDNow",5,5,religion,religion,False
7846,"thank you Scott! PA is so dicey and needs all the help you can provide. SO many people believe in the lies about POTUSs work and stick w/this idiot PA GOV, who is a crazy DEM SOCIALIST MUSLIM.",5,5,religion,religion,False
7847,Just stand in front of the people who passed the resolution and ask them to identify you...a sikh or a muslim? I bet they won't. Who's bothered about resolution by such idiots?,5,5,religion,religion,False
7848,LOLOL are you some sort of Rothschild family that you owned and run and build many countries? I think ignorance is on your part for believing any idiot that tell you an incident and you believe it's the country policy to feed Muslim pork LOLOLOL,5,5,religion,religion,False
7849,"Hey Arab talk with respect and manners,We support and enjoy friendly relationship with every Muslim country so dont be idiot and fall for Indian propaganda.Use your brain if you have it.",5,5,religion,religion,False
7851,"What are you both on? I didn't even mention the travel ban. This lady said that muslims want to kill us! Just pointing out her incredibly flawed statement. Also, I'm not a democrat you idiot. I'm very centrist.",5,5,religion,religion,False
7853,"“out of many one”, wish current admin believed it instead of divide us into red/blue As a Christian woman do you believe that your God’s blessings stop at the borders or God given rights given to all his children. What you do to the least you do for me. You are not a globalist?",5,5,religion,religion,False
7861,"/u/bitusher: The solution is less regulation , smarter regulation that remains, capitalism, stop supporting Islamic terrorism and theocratic governments, and to reduce the power of re",5,5,religion,religion,False
7862,#Jihad in the name of #Islam is the only reason which forces some targeted followers of #Islam into #terrorists to spread #Terrorism. The good &amp; responsible people from the entire community irrespective of #religion should stand against these #enemies of #mankind and #humanity.,5,5,religion,religion,False
7867,"You realise that this is literally the same argument as when idiots say that you can't be racist to Muslims because Islam isn't a race? In both cases it's facile, and is designed to allow racism to continue. You should be ashamed.",5,5,religion,religion,False
7869,"@ummayman90 Yes, might, power, and imperialism is what it is all about.  There is zero spirituality in it.  Soon the world will understand.",5,4,religion,other_cyberbullying,True
7873,It’s nice to see a strong Christian woman take charge and do the right thing!,5,5,religion,religion,False
7874,"Bro, they won't understand you, the average Nigerian will think you are speaking in tongues. What matters for them is; where is he from? Is a muslim or christian? North or south? Does he support APC or PDP?. We need help and radical mentality makeover.",5,5,religion,religion,False
7882,The problem is not being non vegetarian. The problem is you selectively targeting a particular religion and become spine less when Muslim religion is involved. You are an Idiot and a hypocrite organisation.,5,5,religion,religion,False
7891,"@MaxBlumenthal That tiny group is dripping cluelessness all over the floor.  ""Oh please love me for my brainwashed anti-Semitism!""",5,3,religion,not_cyberbullying,True
7894,"Actually I was referring more to people like Mike Pence. Social conservatives, not conservatives in general. Trump isn't a So-Con. Radical Christian Extremists who support big government, war and oppression.",5,5,religion,religion,False
7895,"That majority of people who followed and believed the messengers were upon misguidance. You have to be an absolutely idiot to suggest that. Thirdly there are 8 billion + people on earth, only 1.8 billions are Muslim, so majority still rejects the Message. There goes your logic",5,5,religion,religion,False
7896,"All of this is also getting away from the original point, that believing in ANY God regardless of religion doesn't make you some braindead idiot that has no independent thought or beliefs. Muslims existing doesn't affect me, you existing doesn't affect me, why can't we exist.",5,5,religion,religion,False
7897,Only very few neutrals could use both the term 'ram atrocities' and 'islamic terrorism' publicly.. even u won't spell the latter.,5,5,religion,religion,False
7907,You throw that out there but what you failed to understand is that she is standing up for her rights and her and religion. I don’t remember any Christian woman saying she was going to kill any infidels....I guess I missed that at the last meeting.,5,5,religion,religion,False
7909,Isis follows the quran and sharia and accoring to the isis they want to create a caliphate which was ordered by your prophet and i sometimes wonder why all the terrorist groups are islamic in nature? Is it a coincidence or is it your ignorance?,5,5,religion,religion,False
7919,These idiot feminists have no idea of how much the green/red alliance intends to victimize and control women when they take power. And if you don't know what that is it's the Muslim/Marxist alliance!,5,5,religion,religion,False
7925,Last time I checked it was your combover in chief who was spreading hate and division... Go hide behind you’re so called Christian faith. You’re no better than a Muslim radical. Real Christians don’t act like you and would never support someone like #45,5,5,religion,religion,False
7927,WTF?? See this is EXACTLY WHAT I MEAN...I TWEETED 2 YRS AGO ON HERE...PRESIDENT EVERYONE. STILL! DIDNT FN LISTEN. YOU IDIOT'S THOSE ARE OUR F 35S OUR TECH..YOU DONT BUILD THEM IN A FN MUSLIM COUNTRY..THATS AN ENEMY... TURKEY WILL GIVE ALL OF OUR TECH TO PUTIN...INSANITY!!!,5,5,religion,religion,False
7928,It’s crazy how you guys who don’t support his impeachment are “radical Christians” who are hypocritical and have no idea what Christianity is!! Shame on you lot,5,5,religion,religion,False
7930,"Its a sad state the church is in. Promoting sexual immorality, murder of babies, and terrorist rights over American citizens. I gave Trump prophecies to 85 year old born again Christian woman who gave it back without reading it as she doesn't feel God works that way today. Sad",5,5,religion,religion,False
7940,"Listen swine, Ramzan means doing fast, you idiot!! Ramzan is not taking out procession by gathering thousands people!! Muslims didn't even perform Eid namaz! Use your tiny little sense at least if you have!!!!",5,5,religion,religion,False
7948,The guy you're responding to is an idiot but then your response is way too. It was sort of like an atheist watching a muslim and christian debate.,5,5,religion,religion,False
7951,"Example of Islamic terrorism in North east, two days back incident,u cannot play victim card anymore, because u are exposed after 2014",5,5,religion,religion,False
7956,if you want to clean that blood desk start with every church. and i mean every church does not matter if its jewish or muslim or whatever the hoax is that is planted in human minds. its useless to pick trump as a source. trump is a result of idiot church systems not a source.,5,5,religion,religion,False
7957,"[2] and then I'm doing it for my petty gain? Wow just wow Both hindu and muslim have extremist idiots and you're denying that I'm not the one whose targeting specific people you are doing that And I'm inciting people lol, do you even use your brain ?",5,5,religion,religion,False
7983,Ngl my Muslim friends are the kindest and most amazing people I have ever met and we have mutual respect and understanding and I'm really sorry if anything I tweeted today came off as offensive but I love you guys and I'm sorry your fellow believers are idiots,5,5,religion,religion,False
7990,@congressman_aly I know that the terrorist organization Hamas has not had another election since their first one.,5,5,religion,religion,False
7997,You must be Muslim to follow the Leader! Look at yourself in the mirror too!! Before you call people you don’t know idiots in our world Stop The Hate..Fight For A Good Cause For All!! We Are All Americans Fighters for All!!,5,5,religion,religion,False
7998,"You are what they call a useful idiot. Muslims are allowed to lie to non-believers. ""Protection"" is just like the kind you get from the mob.",5,5,religion,religion,False
7999,We need more authors to break the stereotype! And no doubt there will be struggles coz guess what!!! some idiots can't see Muslims be anything other than oppressed people wanting to convert at some point (for the stupidest reasons). I'm aware You have seen it too.,5,5,religion,religion,False
8000,"When there is an open terrorist in India, and you just want to be your slave, then why do we need terrorism in India? You are feeding them with your blood. We do Jihad only against those whose humanity is not far off, and cause mischief in the land of Allah.",5,5,religion,religion,False
8004,“The universe” but she a Christian Woman right ? did she have an editor ? Like I’m confused on multiple levels .,5,5,religion,religion,False
8006,"Analysis of media content show intention to cause #panic and control global mass of terrified people, easy to direct without a choice of their own, linked radical #Christians in America, in support of Trump re-election but having nothing to do with responses to #Corona outbreak.",5,5,religion,religion,False
8022,"What's this? A Radical Orthodox Christian Terrorist. If you like those people, then you support killing of innocent people.",5,5,religion,religion,False
8027,"Before lots of people call you an idiot, being a Muslim is part of a religion and not a RACE of people. It is a religion followed by many different ethnicities Also dont blindly follow, read up on whats going on with these two #corrupt af",5,5,religion,religion,False
8035,You know what the muslims call people like you a useful idiot. Here you are trying to justify slavery so thay don't have to. I hope you have this same energy telling black people don't get mad at the white man because Arabs had slaves before them,5,5,religion,religion,False
8036,"Both genders are equally tragic and equally to blame... I'd like to marry, but only if I find the right old fashioned Christian woman. Until then, I'm fine with abstaining entirely.",5,5,religion,religion,False
8041,"So, I bet you consider yourself a Christian woman. Right? So judgmental and rude.",5,5,religion,religion,False
8044,"I know you don't I'm just interested in peoples views of Tommy's credibility. He's the US right's useful idiot as far as I am concerned - and it's a clever ploy by them to use him for UK public opinion, demonising muslims helps neocons undertake their next illegal war.",5,5,religion,religion,False
8047,"Being muslim its mean you should do sahalat, zakat, hajj, and not just believe in allah and go straight to heaven idiot, and its clearly said from quran that you should wear hijab, show that your knowledge of islam is weak",5,5,religion,religion,False
8054,"Yes raise your voice against religious extremists , nations built on basis of religion not humanity and human values , raise your voice against terrorist in the name of jihad ,raise your voice ....",5,5,religion,religion,False
8055,"I think it’s also about her being a strong woman and of course Muslim. It’s very sad, but you have to ignore them as they are uneducated and idiots.",5,5,religion,religion,False
8060,mam with due respect u r showing too much humanity to pakis snakes who support their terrorist army which is waging jihad on us .,5,5,religion,religion,False
8063,"After the US bombed the Middle East, told the people on the ruins that I brought you freedom and democracy, and told the Americans that we maintained the world order, we are justice, Then blame CPC kill Muslim.which is brainwashing, Sadly, a lot of idiots believe these bullshit!",5,5,religion,religion,False
8064,She’s absolutely lying. Such a good Christian woman right?,5,5,religion,religion,False
8066,"So you're against ""tyranny"" are you? What other e.g.s of tyranny are you active in opposing? US police murdering black people in broad daylight? Chinese dictatorship torturing muslims in concentration camps? Lack of human rights throughout Middle east? No, didn't think so! #idiot",5,5,religion,religion,False
8071,"So basically, you are being racist? The Quran does not say to be terrorist. It does not say to defy basic human rights. And the rack that you talk about ISIS &amp; al Qaida is wrong. Not all Muslims are terrorist,not even they majority.kids get taught enough about 9/11 as it is",5,5,religion,religion,False
8093,"You guy will remain idiot even if you live amongst Muslims till death. Try something to learn from them. They will teach you where the azaan is made. It's Masjid, place of worship and not at Madarasa, the place of learning. Give thanks when you learn so that you can learn more.",5,5,religion,religion,False
8102,"As bad as he is,we got Radical Evangelical Christians making his behavior the norm.I truly hope his wife is collecting a lot of DNA samples or a cleaning staff and then bury him at a future date.Not only that,the woman that support him think very low of their gender.",5,5,religion,religion,False
8105,"Again, to each their own. I am happily a Christian woman, who identifies as bisexual. And, EVERYONE has the right to protest - but let’s aim to make it a little bit more peaceful.",5,5,religion,religion,False
8112,"O hello idiot, these are the same Muslims who give you ride to the top by there horses and even on there back. Have some shame.",5,5,religion,religion,False
8113,"I already said I wouldn't protest b/c I hold no animosity towards Muslims. And if you're talking about police brutality, I definitely wouldn't make it about race. Honestly man, you're an idiot.",5,5,religion,religion,False
8128,SIR I STAND WITH PALESTINE NOT JUST BCS IM MUSLIM OR WHAT. ITS ABT HUMANITY. YOU ARE SO FKG DUMB IF YOU SEE NOTHING WRONG WITH WHAT ISRAEL HAVE DONE TO THEM. IDIOT. I HOPE YOU READ THIS TOO SIR.,5,5,religion,religion,False
8129,"I don't know the politics of my date on Saturday, but I'm declaring right now that, so long as she's opposed to abortion, nothing else matters for the relationship. Fortunately, she's a good Christian woman so I'm not worried.",5,5,religion,religion,False
8131,"Let me give you a fact and end it. He went to canada and started boot licking there for a seat in the elections. When that failed, he shifted his focus to india knowing how many gullible idiots are here who would believe anything that would be anti muslims. You go and support him",5,5,religion,religion,False
8133,You idiots make me laugh. Anything to get the world feeling sorry for you. I love my Muslim wife but I hate the idiology that she once followed. Your thoughts are irrelevant and so is your allah.,5,5,religion,religion,False
8145,"You can’t be a true Christian and support Democrats’ radical, inhuman views on abortion.",5,5,religion,religion,False
8164,I can’t read the article because it’s behind a pay wall but I’m just curious about what her stances on women’s rights and women’s reproductive rights as a Christian woman. Thanks,5,5,religion,religion,False
8180,Can u pls curse the corona virus and then the Islamic terrorism? You seem to have supernatural powers.,5,5,religion,religion,False
8186,WE NEED TO UNDERSTAND SHIA KILLING SUNNIIIN NAME OF RELIGION.TERRORIST AIM FOR JIHAD.WHICH MEANS LICENSE TO KILL..HOW WILL WE SAVE HUMANITY,5,5,religion,religion,False
8189,"But according to the school "" shes a good Christian woman and was just trying to guide you to the right path"" this is the same school where a teacher was watching porn on the smart board and then again on his computer with us in the classroom and still has a job",5,5,religion,religion,False
8191,"@DianH4 Not only do that, but they can dump their wives, leaving them nothing, by saying three times, ""I Divorce you"". Barbaric.",5,4,religion,other_cyberbullying,True
8209,"@obsurfer84 @teenage Yes, you can lie about Islam all you want and you can deny all the evidence all you want.  No one cares about opinion.",5,5,religion,religion,False
8212,"Again, my tweet was directed to Commie Muslim men, looking like weaklings online. Take your problem to the idiot who misled you into thinking this was about the human face, if you've got the nerve, which I doubt.",5,5,religion,religion,False
8214,"Mr what's wrong with you u r not seeing whole world is in danger due to redical islamic terrorism and 2nd they destroy our temples, our holy places, we give them equal rights, how about u can u give same to nonmuslims in your Country. Boycottindian product and have cheap china",5,5,religion,religion,False
8218,Idiot from where did you get this data separately that muslim and brahmin consumes this quantity of meat..,5,5,religion,religion,False
8219,what the fuck are you talking about im turkish and german myself and i have NEVER seen a german guy get beat up by a foreign guy without a reason you fucking idiot but i know so many muslim or colored people who have been constantly harrassed or beaten up by police or drunk nazis,5,5,religion,religion,False
8225,"What more can you say after watching this video. For the idiots who believe otherwise. Wait until the next scamdemic hits, and see if your immune system can handle it or not. As humans our bodies were made to fight off viruses. It’s called having a Strong immune system.",5,5,religion,religion,False
8247,"From a centrist standpoint there seems to be a lot in common with far left and far right. You said China = socialist, you defend them for murdering Muslims to “prevent terrorism, and avoid unemployment”. My dude I prefer to be an idiot and a child than whatever you are",5,5,religion,religion,False
8261,Don't u think very soon NATO will kickoff the ass of Turkey after that you all would be forced to join the ISIS Or Islamic Terrorism in middle East otherwise very soon turkey will be converted into another syria Yemen or afghanistan where Saudi Arabia will bomb,5,5,religion,religion,False
8267,"Idiot do you think to I've to accept this as my personal mistake or religious mistake. If one , hundred , thousand muslims do mistake , you einstein jumped to ""see muslims like that/ this"". You need example lol , DM me , why to go even yesterday data , I can give you today data",5,5,religion,religion,False
8270,Jihad? You people are more dangerous then those terrorists as because your half baked ideas which is totally based on half truths is giving these killers of humanity an alibi. Why do you practice so much double standards in the name of liberalism? Whenever a Muslim is wronged,5,5,religion,religion,False
8271,Gillibrand you just prove to the world that you’re not a true Christian woman. You know the homosexual community is condemn by God right. you should never be the President of the United States because you do not have Christian values.,5,5,religion,religion,False
8280,"Piers I think that you are an idiot. Why are the Corrupt Midland police that failed to investigate the Muslim grooming gangs , wasting their time arresting a 12 year old? The corrupt police should be doing their real job.!! Maybe they should come and protect you from ghosts??",5,5,religion,religion,False
8295,I will speak for Muslims because I unlike u am not divided by caste and religion. I don't posses venom inside me for people of certain caste. And right now Muslims are suffering in kashmir because of radical islamic terrorism.,5,5,religion,religion,False
8296,i don’t say it’s wrong because it goes against trump you idiot. i say it because he got to go to the NFL and make millions of dollars. he didn’t even care about you until he got his muslim gf at the time. you know that right? hes disrespecting a country that has given him SO much,5,5,religion,religion,False
8297,"Miss Idiot, Bapu didn’t publish this book, someone else did. Also, if we keep fighting, what will happen to country? You can’t kick 30 crore Muslims out of India. Think if you can. You are cheap person to use these words for bapu.",5,5,religion,religion,False
8303,"I never said that I support him on everything or that he can't do anything wrong. You do seem to be pretty radical in your thinking though and you base your argument on a ""what if"" argument: he said that she said that he said...",5,1,religion,ethnicity,True
8311,"@MrAlMubarak This man is a fraud trying to convince westerners that the religion of hatred, murder,bigotry and sexism is something different",5,5,religion,religion,False
8312,"Idiot half of London is Muslim they don't follow our laws ,perhaps next time you are breaking bread with them you could pass msg to them",5,5,religion,religion,False
8314,Um.......He did you idiot. Was sued in court and lost and everything. It went to SCOTUS. Where's the lie Mark??? The Muslim ban was just the first or fifth incidence of TRUMP stoking anger and dividing our country.,5,5,religion,religion,False
8316,"Just so @PeteButtigieg knows WE WONT BE TAKING ANY LECTURES FROM A SINFUL, BILLIONAIRE OWNED, RADICAL, VIRTUE SIGNALING NOTHING. You are the kind of “Christian” who is all for making Church more EXCLUSIVE, not INCLUSIVE. Someone doesn’t support your life, inclusivity is forgotten",5,5,religion,religion,False
8318,"Who asks you to stop? please continue &amp; we will continue expose ur selective &amp; one sided approach. You are one of the group of M idiots who can only comment in favour of Muslims,you think only Muslims stay in this country. You never see the daily criminal activities of Muslims.",5,5,religion,religion,False
8322,"SHE'S ABSOLUTELY RIGHT! I'M A CHRISTIAN WOMAN who loves JESUS, well educated, loving, kind, prayerful, love America and Her People. ! I'M AN AMERICAN. I look at the ""Contents of a person's heart"" NOT the color of a person's skin",5,5,religion,religion,False
8324,What's unfortunate is that the idiot who called you a devout Muslim isn't going to get it.,5,5,religion,religion,False
8341,"@MaDaSaHaTtEr_17 @buttercupashby There is no love and respect in the Quran. It is full of hatred, bigotry, sexism and incitement to murder.",5,5,religion,religion,False
8346,@kayleighmcenany I knew there was a reason I liked you right from the start.... Christian woman....as Sarah Sanders..thank you for all you do. God Bless you and your family and keep you safe.,5,5,religion,religion,False
8348,"Why the hell partition in the first place idiot if unification was the end goal. Muslims would have got majority in undivided India already, given the TFR and could have done your gajwah. Instead what you got was partion of pakistan and the biggest surrender after WW2",5,5,religion,religion,False
8372,@CTVToronto These campaigns are all lies that try to portray Islam to the West as being the exact opposite of what it really is - barbaric.,5,5,religion,religion,False
8373,"Do you realise what an idiot you're to say that. People talking about how hindus showing concern about black lives is ironical? How muslims do have a similar ‘protest' in India too! I mean, where is extreme hatred coming from? I just checked the tweets of a few of your ‘masters'",5,5,religion,religion,False
8376,"Well, keep in mind that the U.S. killed several hundred thousand people and spent over $2 Trillion to counter the trivial threat of Islamic terrorism. More Americans were killed in less than one day from COVID than died in history from Islamic terrorism. What do we owe to them?",5,5,religion,religion,False
8380,U don't give us answer?? First ur religion or country?? Islamic terrorism will kill you noted down..u don't understand..,5,5,religion,religion,False
8384,Your Muslim brothers the people you support and love would kill us in an instant you idiot,5,5,religion,religion,False
8391,As a Christian woman I believe that I have the right to choose what to do with my body and so do all of my sisters around the world. Protect our women. Protect our country.,5,5,religion,religion,False
8397,"The question is, how hard should we work to keep the Muslims from killing each other, since they seem so determined to continue. #Islam",5,5,religion,religion,False
8403,You claim to be Christian yet you support the anti-christ!!! Just another Hypocrite religious radical.,5,5,religion,religion,False
8404,Muslims are idiots why start riots in which you will be main victim they did the same thing in Gujarat some death wish,5,5,religion,religion,False
8405,@NNdabbour64 I know that they are forced into Islam by being brainwashed and never being given a choice.,5,5,religion,religion,False
8418,Their radical ideology is why they hate us. That we support Israel is why they hate us. That we are a Christian nation is why they hate us. They have been full of hatred for decades. Being “nice” to them doesn’t work - bribing them with billions didn’t work.,5,5,religion,religion,False
8433,"Franklin supports Trump not because he is a righteous man or the perfect president, but he's better than the radical leftist and he protects the Christians and for that reason, I will continue to support him as well.",5,5,religion,religion,False
8439,"You’re the one who’s nuts. He hasn’t “blown anything wide open” - he’s latched on to media stories and monetised them through his hate preaching. His daughter was ALLEGEDLY molested, and there is nothing to suggest he was a Muslim. Sounds like you’re an idiot with an agenda.",5,5,religion,religion,False
8441,First impression of you : an idiot admin in team wars Your nickname in my head : zizou is a nickname already Closeness rating (1-10) : 7 Do I like you : yes You are my : close friend and muslim brother,5,5,religion,religion,False
8444,What do u mean sir ? U r supporting Islamic terrorism ?,5,5,religion,religion,False
8445,Really happy for my former assistant @BamaCoachJanese! She lives her life right as a Christian woman and He has provided. So thankful she still has the opportunity to inspire young women. Bama got a good one!,5,5,religion,religion,False
8447,Does being proud Hindu means hating Muslims? If that's your definition then you are an idiot and have no place in the modern society.,5,5,religion,religion,False
8448,"It should be apparent to the rest of the world by now that the Evangelical cult has rewritten the meaning of Christian to support their own narrative. A zealot is a zealot, this cult is no better than radical Islam.",5,5,religion,religion,False
8450,"So tiktok really is a space where you can feel safe, just watching queer people. And then you see this cool Christian woman that supports LGBT+ rights and says how her life was threatened irl. Just because she's supportive. And you remember that you're in the closet. Forever.",5,5,religion,religion,False
8455,It's because most of these imbeciles are hypocrites. And when you point this out to them they get triggered. A lot of these idiots are gonna end up in AE looked after by a Muslim doctor or nurse. Who will probably die of covid.,5,5,religion,religion,False
8469,I'm not a Christian. I can agree LGB whatever deserves our compassion for their mental illness but it was nice to know my money wasn't going to support the radical homosexual movement. I will vote with my dollar. As millions of others will.,5,5,religion,religion,False
8470,@truaemusic And the Christian world got rid of slavery by itself.The Muslim world was pressured into getting rid of it and now returns to it,5,5,religion,religion,False
8474,Only terrorism is Islamic terrorism and u are one of them ..plain and simple ..,5,5,religion,religion,False
8475,"The radical fringe Christians will stay with him because they want the tax breaks &amp; freedom to preach garbage to the Am. public. He’s lost a lot of the more trad. Catholics, although those whom support him try to out Catholic those whom oppose him. The man is the Anti-Christ.",5,5,religion,religion,False
8477,Being a Muslim does not mean you can’t be an idiot.,5,5,religion,religion,False
8488,"I think all people of all ""races"" who proclaim to be Americans should protest you, Linda Sarsour.. YOu should be ashamed of what you endorse and support against Christians and Jews....not to mention how you hate America. YOU are the one leading the pack of radical muslims.",5,5,religion,religion,False
8489,"@halalflaws @greenlinerzjm @biebervalue Nobody on the Supreme Court had a clue about what a murdering, raping, bigoted, pedophile he was.",5,5,religion,religion,False
8495,sir this bloody idiot 'Thakur Lakhan Pratab Singh' from hindoria spreading communal hatred and posting such objectionable post against Muslims and our beloved prophet on his FB account which is unlawful. We humbly request you to please take instant action against this culprit.,5,5,religion,religion,False
8496,"Check out Ash Sarkar. My friend, what do you imagine the Right is in meltdown about right now. What do you imagine all this is about. I KNOW SHE'S A COMMUNIST AND A MUSLIM, YOU IDIOT. IS SHE EVERYONE!?!?!???",5,5,religion,religion,False
8503,"actually you are an idiot who thinks you know everything and I would join twitter and mesmerise everyone bcos I follow that blind arab pessimist , I am a Muslim bigot who does not know charvak but take pride in done Saudi who was a deist and not an atheist.",5,5,religion,religion,False
8505,And this is why you separate church and State. These idiots lead by their Muslim beliefs and not the beliefs of the Founding Fathers in the Constitution,5,5,religion,religion,False
8509,Are you for real? Look at this idiot. People aspect protection from the police. What are we getting. If the police can't do their jobs we will have to take matters into our own hands #Rotherham #GroomingGang #Muslims #Pakistani,5,5,religion,religion,False
8510,"No it’s because you’re an idiot who doesn’t know history, when you have the enemies of the Muslims chasing them and killing them and wanting to kill the prophet, the God indeed instruct the Muslims to fight them bravely in battle.",5,5,religion,religion,False
8511,Muslims ain't Terrorist but b`cos of an opening (Jihad).They misinterpret this act for violence on humanity.Jihad deals with inner struggle.,5,5,religion,religion,False
8513,She should know all about liars. She did a great job of lying in 2016. Christian woman.yeah right,5,5,religion,religion,False
8516,"Since Muslims are there in India, BJP made you an idiot very easily. Think positive.",5,5,religion,religion,False
8517,"It is not me who us propagating casteism by janma, you fool. I believe in varna by karma, not by janma. Before shooting your mouth off, learn to get facts right first. And no one is letting muslims off the hook. Only an idiot will do that. Just like how an idiot will ignore +",5,5,religion,religion,False
8518,Keep your kattar brain with you and teach idiots. If that creator is allah for you then for me it's my god who so ever I can call him. Second if according to you we gonna suffer more then why more than 40% cases of virus are muslims why not allah is protecting them from virus.,5,5,religion,religion,False
8529,"@Abu_Baraa1 Dumb Muslims complain about freedom of speech and support blasphemy laws at the same time. What a disgusting, inhuman religion.",5,5,religion,religion,False
8531,"These Musilim's terrorist from Saudi Arabia who kill, & cause havoc in this country the FBI wants to find terrorists go to Dearborn Mich they have completely taken over the town beaten Christian Woman it's a hot bed of every Muslim terrorist in the world right under our noses",5,5,religion,religion,False
8533,You are SOOO right! I’m being trained by a beautiful Christian woman who lives down the hallway from me. In March He gave me my apartment here ; such a blessing! God Bless You! Be Safe &amp; Well in Yeshua’s name! BB,5,5,religion,religion,False
8538,"Harsh reality : islamic terrorism is the modern bubonic plague, consuming all decent people in its path Only islamists like u are left behind to cleanup the bloody mess",5,5,religion,religion,False
8544,"I assume Ms. Conway is ready to fulfill her duty as Christian woman and right wing ideologue by shutting her mouth, getting pregnant, and staying home to cook for George.",5,5,religion,religion,False
8546,"Just met with courageous family of the 15 states that I visited. A, repeal Ocare, borders & trade, two very important decisions on the Planet. It is about RADICAL ISLAMIC TERRORISM and the U.S. This will prove to be smart, tough and vigilant?",5,5,religion,religion,False
8550,"That's the best you can is spout abuse because I have an opinion? Idiot, if J witness, a Catholic, or Christian decided to pitch in a Muslim neighborhood and just pray, would they stand for it? No, so f*ck off, England is not a Muslim country",5,5,religion,religion,False
8551,"Oh so back then Ali did it for peace why dont you do it for peace now then? You idiot Ali or any muslims will never leave islam and leadership in the hands of someone undeserved, let alone kaffir! What kind of brains do you have Ali fought under Omar and even names his children",5,5,religion,religion,False
8552,"I am a Christian woman, and I am aware that not everyone believes. But right now, our religion is a major comfort and security for us. I know other people have other beliefs, but at a time when people are just trying to heal and feel better, dont shit on each other’s practices.",5,5,religion,religion,False
8553,"Why you are obsessed with jihad, terrorists, radicalization and crime. Serve your nation, humanity like Lt.Gen.",5,5,religion,religion,False
8555,They are wronly misguided people they don't know anything about Islam because they don't read Quran by meaning so brother because of some idiot's who don't know anything about Islam you can't blame whole Muslim community,5,5,religion,religion,False
8556,"Kashmir & u call it social/political cause&amp; militancy? No. It's Islamic terrorism.. What happened later was a continuation of it. What exactly is the target? A separate sharia based Islamic state, away from kafir Hindus (free from kafir Hindus to be correct)",5,5,religion,religion,False
8558,@digvijaya_28 This guy spouted one lie after another and there is no response in this video.  Just typical lying Muslim propaganda.,5,5,religion,religion,False
8560,"It's not a ""Muslim"" ban you idiot!",5,5,religion,religion,False
8564,"ope, got blocked. what a shame this “christian woman” couldn’t believe in human rights.",5,5,religion,religion,False
8568,A lying Christian woman is still a liar,5,5,religion,religion,False
8571,"Idiot, you are just a blind fan of neel.. you don't feel that antenna on Narad Muni's head as mockery of Hinduism, call a muslim he will show you mirror and prove my words right",5,5,religion,religion,False
8578,"There are a lot of radical jihadists, with the help and support of Turkish and Russian militaries, killing, harming, and making a lot of Kurdish Christians homeless right now. And Trump waved in this invasion.",5,5,religion,religion,False
8579,They all seem to put God in their profiles as if this gives them the right to be insensitive and vicious . This sad pathetic uneducated “Christian” woman tries to hide her ugliness behind a cross around her neck.,5,5,religion,religion,False
8581,"I have coloreds in my family so I can't be racist. And I'm the idiot. Those poor kids. Calling some Muslim doesn't make you racist, if they're Muslim. Reason he's a muslim, because you say so.",5,5,religion,religion,False
8587,@riwired @_Elreda I like that picture of Israel in the context of the Muslim world.  A tiny spec they blame for all their own evil.,5,5,religion,religion,False
8603,"If you are trying to change my mind, starting with ""stupid idiot"" is not the way to do it. I want America to be successful and not sick. If we work together we can get better but not with people acting like anti science jerks. I'm also not a Muslim but Fox does pay my bills.",5,5,religion,religion,False
8606,"I didnt say the man is too fragile to cope with disagreement. It is wise for a *Christian* woman to be respectful of her husband's decisions, even when she thinks she knows better. Often interfering wives never learn how they misjudged and the husband actually was right.",5,5,religion,religion,False
8607,Yes...I am a white Christian woman and I also am voting for President Trump again. I AM in my right mind.,5,5,religion,religion,False
8613,"I never blame you of all of this and there more and more ,why you should blame me if some idiot kill civilans and he is muslim by birth only !!!",5,5,religion,religion,False
8619,"Christians and audacity Do you know how stupid you sound when you tell me I'm too beautiful for my muslim name? Who have y'all rights??? This thing is now very disgusting. ""Change your name to something else"", idiot tell God you don't like His name",5,5,religion,religion,False
8622,"Seriously? When you talk to one of these idiots about the reservation policy, their complaint is ""That happened hundreds of years ago. Why should I be penalized"". Most Muslims have no clue about Mughal history other than names. Why should they apologize. This is bullshit.",5,5,religion,religion,False
8633,By the way don’t call yourself a Muslim if you have hate in your heart for other people or think you’re better them idiot. Arrogance is what destroyed Somalia but of course Somali men never learn.,5,5,religion,religion,False
8640,"These stupid motherfuckers are determined to Lille this country, I have an idea, you idiots can all move to Muslim countries and leave this country to the smart people",5,5,religion,religion,False
8641,"Christianity made women servants to men. Its a rule except you are not a good christian. For the first time, i agree with Adeboye. You cant be a true christian woman and still demand equal rights with men. That's hypocrisy.",5,5,religion,religion,False
8646,@Nigzzzk The command to fear Allah is all through the Quran.  The ritual of groveling on the ground is one of fear. No personal relationship,5,5,religion,religion,False
8647,And if you are planning for imposing Sharia law and doing different types of jihad secretly then also should leave not only US but also stay away form all non Muslim countries.jihadi terrorists are the biggest threat for humanity.,5,5,religion,religion,False
8665,Why do you care to reply to @RahulEaswar ! He's neither man nor woman; Hindu nor Muslim; intelligent nor idiot!,5,5,religion,religion,False
8668,"as an African - American CHRISTIAN woman, i will not be silent in the face of injustice. i HATE the racism, bigotry, injustice &amp; hatred that is running rampant in the world right now. since age 15/16 when i was able to truly comprehend these issues, my heart cries &amp; breaks",5,5,religion,religion,False
8672,@NNdabbour64 That is a load of manure. It says the same thing in translation as it does in Arabic. It is still a pile of hatred and murder.,5,4,religion,other_cyberbullying,True
8675,"Sean, she made a statement about a blk man, a human being, who was killed in broad daylight by a police officer w/ his knee on his neck while he was handcuffed. Your response to her about why the officer isn't charged is to bring up Islamic terrorism? U dont see your own racism?",5,5,religion,religion,False
8677,@aqutbuddin He only meant knowledge of his fraudulent religion. Mohammed was an illiterate who didn't know squat.,5,5,religion,religion,False
8679,"@congressman_aly No, the money comes from Muslims around the world who want a caliphate and the domination of Islam by force.",5,5,religion,religion,False
8682,Not everyone a idiot like you who can not see that CAA has nothing to do with Indian Muslim's,5,5,religion,religion,False
8689,"I know as a Christian woman trying her hardest to live right for the Lord, I shouldn't get any joy from another's misery. But it's soooo satisfying when it hits.",5,5,religion,religion,False
8692,"Of course they passed it. The House is majority left, for now, and the far left has spent decades showing its' unwavering support for radical regimes like Iran due to their shared hatred of the West and its' Judeo-Christian-based principles of Democracy and free trade.",5,5,religion,religion,False
8693,"That was Fantastic! Thanks so very much for calling out those pocket-lining, radical, hypocritical, lying, evil...religious frauds. Jerry Fakewell Jr., Fraudklin Graham, et al. are not Christians. They don't follow Christ. They love money &amp; support Trump the Antichrist.",5,5,religion,religion,False
8695,"Do any of you idiots have any comments to make regarding Naz Shah protecting Muslim child rapists? Thought not! Take the knee, not for me thanks. Like my old man from India always said. Fit in son or f..k off",5,5,religion,religion,False
8696,"My mother, when pokemon first came out: oh HELL NO! I am a GOOD, CHRISTIAN WOMAN, and pokemon will corrupt the soul of my child so it needs to stay FAR AWAY FROM US! Me, now an adult 20 years later, drawing a lot of remarkably specific pokemon porn: huh. I guess she was right...",5,5,religion,religion,False
8697,im literally christian and a radical leftist..i support everyone no matter who they are and i am pro choice &amp; a feminist..but they like to generalize and say were all the same but were not its mostly the older generation that thinks like that,5,5,religion,religion,False
8698,@LifeInKhilafah You will see that loss of men and weapons accelerate land loss in the next few months. The Kurds are on the Mosul doorstep.,5,3,religion,not_cyberbullying,True
8716,Listen idiot also tell about navratra and if you have gut also tell about what written in quran about muslim women. All religion need reform doesnot mean you insult particular religion. You know na what quran is,5,5,religion,religion,False
8721,Then why you don't criticize Radical Islamic terrorism The root cause of this problem...have a guts But u r hypocrite selective when it comes to condem Jihadi extru..mist..,5,5,religion,religion,False
8738,"If you tell a Christian woman ""hey you are wrong"" and then she gets mad at you for being right (because she is a woman and inherently wrong) She will get mad at you! And this, this is not acceptable!",5,5,religion,religion,False
8741,"They are not hindus, they are liberals and educated idiots,when muslims will become majority and they start killing people people like you will die first .",5,5,religion,religion,False
8759,"Idiot,I’m not a muslim!!but basically you must know the power of religions",5,5,religion,religion,False
8766,"Reminder!Rich Swinton is an IDIOT. The only fraud is the democrat backed undocumented and muslims (multiple mohameds and begums) voting even for the dead. Remember PamZekman investigation,2016-'Vote early, vote often, vote even if you are dead'. Easy to vote many mail-in ballots",5,5,religion,religion,False
8777,You are an idiot atheist should remove Muslim name also I remember your tweet asking people to kick out Kashmiris from India after Pakistan won cricket match.,5,5,religion,religion,False
8778,"Hey, I probably shouldn’t come into this conversation but I wanted to say I’m a Christian woman against abortion, and I’m not against abortion to control people, I’m against it because I just don’t think it’s right. I know this is an unpopular opinion but it’s how I feel.",5,5,religion,religion,False
8782,"What about Islamic terrorism? U have no guts to tweet about it, why?",5,5,religion,religion,False
8785,"What should one call this(idiot?) Nobody care about gulam rasool it's the 'land' India care about, if you want yogi ji can change the name. How come so called moderate Muslims so intolerant and insanely religious?",5,5,religion,religion,False
8787,"I'm a Christian but i cannot in good conscience support a hypocrite like the #LiarFromTheShire he is a radical zealot, I half expect him to be the master of self flagellation as punishment for his crazed delusions",5,5,religion,religion,False
8793,"Says the idiot. You can't start a guerrilla war and then complain about the losses. This is my original point, when non-Muslim lost a war it is genocide, when Muslim civilians lost lives it is just war casualties.",5,5,religion,religion,False
8798,"Whaat! Turkey is fighting Uyghur muslims Turkey just can’t fight huge country like China, but she is not against muslims, you idiot",5,5,religion,religion,False
8800,Those losers snakes that got exposed by God is everyone I know don’t play stupid with me now. The federal reserve killed with black magic as well trying to save the dollar well you idiots shouldn’t destroy all the Muslim countries to begin with not smart. Anyways God has my back!,5,5,religion,religion,False
8811,"fucking idiots. why the hell do you care if a non-meat product is labelled halal or not? be a good muslim and don't eat it if you're suspicious. but charging a fee for a non-muslim product to be certified ""safe for muslims"" is nothing but religious tax on non-muslims.",5,5,religion,religion,False
8820,"When did i said Muslim are Atheist, am not idiots like you to say that.",5,5,religion,religion,False
8821,Oh... wow... you're banging on all idiot cylinders then? Guess Obama and Biden were racist against muslims... i mean it was THEIR ban Trump was upholding.,5,5,religion,religion,False
8822,Hey there boogaloo. We have a family tradition of how my older brother Paul F is getting tried of being an idiot. Think he will grow up and stop beating on women or is he a full fledged Muslim. he is a Muslim. Sorry Nicole it's you are line to be eaten.,5,5,religion,religion,False
8832,"So radical Republicans are going to what? Support an alt-right, anti-stewardship agenda that goes against not only what America stands for, but is anti-Christian in its failure to help its fellow man.",5,5,religion,religion,False
8834,Do you know what's happening with Muslims in china. Idiot you just paid to spit venom against India and brainwash innocent kashmiri people.,5,5,religion,religion,False
8842,Thank u ma'am for ur support. Muslim and islamic terrorism destroyed this beautiful world. Every corner of this world muslim killing innocent people.,5,5,religion,religion,False
8843,"And as a so called Christian woman, it doesn’t give you the right to lie. But then you are a fake Christian. So keep on lying. We don’t believe you.",5,5,religion,religion,False
8844,"The same people who hate Trump and would see the U.S remain at war forever would tell you there's no such thing as ""Islamic Terrorism"" from the Religion of Peace­™.",5,5,religion,religion,False
8850,"ive said this before but i’ll say it again- radical addiction support groups (NA, AA, etc.) would be awesome bc at the end people would turn out communists instead of christians at the end",5,5,religion,religion,False
8854,"Proof if proof be needed that you fascist idiots only care about persecuted Muslims if you can blame Israel, and only care about imperialism if it is practiced by the West.",5,5,religion,religion,False
8862,"Did you know the Isis and all the muslim terrorist drew inspiration from the quran,cited many verses of which you are life and afterlife member.Its just a comparison of your tweet didn't want to disrespect any religion.",5,5,religion,religion,False
8869,Snowflake millennium idiots who don't have a clue what they are doing.. Making our our country into a Muslim country and life will be hell for women to live in. All there equality for woman will go right out the window.. Good luck with that one don't say you weren't warned,5,5,religion,religion,False
8871,"I cancelled Sky after watching the political nonsense during & after the Man city v Arsenal game, I had been with them for 30 years. How come idiots like me knew the BLM's extremist ideology, yet you lot did not? Perhaps you should listening to us regarding Muslim grooming gangs!",5,5,religion,religion,False
8874,@Twitter wow shameless people you genocide enablers If you have guts and courage to condemn Supremacy suspend all idiots calling for genocide of muslims in India.,5,5,religion,religion,False
8876,"Even other religious symbolism is banned.bLiving in India, you don't know what secularism is? No wonder, this very ungrateful and predatory attitude has exposed Muslims in the West too. And only an idiot would compare a religious veil with a medical mask.",5,5,religion,religion,False
8887,"Oh, PLEASE! Maybe if you’re MUSLIM, but even so,... this whole Speech Control movement is for idiots.",5,5,religion,religion,False
8893,"@NNdabbour64 If you are just going to sit there and tell lie after lie, Muslim Taquiyya, this discussion is over. You are blocked.",5,5,religion,religion,False
8896,So what about @POTUS Trump and his affinity for the #Nazis @netanyahu? You are aware that the radical US Christian right support Israel because they hope for the second coming of Christ and world's destruction? Right? Hello? Anybody home? @Jerusalem_Post @usembassyjlm,5,5,religion,religion,False
8913,You bloody idiot. You just spread hate and problems against Indian Muslims. Indian Muslims don't have any issue now with this land. Whatever order they got from the Court they agreed upon that. They don't need any help from you on this issue.,5,5,religion,religion,False
8914,The idiot knows nothing...in Israel all civil ceremonies are legal as with all other modern countries ...if you want an orthodox Jewish or Muslim wedding with another faith An iman or rabbi won’t marry the two however that doesn’t stop a legal civil one from occurring,5,5,religion,religion,False
8917,@J_Eddine @DiversityRUs Bad logic.  If all Muslims did what their books of hatred and murder tell them they would all be dead.,5,5,religion,religion,False
8918,"I like her, she has the right mind set and is a very good person. A Christian woman and a very smart person!",5,5,religion,religion,False
8925,Now perhaps those in the video are terrorist such as Isis or Al Qaeda or another extremist group. But they are doing what Quran and sunnah says to do. And that is the whole point. You really think people should be stoned to death?,5,5,religion,religion,False
8926,"You have the audacity to call yourself a “Christian woman” you are more like Queen Jezebel. God sees right through your lies &amp; deceit. Remember this, you will give an account for every word &amp; shady word! You stand naked before God!",5,5,religion,religion,False
8929,Good Christian woman right there,5,5,religion,religion,False
8966,"YOU are a LYING, CHEATING, UN Christian woman who has ZERO right to tell our great President what to say or what not to say. We all KNOW who you are and what you represent. Lying, Cheating, Scamming DEMONCRATS! Sit down and be quiet, @realdonaldtrump has this.",5,5,religion,religion,False
8971,"'They are loyal, respectful and humble persons..' Yes, to their own muslim tribe. You are an idiot, if you miss the 'small detail'.",5,5,religion,religion,False
8980,"This is rich, coming from a woman who is pushing antisemitism, will not support and defend the Constitution and does not renounce the violence against Christians by radical Islam. Stopping the flood of illegal border crossings that brings crime into America would show loyalty.",5,5,religion,religion,False
8983,Did you watch Republic and Times Now debate a day before? Islamist are defending that this is archeology dept.'s fraud news. Also some Muslims says that a masjid is there under the temple surely.... Only God can change these Idiots...,5,5,religion,religion,False
8986,"Why not ban #Quran if one of u want to share the fact about it, If not than why not tell me 10 points.A doctor become terrorist, a engineer become terrorist,Isis made by a khalifa What is good in this?? May be something is not good, World must have single religion that's Humanity",5,5,religion,religion,False
8989,"I know it’s a radical idea, but shouldn’t the Archbishop of Canterbury support the Church and the Christian Faith?",5,5,religion,religion,False
8990,You are doing really well . Talking full advantage of foolish people ( all of your followers are idiots) Why don't you trend this in yr country? We don't come and beg you trend this and trend that. LEAVE US ALONE. We have only one relation with all Muslims and that is LOVE.,5,5,religion,religion,False
8994,It means Muslim have the right to live the world. Kick this idiot hard so that he not say wrong against Hindu community. I support you Sudhir ji.,5,5,religion,religion,False
9008,"Muslims lawyers,doctors, cleaners and police. You are an idiot to punish all Jews for the actions of a few bad people. Reforms more government control? No we need less rules and more prayer Don’t be a hater be a liker!",5,5,religion,religion,False
9013,"no nevr , u hv need to chang ur own perception on the other we all expect that u gays stand against islamic terrorism for the safety of ur own realign",5,5,religion,religion,False
9023,"This is the thing, you guys don’t understand, No human converts to Muslim. Islam is not a religion you idiots, it’s a way of life. And who ever start follow this path, is call Muslim. Very simple. very complicated for you may be. Good luck",5,5,religion,religion,False
9026,Our religion teaches us peace. It states if you murder a man you murder whole humanity. ISIS do not represent us they are pure terrorists who claim to be muslims. Let me tell you they are not. That is why I asked you to read Quran so will get a clear picture of what a Muslim is,5,5,religion,religion,False
9027,So the Terrorist who understands the Same thing that they were doing Jihad. But What they are the Mass Murdered of Humanity and People who won't know what the Purpose of the Jihad by killing Non-Muslims. they were also the Part of Terrorism which shut over Islamic Terrorism.,5,5,religion,religion,False
9029,Haven’t we already gone over this why do you keep bringing the same shit I’ve already said I KNOW white people all races Asians mexicans Muslims their all together with us through this are you an idiot I never said their weren’t any other races,5,5,religion,religion,False
9033,"Biggest lie I ever listen, Terrorism has no religion. Tell me how many Hindu are in US jail for terrorist activities, Why muslims are blowing themselves up in the name Allah. What is ISIS doing making peace shit of it. Quran saying U can kill kafirs and that is justifyable.",5,5,religion,religion,False
9039,You idiot. There never was a Muslim ban. You just signed an act banning an act that didn’t exist.,5,5,religion,religion,False
9040,@truaemusic I'm telling you that the religion of Islam is guilty of the murder of 280 million citizens of the earth and I will not ...,5,5,religion,religion,False
9041,U need to see your doctor .Ur suffering from illusion...or u must be watching Pakistani or islamic television where they creat news to satisfy their ego .watch zee news DNA there a man who beat Pakistan and islamic terrorism everyday and whole world love him .,5,5,religion,religion,False
9047,"I know a Christian woman whose husband (the only man she ever had sex with) gave her an STD. But I guess it’s her fault for marrying him, right?",5,5,religion,religion,False
9054,This ignores the fact that many non and nominal christians didn't support abolition. Those who did were considered what we would call the fundies of today. Radical christians.,5,5,religion,religion,False
9056,"Because siding with Abortion on demand, over taxation, anti-Semitism, terrorist sympathizers, and radical lunatics on the left is, again, more abhorrent. Give Christians a better candidate to support and they will do it. But the Democrats certainly don’t offer it.",5,5,religion,religion,False
9060,@MaDaSaHaTtEr_17 @buttercupashby Any idiot lawyer could make the case that the Quran should be outlawed on the basis of being hate speech.,5,5,religion,religion,False
9064,"Who justified? It was a riot you idiot, do you understand what a riot is? As per you, congress helped modi? because it was in the center, all institutions belonged to them, they always appease muslims, so how come modi went scot free? Good friendship with RG?",5,5,religion,religion,False
9073,Nope Easter Sunday is just like any other day on the calendar. And because its a religious holiday I definitely won't support it by doing something special. My disdain for the radical christian right keeps me motivated not to particpate,5,5,religion,religion,False
9075,No..because it is proven that pakistan help in propagating islamic terrorism..and u should have the knowledge that no council can work under the shadow of terrorism..,5,5,religion,religion,False
9090,wait til muslims on here figure out a large majority of our community is black and you look like idiots treating blm as a joke,5,5,religion,religion,False
9095,"Every knows Islam teach terrorism. So shameful . President Trump also said India , Isreal and U.S.A together fight against Islamic terrorism. Will vanish completely from earth.",5,5,religion,religion,False
9103,"Let me guess, you're a good Christian woman too. Am I right?",5,5,religion,religion,False
9104,Because people like you and me are busy fighting each other proving who’s race is superior. You idiot it is high time that we muslim our our differences aside and back each other’s otherwise we will face even worse consequences,5,5,religion,religion,False
9106,rather amazing that any #Republicans who continue to endorse/support this politician Would dare attempt claim either #Christian or #Conservative The most radical liberal recklessly presidential administrations to date and buoyed-up to remain in place by the #Republicans,5,5,religion,religion,False
9109,This is very wrong. How can you invite such an idiot person for discussion with The Tarek Fateh. There are so many other celebrities from Muslim community who are well educated and can give a meaning to a debate. At least have some respect for Fateh Saheb.,5,5,religion,religion,False
9112,"An example you can take was the elephant incident in Kerala. RW idiot gang spread fake news that the attack was done in a muslim majority area by muslims and everyone started blaming Muslims. When it was found that it wasn't done by muslims, every RW hypocrite turned silent.",5,5,religion,religion,False
9121,"and before you name shame me or call me congressi or muslim or Pakistani let me tell you that I don't support any political leader/party to me both Narendra Modi and Rahul Gandhi incompetent idiots, so yeah there's that Do reply if you have strong evidence to support your claims",5,5,religion,religion,False
9123,"Another Idiot ...is India really Full of them. It's has nothing to do with BJP / CONgress or Hindu-Muslim, it's about Rich/Poor. You all are so uneducated , but literate .",5,5,religion,religion,False
9129,Idiot portal handler if it was anti Hindu riot how come Muslims died in the riots? Have some common sense which is very uncommon to you.,5,5,religion,religion,False
9133,"Are you an idiot or something? Did i say they were not indians? Yes we were indians, yes this land where i am once was called india. So what? What has this got to do with current situation? If i want i could had replied your india was ruled by muslims but i dont talk nonsense.",5,5,religion,religion,False
9137,"mosque should remain a cathedral same way the Palestinian mosque should remain mosques only an idiotic biased turk would not understand that, or some pro muslim idiot who poorly represents his own religion. Which in both cases it's a shame because you only reinforce a stereotype.",5,5,religion,religion,False
9138,"Oh idiot! What are the chances for those 30 %. This is the problem of our country, demonizing a whole community for a single idiots nonsense act. Can the National Commission of Minorities act on this ? No!! Imagine the outrage if you replace the word ""Muslim"" with --------",5,5,religion,religion,False
9141,@NNdabbour64 All the Christians and Ezidis that are told to leave or convert or die are forced.,5,5,religion,religion,False
9143,What do indian muslims have to do with this idiots statements........? you should be ashamed of yourself for saying something like that about fellow Indians.,5,5,religion,religion,False
9152,"Pewdiepie has become a bit of a Pr#ck... the way he spoke on his last video was pathetic... pandering to Muslim culture will be the start of the end. I use to watch him all the time, im defo going to take a timeout from his Stuff now. #pewdiepie why are you becoming an idiot?",5,5,religion,religion,False
9155,"I'm gonna tell you something mate, as a result of anti-Islam Hindus and Sikhs have been beaten up by anti-Islam chavs, on the presumption of them being Muslim, if you support that, then you have no problem seeing your fellow Hindus beaten up as idiots thought they were muslim",5,5,religion,religion,False
9164,"Yeah so she's right? You sound like an idiot. Her point is that 9/11 led to discrimination because ""some people did something"" but a much wider group of people (all muslims) were persecuted for it.",5,5,religion,religion,False
9180,"just due to ethnicity, doesn’t mean to shut someone up, everyone has their opinions. i don’t support racist people or their actions. I support people being treated right, I am a christian woman, there is no place for me to judge or criticize someone else.",5,5,religion,religion,False
9186,Islam never teach for country wellness only teach how to kill kafirs only that's why we r watching ISIS terrorist holding one hand quran another bomb. Funds coming from ISIS too in India. U know better who r fund receivers.,5,5,religion,religion,False
9187,I don’t think I would have been alive if my great grandmother didn’t survive this in Kerala. These idiots thinking it was a rebellion. You assholes call it what it is. A fucking HINDU GENOCIDE. I’m a proud Malayalee Hindu. I don’t agree with Muslims trying to shit on our pain!!!!,5,5,religion,religion,False
9189,"Thank you so much. I guessed there are lots of idiots wearing that toga of sheikhs, misleading the undecerning in the world and painting the Muslim faith in a bad color.",5,5,religion,religion,False
9191,Ohh bada aaya respect vala..when Muslims had tested positive you peoples drag the issues for TRP..go to hell you peoples are the most affected virus in our country..leave journalism and come I will show you what is the exact condition of middle people..idiot.,5,5,religion,religion,False
9201,I was talking about narration IDIOT! You chamcha always see only how we do hindu-muslim But don't see why we do it,5,5,religion,religion,False
9202,"There it is, right there. U THOUGHT, so U tried to use it against me. No. I'm not religious. But when I see a video of a gay black man threating to beat on a Christian woman, yeah, it urks me.",5,5,religion,religion,False
9222,"Where did I say all Muslims believe the same thing? What stereotype do you think I've used? Perhaps, instead of attributing to me your own ideas of what I think, you'll notice I said fuck all about her beliefs. Idiot.",5,5,religion,religion,False
9223,"Different groups in the ME are competing to see who can be the most Islamic by being the most barbaric, autocratic, and inhuman. #Islam",5,5,religion,religion,False
9225,Neither congress nor BJP its not about party its about common sense why is it that you idiots want to vote on hindu vs muslims why is it that you think that hindus only belong to BJP I am a hindu I also dont want mughal raaj but wake up its not coming any ways we have forces,5,5,religion,religion,False
9227,Sharpton is a very FAKE pastor a wolf in poor sheep’s clothe....only liberal fake Christians support or listen to his radical mouth!,5,5,religion,religion,False
9241,Wth do you think the PM of India is. Population of NZ is much less than that of Delhi and it's area is huge. They have very high power capita income with almost no security risk. Meanwhile in India Muslims will murder Modi the moment he steps out. Idiot.,5,5,religion,religion,False
9246,"Watch toy problem, just condemn the injustice that innocent peaceful Muslim faces in India by the police and hindúes, you clearly the idiot who is Islamphioian",5,5,religion,religion,False
9251,"I have a degree, 15 yr military,14 yr L.E.O. and and Trump had every reason to band Muslims, they kill people. Yes this is fun I never heard from a politician that is your big of an idiot. Having a degree in nothing once you said you were a politician, your the problem.",5,5,religion,religion,False
9254,"@NicolaSturgeon nippy lied people died. you time is up nippy. your parties time is up nippy. you've been taking the citizens of Scotland for idiots for too long nippy and you've been found out now. covering up a Corona outbreak, covered up Muslim child rape gang. games up nippy!",5,5,religion,religion,False
9267,"aHA AHAHAHA very funny. As a matter of fact, no. Twitch does not try to cancel Christianity. They support the freedom to exercise one's religion. What they do NOT support though is targetted harassment. Maybe try not to be an Islamophobe and a radical Christian next time, aight?",5,5,religion,religion,False
9269,If I were running for dog catcher the endorsement I would want would be from you of that idiot @AOC even if I was another fu@king Muslim,5,5,religion,religion,False
9270,"I couldn't stand that Muslim phony SOB, I about fell over when the idiots reelected it. Biden would be worse but you all ready know.",5,5,religion,religion,False
9277,"#FreePalestine The Palestine is a real country of Muslims, but in reality World Capitalism and Israeli Colonialism erased the sovereignty of the Palestinian people a long time ago. Israel are real terrorists country you idiot",5,5,religion,religion,False
9290,"Too bad and too desperate to realize there is no Muslim ban. Joe I think you better rethink your policy proposals, because at the moment you sound like an idiot-",5,5,religion,religion,False
9298,If you had read my timeliness you would have seen that not only i'm a MUSLIM but I don't deal with idiots like yourself. You are too dumb to have any intellectual discussion Name calling is a sign of low emotional intelligence and yours is in the sewer.,5,5,religion,religion,False
9299,You are crazy brother typical western boy always attacking the Muslims and my emojis CLEARLY went over your head #idiot #racist,5,5,religion,religion,False
9301,Your narrative of your own world doesnot make any sense in the factual world where islamic Terrorism is a disease humanity is paying. If court is taking the case against Kafeel Khan and the verdict will be as per law. The propaganda that u make will only make a living hell for u.,5,5,religion,religion,False
9302,It is peak flu season idiot. People get sick in Melbourne in winter. Also he doesn't control religion (are you really suggesting he should ban Muslims from practising their religious beliefs? Dangerous Territory that),5,5,religion,religion,False
9307,"Radical feminist? If you're that radical why wouldn't you support the LGBTIQ2+ movement? I mean seriously ... it's not that radical to go with the right-wing Christian flow and be homophobic. Kinda makes you more a follower than a leader, so def not radical.",5,5,religion,religion,False
9313,What kind of father are you. Your not a Christian. You preach hate. You are a radical left wing lunatic. May you rot in hell. You also support abortion you sick twisted boy raped.,5,5,religion,religion,False
9316,@VegetaMoustache I hope they are good at cleaning blood and cut off heads off the streets.,5,3,religion,not_cyberbullying,True
9319,@Ib_Alkisai Islamic documentation is based on belief.  Historical documentation is based of factual research.,5,5,religion,religion,False
9328,Blood has been shattered on both the sides idiot. You're just seeing one side of the picture. Still Muslims are slave to China,5,5,religion,religion,False
9329,"If being a Muslim didn't stop you from calling me a ""woke Christian"" it shouldn't stop you from having or finding proof of your disagreement in the Bible. Unless you disagree without resort to facts which would make you an idiot. Which one are you?",5,5,religion,religion,False
9342,The Catholic churches official stance on Muslims. They don't go to hell because they believe in the same god. You IDIOT..... MIGHT HAVE TO TELL THAT KID YOU WERE WRONG?,5,5,religion,religion,False
9343,Right Wing “Christianity” is a hate group of radical non Christians. If you support a minister who doesn’t completely disavow hate and Donald Trump then your devoutness is totally fake!!!,5,5,religion,religion,False
9344,"The title ""Rehmatul Aalaameen/Mercy to the Worlds"" is reserved to only one being. That is Honor given by Allah and some idiot randomly on twitter is asking other Muslims to ""draw a line while praising Prophet SAWS"". Do you even know what ""Mercy to the Worlds"" means?",5,5,religion,religion,False
9354,"And Hilary was Secretary of State not president lol. But will one trump supporter care - nope, because they support him because of greed and racism and that’s it. And I include the insane religious bigotry of the radical “evangelical Christian Right” cult as part of racism.",5,5,religion,religion,False
9365,@truaemusic So if a Buddhist owns a slave you can say that he goes against his religion.  But a Muslim slave owner is not going against his.,5,5,religion,religion,False
9384,"What ""radical socialists"" are you talking about? Even Bernie would be considered a centrist in any other country in the world. Why do you hate Christ's teachings so much? I assume you're not a Christian by your support of Trump.",5,5,religion,religion,False
9392,"It has been my pleasure, as a Chef, to work with: African Canadians, Muslims, Asians and Caucasians! All types of people! The only time I have a problem with someone is, you don't do your job or you're an idiot! All the best to you, sir, from Canada!!!",5,5,religion,religion,False
9397,"Oh, that’s right! If they identify as Black and liberal, you can’t get anywhere because of their identity. You sound like a damn idiot. Talk to them like you did Muslims and Christians! What if you are the one that needs enlightenment? Nah, u think u can’t learnanything from them",5,5,religion,religion,False
9400,"Ram is Allah IF you can get a practicing Muslim to say this, I will accept the rest of what your father says. IF you can't then delete this video because I had to really refrain myself from calling your father a delusional senile idiot.",5,5,religion,religion,False
9407,I cleared my views and I don't think that I ignored any of the topic.u used a term Islamic terrorism.can u use a term hindu terrorism for goons who are not muslims no.coz that will be against ur mentality.sorry I found u so hypocritical.,5,5,religion,religion,False
9410,"Honestly, the main reasons I'm not strong in my faith right now is because of May (a Christian friend) leaving the way she did. And then my mom (a Christian woman) cheating on my dad. It's more of the latter, but to say my faith didn't falter when May ended things would be a lie.",5,5,religion,religion,False
9416,"Carry on man you serve the very purpose of defending Ismalist Terrorism in the name of Jihad . Things which terrorist country like Pakistan practices in my country is no Jihad but utter shameful bloodshed of humanity, people like you are giving them platform to spread venom.",5,5,religion,religion,False
9417,"You misread. I waspointing out that prejudice regarding religion is bad. I also happen to know a muslim guy who is quite cool and we're friends. I also know a guy of same creed who is a total idiot. That does not mean i have prejudices like ""that is one typical Muslim idiot"".",5,5,religion,religion,False
9423,Here comes a person in defence of Islamic terrorism Hide Otherwise secular shivsainik will see u And make your butt red,5,5,religion,religion,False
9424,"I am offended though. I am offended because y'all really think a not clear brown book is automatically the Quran. My holy book. Girl, My Quran is GREEN!! istg they're not all brown and old. and you idiots who aren't even Muslim or Christian have no right to say we are offended.",5,5,religion,religion,False
9427,Rules are so wage. Suppose I tell a fact. Muhammad married to a 6 year old child. A paedophile can do it. How will you tell this thing in other words? Muslims provoked on it and mass report. Idiot twitter suspends me on it. What should I tell? Greatest man raped a 6 yr child!,5,5,religion,religion,False
9430,"@dankmtl @PeaceNotHate_ One thing about Muslims, they want to exterminate everyone who is not a Muslim. They are doing it around the world.",5,5,religion,religion,False
9435,"Sorry, I'm not going to say GamerGate is the same as ISIS, and you can shove your donation up your ass. @PeerWorker",4,4,other_cyberbullying,other_cyberbullying,False
9436,@cjcsuhta full blown redis is overkill for what I'm doing. Will try this out. :),4,4,other_cyberbullying,other_cyberbullying,False
9438,Both of the dogs are staring at me because they didn't know I could make noises this high pitched.,4,4,other_cyberbullying,other_cyberbullying,False
9440,Oh god. I am so stubborn.,4,4,other_cyberbullying,other_cyberbullying,False
9447,@idkjodz Mate we don't even know if he even knew her. Was fucking horrific.,4,4,other_cyberbullying,other_cyberbullying,False
9451,@a_man_in_black it's cool. i hope you feel better. i know how those nights can happen. anything i can do to help?,4,4,other_cyberbullying,other_cyberbullying,False
9452,@nat_com1 @Feminazi_Front Men don't get to have a say in whether pregnancy comes to term or not.,4,3,other_cyberbullying,not_cyberbullying,True
9453,"After all, everyone knows where I live. I could see some of these people drinking and getting stupid ideas about a confrontation.",4,4,other_cyberbullying,other_cyberbullying,False
9460,We're already privately working with a number of tech companies. Relationships are being built. We're making HUGE amounts of progress.,4,4,other_cyberbullying,other_cyberbullying,False
9461,Whenever I was sad or needed a kind word he was there.. Now he's the neighborhood twitter bully lol,4,4,other_cyberbullying,other_cyberbullying,False
9477,@ThatSabineGirl @MeLectable and then she kept sending all these weird threats my way. Like wicked witch of the west style.,4,4,other_cyberbullying,other_cyberbullying,False
9483,"It was 10 years ago, but it's just a more obvious version of the shit wadhwa is doing now.",4,4,other_cyberbullying,other_cyberbullying,False
9492,"Hate watching an interview &amp; I hear ""like"" a fucking million times",4,4,other_cyberbullying,other_cyberbullying,False
9509,How dare I troll people that go out of their way to try to destroy my life. @_Thirst48,4,4,other_cyberbullying,other_cyberbullying,False
9516,"When we say #killallmen, we are mocking the people that think feminism is the actual eradication of men or masculinity.",4,4,other_cyberbullying,other_cyberbullying,False
9520,i swear to god if any of these people snapchat me dick pics they are getting posted on my site.,4,4,other_cyberbullying,other_cyberbullying,False
9522,"http://t.co/9yNL4eQcMP is a good option, but it's a partial solution. We need the ability to filter accts w/o phone number attached.",4,4,other_cyberbullying,other_cyberbullying,False
9523,Kat so full of grace. Not. #MKR,4,3,other_cyberbullying,not_cyberbullying,True
9535,@sarahjeong lol more gaters threatening to sue. will you be my moon lawyer? i will pay you with artisanal cheese.,4,3,other_cyberbullying,not_cyberbullying,True
9555,I hate you,4,4,other_cyberbullying,other_cyberbullying,False
9558,@mcspocky Having this idiot on the Nat'l security council is just as idiotic to think that Trump has the nuclear codes,4,5,other_cyberbullying,religion,True
9562,Buttons are weird. Gave up trying to hit them in the right spot and started swiping to page backwards. Power button is weird.,4,4,other_cyberbullying,other_cyberbullying,False
9570,@Kcocomiracle why? She bully you Eh :\ SMS me tell me what happen :D,4,4,other_cyberbullying,other_cyberbullying,False
9578,I have a photo shoot thing tomorrow I guess. I need to clean my apartment and dye my hair and get this dumb code done ughh UGHHHH,4,4,other_cyberbullying,other_cyberbullying,False
9579,@NedGilmore can wreck rogues when I'm disc. Not so much as shadow - but all my gear is heals. :P,4,4,other_cyberbullying,other_cyberbullying,False
9581,@Isham_AlAssad @UN Nobody said that goat fucker. You made it up.,4,4,other_cyberbullying,other_cyberbullying,False
9582,@PRETTYRed_Lips: Bina is being so nice to Jay ! @MRS_MW_BANDS awe that's a first lol maybe she's only a bully when I'm around !,4,4,other_cyberbullying,other_cyberbullying,False
9583,Just saw this fly by on my stats display a few times:,4,3,other_cyberbullying,not_cyberbullying,True
9588,@SlipperyWhnWhet Almost makes me want to cyber bully that person off Twitter but he'd just come back with a new name & an old bag of tricks.,4,4,other_cyberbullying,other_cyberbullying,False
9598,"You bully me so fucking much, I hate you",4,4,other_cyberbullying,other_cyberbullying,False
9599,@aquarianfool i'm going to try to put together a more permanent blog post about this for people to reference.,4,4,other_cyberbullying,other_cyberbullying,False
9602,gosh. just look at the three people that liked that post. those. three. people.,4,4,other_cyberbullying,other_cyberbullying,False
9614,"At least I know I'll probably never encounter him in my career, unless it's from people that are seeking to be protected from him.",4,4,other_cyberbullying,other_cyberbullying,False
9619,@marvelousmusing I should look and see if there's anything else to add to my CV beside feminist attack machine and feminazi chubster.,4,2,other_cyberbullying,gender,True
9621,@Record_Sport This will bite him on the arse stupid thing to do.,4,4,other_cyberbullying,other_cyberbullying,False
9623,"@beardyblue @emily_esque i'm not entirely certain how all of this is going to work, so i'm still feeling it out.",4,4,other_cyberbullying,other_cyberbullying,False
9624,"@girlziplocked the anti-abuse thing is my main focus, always. but in my spare time? his bullshit *is* abusive towards feminism.",4,4,other_cyberbullying,other_cyberbullying,False
9628,"When I grow up, I want to be Draka.",4,3,other_cyberbullying,not_cyberbullying,True
9629,Someone give me a primer on what's up with Irish data protection/privacy laws.,4,4,other_cyberbullying,other_cyberbullying,False
9631,"No matter what size iPad I get, I always run out of space. Still waiting for apps to be run from cloud storage. Sigh http://t.co/BvxOXtuyNO",4,4,other_cyberbullying,other_cyberbullying,False
9634,"Sleepytime peach tea with lavender infused honey, you complete me.",4,3,other_cyberbullying,not_cyberbullying,True
9637,but when it's easy to create new accounts - as we've seen in twitter &amp; other social media sites - in come the rape threats.,4,4,other_cyberbullying,other_cyberbullying,False
9640,"@CameronAuclair4 i want to hit a button and play a game. I'm already logged into steam, or my xbox. I don't want to login to a 3rd party.",4,4,other_cyberbullying,other_cyberbullying,False
9641,"RT @kylemaxwell: You call it ""full stack"" but we call it ""actually knowing how stuff works""",4,2,other_cyberbullying,gender,True
9649,"@dylanw his behavior - and yours, for that matter - are pretty typical. sorry if the truth hurts.",4,4,other_cyberbullying,other_cyberbullying,False
9669,@trobb13 you're a goof.,4,4,other_cyberbullying,other_cyberbullying,False
9671,"They don't understand that blocks are people saying ""I want you to leave me alone.""",4,4,other_cyberbullying,other_cyberbullying,False
9674,My leg healed for a few seconds..it didn't hurt what so ever.. Is it because of @D3V1LBOYZzz magical power? Maybe I should bully u more..,4,4,other_cyberbullying,other_cyberbullying,False
9675,@JJohnsonLaw @intelligencer I wish she would move to Montana so she could be my senator instead of that idiot steve daines,4,5,other_cyberbullying,religion,True
9676,@subhamlawrence Your cartoon about men opening a gate for women--Why not just move aside and let the women open it? #BlameOneNotAll,4,4,other_cyberbullying,other_cyberbullying,False
9688,Things I hate: Installers that require a restart and then trigger the restart when I hit finish. No I do not want to restart right now tyvm,4,5,other_cyberbullying,religion,True
9689,"@tephuney Reese, you are a bully. :)",4,4,other_cyberbullying,other_cyberbullying,False
9697,"@almafeta I've read many of them, but it doesn't make it easier for me.",4,4,other_cyberbullying,other_cyberbullying,False
9701,I have been in mortal fear of ever destroying my iPhone because I 2FA everything.,4,3,other_cyberbullying,not_cyberbullying,True
9720,WE ARE IN THE WALL STREET JOURNAL!!!! Game Developer: The Gaming Industry Is Not Doing Enough to Combat Misogyny http://t.co/4DGQbt3zhP,4,4,other_cyberbullying,other_cyberbullying,False
9724,So who's out of #mkr ?,4,3,other_cyberbullying,not_cyberbullying,True
9729,Here's a thought that would be fairly easy to implement: webapp that lets you get stats/links to mentions you received from blocked users.,4,4,other_cyberbullying,other_cyberbullying,False
9730,".@a_picazo you are participating in the libel by baselessly claiming @shoq is a bully.  again, i caution you to watch what you say. #p2",4,4,other_cyberbullying,other_cyberbullying,False
9734,Is it weird I bullied my niece into putting #neversaynever on so I had an excuse as to why I'm watching it :S #secretbelieber,4,4,other_cyberbullying,other_cyberbullying,False
9735,@Transition i love this movie.,4,4,other_cyberbullying,other_cyberbullying,False
9737,@apfergus i'm reading about it now. :),4,4,other_cyberbullying,other_cyberbullying,False
9751,"@emmmxo_ hehe yeah mahnn, sometimes not horrible but today you were:( your such a nice girl..bully;)",4,4,other_cyberbullying,other_cyberbullying,False
9760,guys. calm down. it was a joke.,4,2,other_cyberbullying,gender,True
9761,I Know Winner is @shanemcmahon,4,4,other_cyberbullying,other_cyberbullying,False
9763,@jmatonak don't do it. It's never worth it.,4,4,other_cyberbullying,other_cyberbullying,False
9765,Rashid is a bully I wish I could go back to sleep but mother nature is a ugly bitch -_-,4,4,other_cyberbullying,other_cyberbullying,False
9769,"Sometimes I miss Ambien, but I kept waking up to an empty gallon of milk desperately needing to pee. Doc never warned me about that.",4,3,other_cyberbullying,not_cyberbullying,True
9774,@Stevie_Bull saw yow pullin out of the Molindump in your big black Bee em double yow satday Bully! I day wave coz day want you to crash.,4,4,other_cyberbullying,other_cyberbullying,False
9778,BUT I'm no Bully,4,0,other_cyberbullying,age,True
9787,Star Trek was one of the only TV shows I  could watch when I was a kid.,4,4,other_cyberbullying,other_cyberbullying,False
9790,Scum.,4,3,other_cyberbullying,not_cyberbullying,True
9797,"I've submitted a similar talk for #OSCon, and I'll be writing it regardless. If anyone on the west coast has a venue for it, happy to talk.",4,4,other_cyberbullying,other_cyberbullying,False
9801,"You fear me, because you don't know what I am. I look like a woman, I sound like a man, and your reason tells yo... http://t.co/y7nZgOOWQ9
Oh, sweetie. I don't do passive aggressive. I'm aggressive aggressive. http://t.co/lge7WMbCdW
@LaurenSchacher @Jezebel the gigglefits over FEMINAZI STOLE MY ICE CREAM!"" are real.",4,2,other_cyberbullying,gender,True
9802,The rule of the Apple mini-displayport to DVI adapter is that you will never be able to find it when you finally need it.,4,4,other_cyberbullying,other_cyberbullying,False
9803,"@IGLevine @satsukitv hi. I work directly with the police, and this is incorrect. Most PDs say nothing of the sort.",4,4,other_cyberbullying,other_cyberbullying,False
9812,"@stibbons mind hitting me up later this evening or tomorrow? will need to talk to someone from sales, i think. can't give more details yet.",4,4,other_cyberbullying,other_cyberbullying,False
9816,"@cheeseplus ugh. when you get numb to it, that's when you have to worry.",4,4,other_cyberbullying,other_cyberbullying,False
9817,"@realDonaldTrump  Go drink some bleach already, you useless prick!!",4,4,other_cyberbullying,other_cyberbullying,False
9819,I know of at least 3 people that are dealing with police today after being doxxed on 8chan. Trying to be available if I'm needed.,4,4,other_cyberbullying,other_cyberbullying,False
9820,I can never understand what pleasure these idiots get out of bullying and threatening people on twitter.. :(,4,4,other_cyberbullying,other_cyberbullying,False
9821,Ew I come back and everyone is hating on @gagaglobal for one small mistake...Stop bullying Monsters! Please enough drama on here already.,4,4,other_cyberbullying,other_cyberbullying,False
9829,"So, I'm understanding of what I'm watching go down over and over and over again. Really, I am.",4,3,other_cyberbullying,not_cyberbullying,True
9830,@ShepNewsTeam  tell that idiot he didn't declare war he does not need your permission or vote,4,4,other_cyberbullying,other_cyberbullying,False
9835,@pepsi No need to apologize because some people are too retarded to see your message of positivity and to trying to unite us.,4,4,other_cyberbullying,other_cyberbullying,False
9842,I guess I've been doing a good enough job that a PUA/MRA site decided I was public enemy #1. Something to write home about?,4,4,other_cyberbullying,other_cyberbullying,False
9846,"@YasmineSaoudi  i can be a bully if i want , next time i see im going to throw you in the trash can , yup thats right :D",4,4,other_cyberbullying,other_cyberbullying,False
9849,She's checking it twice,4,3,other_cyberbullying,not_cyberbullying,True
9851,@JWYoder I remember hearing of something bad in conjunction with this person - came under fire from a lot of people iirc,4,4,other_cyberbullying,other_cyberbullying,False
9856,Why do we get bullied so easy into selling cheap ??,4,4,other_cyberbullying,other_cyberbullying,False
9859,@8BitBecca I've got a pretty awesome lawyer working with us.,4,4,other_cyberbullying,other_cyberbullying,False
9865,"@Taurmaurils I'd rather live in PDX, but the budget squeeze is real.",4,4,other_cyberbullying,other_cyberbullying,False
9866,This feels like that that endorphin rush public speakers get but so much more intense. Oh boy.,4,4,other_cyberbullying,other_cyberbullying,False
9872,"@TURBOCUNT right?! you can make an offer, and even though you're not supposed to, some people will take $ over paypal for less.",4,4,other_cyberbullying,other_cyberbullying,False
9876,I forgot my phone charger at home-FUUUUUUUUUUUUU.....,4,3,other_cyberbullying,not_cyberbullying,True
9883,@chilblane no one from requiem ever goes. they are too antisocial.,4,4,other_cyberbullying,other_cyberbullying,False
9897,"Thanks for the super effective advertising for the need for #ggautoblocker, I guess.",4,4,other_cyberbullying,other_cyberbullying,False
9900,"@KatieBatterman you rock. &lt;3  i got a text about it at a very inopportune time, was all ""awww, hell, not now.""",4,4,other_cyberbullying,other_cyberbullying,False
9906,"lulz when you politely call someone out and you get ""sweetie it was a joke, lighten up, don't go all #feminazi"" omfg #stop",4,2,other_cyberbullying,gender,True
9913,"@damnitscloudy haha. any fixation is pretty scary, tbh. if people want to hate me, that's fine. but just like... have other interests.",4,4,other_cyberbullying,other_cyberbullying,False
9914,@cxarli i care that she wrote a medium piece throwing all of us under the bus.,4,3,other_cyberbullying,not_cyberbullying,True
9917,@andreasrossi yes. But does that change the fact the bullying is wrong? Ignoring it doesn't make it right. Just being the bigger person :),4,4,other_cyberbullying,other_cyberbullying,False
9920,"Just been told of another person (m8's sister) being intimidated by a double glazing salesman, I'm guessing it was Dunraven, the bully boys",4,0,other_cyberbullying,age,True
9923,"If you compare being #feminist with the holocaust, I'm proud of saying that I'm a fucking feminazi",4,2,other_cyberbullying,gender,True
9924,@ADoug @copiesofcopies i bought it because i'm lazy and don't want to wash a pot just for making ramen. my bowls are not microwave safe.,4,2,other_cyberbullying,gender,True
9928,Made it out of the mountains alive.,4,3,other_cyberbullying,not_cyberbullying,True
9929,"@Aiiane @aquarianfool there's also that little endorphin rush of ""expressed rage on internet, did something good"" - positive feedback loop",4,5,other_cyberbullying,religion,True
9933,@hypatiadotca I thought about it before I started the entire thread. It only looked like I was thinking quickly,4,4,other_cyberbullying,other_cyberbullying,False
9948,Sorry I couldn't help myself.,4,4,other_cyberbullying,other_cyberbullying,False
9958,BRYCE CAN KILL HIMSELF THAT FUCKING DISGUSTING ASSHOLE I HATE HIM WITH ALL MY HEART AND SOUL,4,4,other_cyberbullying,other_cyberbullying,False
9960,@jneen_ i need to know the story behind that image,4,4,other_cyberbullying,other_cyberbullying,False
9961,i am not sure if enabling twitter from within WoW is a good idea or not. http://t.co/Yo43nZo1c9,4,4,other_cyberbullying,other_cyberbullying,False
9964,@TheQuinnspiracy @Lauthinv tbh there's not much a PI can do that anyone competent with the internet can't do.,4,4,other_cyberbullying,other_cyberbullying,False
9970,I'm no princess that needs a knight,4,4,other_cyberbullying,other_cyberbullying,False
9971,"If one more person DMs me, I'm going to throw my phone out the window. Please don't do that.",4,3,other_cyberbullying,not_cyberbullying,True
9976,@lscydnew they are not cute at all! Bully me :(,4,4,other_cyberbullying,other_cyberbullying,False
9977,"Why are we letting them just take advantage of this little old lady, whom by many accounts is senile?",4,4,other_cyberbullying,other_cyberbullying,False
9998,@JWYoder anyone that uses McCarthyism in a sentence that has to do with an opt in block list is pretty much not worth anyone's time.,4,4,other_cyberbullying,other_cyberbullying,False
10005,"@stockputout if you mean they have giant dicks that they're swinging around, yes.",4,4,other_cyberbullying,other_cyberbullying,False
10009,I left *engineering* to go into running a *non-profit*. Huge pay decrease. You're absurd. @jmdoman,4,3,other_cyberbullying,not_cyberbullying,True
10020,THEY JUST SAID IT AGAIN. I am dying.,4,4,other_cyberbullying,other_cyberbullying,False
10035,"@roarghmetal saw y'all in NYC with Thrash Or Die, bought your music, and now play you on my show on https://t.co/aGFTlwj88F",4,4,other_cyberbullying,other_cyberbullying,False
10047,Classy and elegant is one way of putting it... #mkr,4,3,other_cyberbullying,not_cyberbullying,True
10049,I'm watching it happen. I'm watching the numbers climb. This is bonkers. #LawAndOrderSVU,4,4,other_cyberbullying,other_cyberbullying,False
10050,i wish people didnt bully other people :/,4,4,other_cyberbullying,other_cyberbullying,False
10055,"@athenahollow no doubt. i don't really have the time for lawsuits, so it's a question of resource allocation vs benefit.",4,4,other_cyberbullying,other_cyberbullying,False
10056,"EXCUSE ME KOTAKU, BUT I AM A DEVOPS, NOT JUST AN ACTIVIST.",4,3,other_cyberbullying,not_cyberbullying,True
10057,Tearra need to stop being a bully!,4,4,other_cyberbullying,other_cyberbullying,False
10069,I guess it's time for some guy to make an example out of me. Or whatever it is that he thinks he is doing.,4,3,other_cyberbullying,not_cyberbullying,True
10085,"Whoever bullied Justin last time, i bet they've really regret it d: haha . He was a zero but now he's our hero ❤",4,4,other_cyberbullying,other_cyberbullying,False
10090,"This is a problem that affects everyone, but we have seen far more harassment targeting women.",4,4,other_cyberbullying,other_cyberbullying,False
10094,@Jackson13w @lukemckinney i'm sorry your feelings were hurt. that must be terrible. i would know nothing about that.,4,4,other_cyberbullying,other_cyberbullying,False
10099,"i don't trust nobody around my boyfriend period.. he know not to try me , but it's the principal y'all hoes nasty!",4,2,other_cyberbullying,gender,True
10104,@AndyEaston85 Love how we are teaching the Bullshitters a lesson in football. Miss Bully and his message board posts.,4,4,other_cyberbullying,other_cyberbullying,False
10106,Omg we're going to war! Trump is so fucking stupid,4,4,other_cyberbullying,other_cyberbullying,False
10107,@NBCNews No Donald Trump this is all on you!! Pack your bags Your Stupid Narcissistic Lunatic Ass Is FIRED!!,4,4,other_cyberbullying,other_cyberbullying,False
10114,@moveonsaw ahahaa :D I don't bully him deep in my heart the bullying means I love him :D,4,3,other_cyberbullying,not_cyberbullying,True
10117,@tekniklr but the house is so cute,4,4,other_cyberbullying,other_cyberbullying,False
10119,i don't know isn't a viable response...intelligence idiots,4,5,other_cyberbullying,religion,True
10120,"Only primary 2 only come here and bully people. Act like a demure, obedient girl. Grow up sure jialat",4,0,other_cyberbullying,age,True
10128,"People are making an interesting case irt libel and some things GG is saying about OAPI, but honestly, my dance card is already full.",4,4,other_cyberbullying,other_cyberbullying,False
10134,"If a monk has touch of karma up on someone else and I keep attacking, why don't I get the killing blow credit when my teammate dies? ;D",4,3,other_cyberbullying,not_cyberbullying,True
10138,I havent watched all the eps of 13rw and i dont wanna know any spoilers but i see/rt people who posted the scene. Who is the stupid ass rn?,4,2,other_cyberbullying,gender,True
10160,@InfiniteClock @jearle although it's a bit gratifying having people sit up and listen when I yell about things I don't like.,4,4,other_cyberbullying,other_cyberbullying,False
10168,countdown to more companies following suit after seeing the way that was handled.,4,4,other_cyberbullying,other_cyberbullying,False
10184,"@ANN_Lynzee minority status is only relevant due to the accusations, though.",4,4,other_cyberbullying,other_cyberbullying,False
10187,MAGICAL DICK SCRUB,4,4,other_cyberbullying,other_cyberbullying,False
10192,@a_man_in_black I think I'm going to push it to people outside of safety so we can get some better promotion reviews.,4,4,other_cyberbullying,other_cyberbullying,False
10205,Who cares? Just avoid them. SF is a big city.,4,3,other_cyberbullying,not_cyberbullying,True
10213,Kerstin is being a food bully.,4,4,other_cyberbullying,other_cyberbullying,False
10237,@LynnMagic right? i don't even have tattoos and now i want one.,4,4,other_cyberbullying,other_cyberbullying,False
10244,"but that seems gross, and not really how this tool should be used. can do better w/other things, this is more for an overview.",4,4,other_cyberbullying,other_cyberbullying,False
10254,I'm going to stay in this clan forever and just keep screencapping.,4,4,other_cyberbullying,other_cyberbullying,False
10255,@petfish burn that mother down,4,4,other_cyberbullying,other_cyberbullying,False
10262,"Because i'm a feminazi, that's why...",4,2,other_cyberbullying,gender,True
10268,"@MaddieWozniak you cant take pride in being a woman, or ask for more, without being called a feminazi or something. This is so twisted",4,4,other_cyberbullying,other_cyberbullying,False
10270,"@korvys i'm having to transition away from redis due to db size, and that's making everything more difficult.",4,4,other_cyberbullying,other_cyberbullying,False
10273,"@netcrusher88 if you scroll enough, you can find the screencaps. still seeing a lot of ""kill yourself"" tweets.",4,4,other_cyberbullying,other_cyberbullying,False
10274,"RT @lagueritaxo: IF YOU HATE ME OVER A GUY, YOU'RE WACK AS HELL BOO",4,4,other_cyberbullying,other_cyberbullying,False
10279,"@mattjbaldo in my closet, left by the tiara fairy",4,3,other_cyberbullying,not_cyberbullying,True
10280,@WillSecurity that's the airport code...,4,4,other_cyberbullying,other_cyberbullying,False
10285,@knifehorse email me this so I can get to it. Currently in my car.,4,4,other_cyberbullying,other_cyberbullying,False
10294,Someone is going home #mkr ...that obviously cannot cook !,4,3,other_cyberbullying,not_cyberbullying,True
10300,SICK HIM,4,3,other_cyberbullying,not_cyberbullying,True
10305,@ANN_Lynzee i think every white person has some level of bias and has to keep that in mind.,4,4,other_cyberbullying,other_cyberbullying,False
10319,@harper i have the best shoe game.,4,4,other_cyberbullying,other_cyberbullying,False
10321,Oh wait wasn't someone from valve at the SJW dinner last night?,4,3,other_cyberbullying,not_cyberbullying,True
10323,"@edzitron someone to help with press releases and shit i think. we have a PR guy sorta, but i'm not sure if he's very west coast",4,4,other_cyberbullying,other_cyberbullying,False
10329,@Trigger_Check will take a look.,4,4,other_cyberbullying,other_cyberbullying,False
10334,"@GlennF @ChrisWarcraft that said, i'm capable of liking someone's work while trying to wish them out of existence.",4,3,other_cyberbullying,not_cyberbullying,True
10336,Can I live on alterac valley drive?,4,4,other_cyberbullying,other_cyberbullying,False
10341,me: jinho is so violent,4,3,other_cyberbullying,not_cyberbullying,True
10342,"kelly, i'm really disappointed in you - can disappointed wadhwa be a meme?",4,4,other_cyberbullying,other_cyberbullying,False
10345,I don't change my views to get money. That's not how this works. @PeerWorker,4,3,other_cyberbullying,not_cyberbullying,True
10346,Ugh why do the eyeshadows in this palette crease so fucking bad,4,4,other_cyberbullying,other_cyberbullying,False
10354,"Thus far, unimpressed by Emerald Dream. Quests on this server seem buggy. I have no idea why.",4,3,other_cyberbullying,not_cyberbullying,True
10355,it's been an hour and the recipe said it only takes an hour but it must be wrong because the chocolate isn't hard and i want it nowwww,4,4,other_cyberbullying,other_cyberbullying,False
10372,that's why I hate working on school days... be fucking up my schedule,4,3,other_cyberbullying,not_cyberbullying,True
10374,There's a reason we started tracking all of her followers. An immense amount of racism/sexism/abuse was coming from her corner.,4,3,other_cyberbullying,not_cyberbullying,True
10378,"@TheQuinnspiracy although vine may work too, since it's like a small part of what you are talking about. dunno.",4,4,other_cyberbullying,other_cyberbullying,False
10384,@Eyeslam you're being mean to me! you're a cyber bully.,4,4,other_cyberbullying,other_cyberbullying,False
10385,I would be shocked if there are many people that have been the target of call-out culture mob harassment that say call-out culture is good.,4,4,other_cyberbullying,other_cyberbullying,False
10389,My kingdom for a subscription to Safari Books Online. I miss having one provided by my former employer. :(,4,3,other_cyberbullying,not_cyberbullying,True
10393,@jsigj @salarta @sschinke i miss the days when i could just tell when people were sarcastic... poe's law.,4,4,other_cyberbullying,other_cyberbullying,False
10395,There's no way I can watch yet another round of instant restaurants. Switching off! #MKR,4,3,other_cyberbullying,not_cyberbullying,True
10399,"Breaking from the whitehouse. ""User Face Designer"" is now a tech job title.",4,4,other_cyberbullying,other_cyberbullying,False
10415,"@KirinDave but regardless, i posted a screenshot of something i love doing, and you made digs about it being out of date. so... whatever.",4,4,other_cyberbullying,other_cyberbullying,False
10417,"Stand strong. The only comfort I have to give right now is that no one is really listening to this particular group, anyways.",4,4,other_cyberbullying,other_cyberbullying,False
10418,"RT @Quinnae_Moon: Amid the anger about this episode, the opinions that matter most, I think, are those of the people Raina's character was …",4,3,other_cyberbullying,not_cyberbullying,True
10421,IT IS ON THE MAP. Why does it keep telling me no direct flight path? http://t.co/AhJfOJkbwy,4,4,other_cyberbullying,other_cyberbullying,False
10422,@Megan_BelleAmie yeah!:) esther and soph were bullying me but its all good;) wish you could have too! We're seeing them thursday though :D ♥,4,4,other_cyberbullying,other_cyberbullying,False
10435,"Probably not going to be working on that for another few weeks, time to switch to ""running a non-profit"" set of tabs.",4,3,other_cyberbullying,not_cyberbullying,True
10436,@teh_maxh still extra work to go through. most trolls move on and find new victims.,4,4,other_cyberbullying,other_cyberbullying,False
10437,"Oh, no. I just realized that after next week, I am busy until August.",4,4,other_cyberbullying,other_cyberbullying,False
10439,Been waiting to release all this anger out!! OML I'm gone send a bitch to the hospital,4,4,other_cyberbullying,other_cyberbullying,False
10447,The Eagles won't do shit tonight either. But I'm just a big bully.,4,4,other_cyberbullying,other_cyberbullying,False
10460,@NordicNinja use twitter search against his name. there's a lot.,4,4,other_cyberbullying,other_cyberbullying,False
10462,@ZendayaAgency o I'm sorry please don't call me a bully,4,4,other_cyberbullying,other_cyberbullying,False
10464,I have so much hate for people in my school . Why cant i just be loving . I hope that anyone who ever bullied me gets it back .,4,0,other_cyberbullying,age,True
10467,@0xabad1dea people love to hate me. :P  it's practically a sport. looking forward to inclusion in 2020 olympics.,4,3,other_cyberbullying,not_cyberbullying,True
10478,"According to @ninaburleigh, we should be happy that dudes are talking about feminism. Even if they are telling us how we are doing it wrong.",4,4,other_cyberbullying,other_cyberbullying,False
10490,"We parted ways, but stayed in touch throughout the years. He got swole while I went off and did my thing, writing Perl, angering trolls.",4,4,other_cyberbullying,other_cyberbullying,False
10495,"Haha. I just got to refer to someone in my social circles as being the ""token dude"" for a lady-centric bottomless mimosas meetup.",4,4,other_cyberbullying,other_cyberbullying,False
10498,i would probably pay $85 for a 5 pack of those superhero knee-high socks w/capes attached. That is the only circumstance where this is OK.,4,4,other_cyberbullying,other_cyberbullying,False
10504,@Shake_Well that's likely the same person i'm talking about.,4,4,other_cyberbullying,other_cyberbullying,False
10505,"So why is everybody bullying @NathanTheWanted  tonight? If he want to tweet u, he will. It will just take time and one day it will be u:) x",4,4,other_cyberbullying,other_cyberbullying,False
10509,@f3ew what is the story behind your profile pic? i have to know.,4,4,other_cyberbullying,other_cyberbullying,False
10511,No index table. Have to page through to get to US part. Poor formatting. Lots of words. Police here will see this and tune out. @ask_fm,4,4,other_cyberbullying,other_cyberbullying,False
10514,"@chilblane lol. time to look at a new social group and write a blocklist, i guess.",4,3,other_cyberbullying,not_cyberbullying,True
10525,this was the worst night of my life..now into those fucking dizzy feelin,4,4,other_cyberbullying,other_cyberbullying,False
10527,"It's like Tank Girl, if Water &amp; Power had been run by a white cishet ma-oh wait.",4,4,other_cyberbullying,other_cyberbullying,False
10530,"No, it's not going down like that. I don't care who you are. I'm not gonna be bullied by you. I give you respect, and I deserve the same.",4,3,other_cyberbullying,not_cyberbullying,True
10532,@Taschanne did bully just wish me happy birthday maaaad! x,4,4,other_cyberbullying,other_cyberbullying,False
10537,For those keeping score at home- cousin who just had massive heart-attack is trying to bully the doctors into letting her out one day early.,4,3,other_cyberbullying,not_cyberbullying,True
10541,RT @Quinnae_Moon: Being in the public eye means you'll never make everyone happy and that you get put under a microscope. Even as a *minor*…,4,4,other_cyberbullying,other_cyberbullying,False
10554,@Lex_Diamonds_71 @Polygon I don't have to listen to you on my personal account. You have no idea what OAPI is for or doing. Shove off.,4,4,other_cyberbullying,other_cyberbullying,False
10559,@CassieBronsWify nun un :/ no bully here I'm no tammi,4,4,other_cyberbullying,other_cyberbullying,False
10560,"Given that he already used his low twitter userid to brag about his worth, I shouldn't be shocked that he wants twitter to be classist.",4,4,other_cyberbullying,other_cyberbullying,False
10563,Guys. I'm the Founder/CEO. I look forward to chatting with you.,4,3,other_cyberbullying,not_cyberbullying,True
10564,"There's a woman writing a ""women in tech"" book. And she's stomping on everyone in her path as long as she gets money for it.",4,3,other_cyberbullying,not_cyberbullying,True
10566,"when someone uses my last name to introduce or address me, i always feel like i'm in trouble.",4,4,other_cyberbullying,other_cyberbullying,False
10567,@Partisangirl What the triple fuck!!!! What the hell is going on?,4,4,other_cyberbullying,other_cyberbullying,False
10574,@slainv_fr just because you closely associate this rant with one of them doesn't mean I'm calling out anyone in particular.,4,4,other_cyberbullying,other_cyberbullying,False
10576,guys. show me the data. show me your github. tell me your story. show me something that makes me think you're not a bag of useless opinions.,4,4,other_cyberbullying,other_cyberbullying,False
10582,This person is a Stalker and Internet bully! Please beware! She must be stopped! Stop the hate!!! http://t.co/0zRiVz6,4,4,other_cyberbullying,other_cyberbullying,False
10583,@petecheslock a *really bad* data scientist that is yelling about harassment because i pointed out flaws in his work lololol,4,4,other_cyberbullying,other_cyberbullying,False
10584,"@Shervyn like i would owe you, big time.",4,4,other_cyberbullying,other_cyberbullying,False
10596,"It's unfortunate, because I'd like to leave twitter as an avenue available to GamerGaters that have been targeted.",4,4,other_cyberbullying,other_cyberbullying,False
10599,Funny how Kat thinks that everyone is loving her dish but people think it's actually awful 😂 #mkr,4,2,other_cyberbullying,gender,True
10600,"RT @JillWetzler: And you don't respond, because you don't want to be the token hire. You don't want to be hired for your gender or race.",4,2,other_cyberbullying,gender,True
10602,"@Taxis__ don't really know, most of those people are dumb.",4,4,other_cyberbullying,other_cyberbullying,False
10605,@JohnDoty sometimes. :P  i try.,4,4,other_cyberbullying,other_cyberbullying,False
10607,boy: calling me a white boy…,4,3,other_cyberbullying,not_cyberbullying,True
10626,"@pete_zar that wasn't bullies that was a random attack :L and lol, you, bully me? don't even pretend you do :L",4,4,other_cyberbullying,other_cyberbullying,False
10630,"Agreed about their community. There were some harassing chats on SE early on in this GG mess, and they took care of it immediately.",4,4,other_cyberbullying,other_cyberbullying,False
10637,RT @Miss_Keeta11: Jealousy is really an ugly ass trait to have.,4,4,other_cyberbullying,other_cyberbullying,False
10642,"My robot butt looks pretty awesome, but not even taking a pic of that. :P",4,4,other_cyberbullying,other_cyberbullying,False
10643,@cheeseplus story of my life,4,4,other_cyberbullying,other_cyberbullying,False
10652,that moment when you silence a mage and they start backpedalling and you just KNOW it's about to go down,4,3,other_cyberbullying,not_cyberbullying,True
10656,".@WestCoastAnime yes, I found it ;)",4,4,other_cyberbullying,other_cyberbullying,False
10657,I will NEVER understand why people think it's okay to bully. I've been on the receiving end of it and TRUST ME. it's not okay. #staystrong,4,4,other_cyberbullying,other_cyberbullying,False
10661,"RT @JillWetzler: ""Don't be mad cuz I'm doing me better than you doing you.""",4,2,other_cyberbullying,gender,True
10662,@korvys oh that was not directed at you. :P,4,4,other_cyberbullying,other_cyberbullying,False
10666,@mosleytribe @SugarShaneM Well If he threw More Punches at Floyd we would have gotten an exciting Fight..but he let the little guy bully him,4,4,other_cyberbullying,other_cyberbullying,False
10669,@realist what clique? What on earth are you talking about?,4,4,other_cyberbullying,other_cyberbullying,False
10674,"@SuperSpacedad that's why they really can't effect us. gaming industry is involved, sure. But it's a much bigger conversation.",4,4,other_cyberbullying,other_cyberbullying,False
10676,This school year I'm not bullying anyone. I got in to much trouble last year.,4,3,other_cyberbullying,not_cyberbullying,True
10678,Gearing up my DK. Just hit 100 with her this evening. ^.^,4,4,other_cyberbullying,other_cyberbullying,False
10682,I just kick over a homeless dude house......  I'm such a bully #thugLife,4,4,other_cyberbullying,other_cyberbullying,False
10688,$600 to shoot the video.,4,3,other_cyberbullying,not_cyberbullying,True
10697,I don't understand why a simple technical definition is giving them so much of a problem. They seem to think DoS/DDoS == excessive packets.,4,4,other_cyberbullying,other_cyberbullying,False
10708,It was time for Lavar Ball to shut up like a month or two ago...now he's just being an idiot,4,4,other_cyberbullying,other_cyberbullying,False
10712,@ThatSabineGirl @MeLectable wrote me the most hilarious open letter that was all about her. I loled for days. Forgot all abt that until now.,4,4,other_cyberbullying,other_cyberbullying,False
10714,@krainboltgreene i'm not spouting off random views that weren't come to without a lot of thought and concern.,4,4,other_cyberbullying,other_cyberbullying,False
10715,At what point did people start confusing alpha with asshole?,4,4,other_cyberbullying,other_cyberbullying,False
10719,"Yep. We all remember what happened last time I was fake-report bombed, right? 15 minutes to fix it. @kgasso",4,4,other_cyberbullying,other_cyberbullying,False
10726,@Cactus_Soup90 difficult to write those with current limitations of developer policy.,4,4,other_cyberbullying,other_cyberbullying,False
10729,@dpquigl I know another person in the same situation.,4,4,other_cyberbullying,other_cyberbullying,False
10731,@FuckkeM I did not bully you.,4,4,other_cyberbullying,other_cyberbullying,False
10732,@SilverMillsy i could not be paid enough to live through my 20's again. :P,4,4,other_cyberbullying,other_cyberbullying,False
10735,"fan, not here to defend him. I just don't agree to cyber bullying. It's a coward's way to defamed a person. Be smart",4,4,other_cyberbullying,other_cyberbullying,False
10741,"@MBachmann4Pres There's nothing to change, nor to debate. You need to get a grip and stop bullying people.",4,4,other_cyberbullying,other_cyberbullying,False
10743,@ashleylynch @mistertodd read the last line of the paragraph about OAPI out loud to a table full of indie devs at dinner tonight. LOVE IT.,4,4,other_cyberbullying,other_cyberbullying,False
10744,@ChrisWarcraft @srhbutts what did he do this time? I am *still* waiting for him to sue me.,4,4,other_cyberbullying,other_cyberbullying,False
10750,"Please no pile-ons. Don't tweet at him, etc. I think the conversation is concerning in that we need to discuss what bully means.",4,4,other_cyberbullying,other_cyberbullying,False
10752,@kunikos open world stuff just confuses me. there's too much to do. I need more of a guided path.,4,4,other_cyberbullying,other_cyberbullying,False
10755,@cheeseplus this is pretty much the best threat I have because I actually sorta like chef,4,4,other_cyberbullying,other_cyberbullying,False
10757,Wow. I might be out of blue hair dye. But I have a tube of Pravana that is purple... // @TheQuinnspiracy,4,4,other_cyberbullying,other_cyberbullying,False
10760,"RT @redstmiscreant: Keep in mind, Trump has no idea what the hell he's doing on ANY issue. If you thought #TrumpcareFail was bad, wait tillâ¦",4,4,other_cyberbullying,other_cyberbullying,False
10767,"@TeenMomGossip should be ashamed. saw u deleted the tweets, how coincidental! the girl needs support not bullying! grow up and pray for her!",4,4,other_cyberbullying,other_cyberbullying,False
10785,"Frankly, it's a little irritating to see some guy with a huge following come along and say ""I'm gonna do stuff!"" and then... do nothing.",4,2,other_cyberbullying,gender,True
10788,I keep getting fucked over! I'm done with everybody and everything,4,4,other_cyberbullying,other_cyberbullying,False
10790,"RT @jaythenerdkid: I think an important thing to remember is that no matter how much you care, you'll never have to care as much as the peo…",4,4,other_cyberbullying,other_cyberbullying,False
10791,"I love my friends in that industry, and to be completely honest, I'm even a little envious. They all love what they do.",4,3,other_cyberbullying,not_cyberbullying,True
10792,Soon soon soon,4,3,other_cyberbullying,not_cyberbullying,True
10796,You are a bully!!! No I don't like it!!,4,4,other_cyberbullying,other_cyberbullying,False
10805,Are you upset about tonight's elimination result? #MKR,4,3,other_cyberbullying,not_cyberbullying,True
10807,"Originally a working cat, the Maine Coon is solid, rugged, and can endure a harsh climate.  #cat #feline #Maine #Coon",4,4,other_cyberbullying,other_cyberbullying,False
10810,"@aquarianfool it's not that he shouldnt't be criticized - he should! but just look at that. if you speak out against it, you get dogpiled.",4,4,other_cyberbullying,other_cyberbullying,False
10824,Sex is fun. Money is rad. People are weird.,4,4,other_cyberbullying,other_cyberbullying,False
10836,Life is to short to not dress like every day is a party. http://t.co/3Z4mpovzTK,4,3,other_cyberbullying,not_cyberbullying,True
10839,I need pajama pants that don't look like pajama pants. Going out to lunch in Super Mario Bros pants. Haters gonna hate.,4,4,other_cyberbullying,other_cyberbullying,False
10846,@PeerWorker I'm from the south. Sweetie is another way to talk down and tell someone to go fuck themselves.,4,4,other_cyberbullying,other_cyberbullying,False
10849,"@_TyAnderson I wrote a thing about it for the Score and the response I got was basically ""shut up you feminazi""",4,4,other_cyberbullying,other_cyberbullying,False
10852,I don't have time for stupid ass bitches who think everything is about themselves,4,4,other_cyberbullying,other_cyberbullying,False
10857,@comattwow these tweets aren't in a reply chain. i have zero idea what you are talking about.,4,4,other_cyberbullying,other_cyberbullying,False
10863,"@warrior_tank hah, that's exactly what i was already doing, 'cept for vigilance - but i'm soloing, so 5th tier irrelevant.",4,4,other_cyberbullying,other_cyberbullying,False
10869,@boxedariel None of these things are true.  But I return to the original question...research. What have you read?,4,4,other_cyberbullying,other_cyberbullying,False
10874,@NezziiATL :( y u bully me so? You should come look after me ;),4,4,other_cyberbullying,other_cyberbullying,False
10875,I really need to learn to play someone *other* than Lili in Heroes.,4,4,other_cyberbullying,other_cyberbullying,False
10882,Ergh you piss me off,4,4,other_cyberbullying,other_cyberbullying,False
10891,Guys I realize we're talking about femicide but generalizing is just as bad. Maybe even worse. All you women need to stop. #BlameOneNotAll,4,4,other_cyberbullying,other_cyberbullying,False
10899,"Forgot to ask you, what did you do on you're Bday bay! #Coon",4,4,other_cyberbullying,other_cyberbullying,False
10903,"@a_man_in_black but to put the spotlight on ghazi is to basically say ""i hate seeing people talk about abuse"" for MANY of the posters.",4,4,other_cyberbullying,other_cyberbullying,False
10904,"The thing is, you don't actually have to say any of that stuff for us to figure out who it's coming from. It's easy to track social groups.",4,4,other_cyberbullying,other_cyberbullying,False
10917,"@BrownBagPantry if that were the case, Twitter would probably have about 3% of the current userbase. :)",4,4,other_cyberbullying,other_cyberbullying,False
10920,This is like that Movie from the 80's. The Never Ending Story. #MKR,4,3,other_cyberbullying,not_cyberbullying,True
10922,"Speaking up isn't the same thing as ""speaking for"", and I'm sorry you don't know the difference. @halletecco @wadhwa @Jason",4,4,other_cyberbullying,other_cyberbullying,False
10931,"Internet army of love, mobilize. Please give @KivaBay your support as she's fielding a wave of garbage over her kickstarter.",4,5,other_cyberbullying,religion,True
10933,"@danielzklein hmm. i haven't played in a few weeks. last time i was on, he had that creepy amazing new skin. I couldn't stop laughing.",4,4,other_cyberbullying,other_cyberbullying,False
10934,"@JAH2488 still have a lot of functionality to add to the base tool, but classifying it sooner rather than later might be a good idea.",4,4,other_cyberbullying,other_cyberbullying,False
10935,My name is Randi Lee Harper.,4,4,other_cyberbullying,other_cyberbullying,False
10937,@jmatonak engaging is just never a good idea. It's only going to make you frustrated and demoralize you.,4,3,other_cyberbullying,not_cyberbullying,True
10938,"@TheQuinnspiracy hey, can you poke the organizer? i was thinking about streaming this. maybe twitch.",4,3,other_cyberbullying,not_cyberbullying,True
10939,@allieemorse i only knew it was snowing because someone on twitter told me &amp; reporter hanging out w/me past few days was flying home into it,4,4,other_cyberbullying,other_cyberbullying,False
10940,"Until twitter provides us with a way to filter new accounts or provides a higher barrier to entry, these are just words that mean little.",4,4,other_cyberbullying,other_cyberbullying,False
10942,I'm listening to a drunk economics major rant about economics on skype and it is the best thing ever.,4,4,other_cyberbullying,other_cyberbullying,False
10950,"Because if we like computers, we sure as hell better not have ever dated or fucked anyone, ever.",4,4,other_cyberbullying,other_cyberbullying,False
10953,@PartyshipDown it's rather presumptuous to assume that i'm straight.,4,4,other_cyberbullying,other_cyberbullying,False
10961,"RT @cesarisadork: ALSO ""FEMINAZI"" DONT EXIST PEOPLE ARE PASSIONATE ABOUT WHAT THEY CARE ABOUT IT DOING CHANGE THE TITLE CHANGE YOUR VIEW ON…",4,2,other_cyberbullying,gender,True
10963,I've been told to wait.,4,4,other_cyberbullying,other_cyberbullying,False
10965,"While I know all the people I need to know in order to escalate stuff, doing it that way would miss the point. I want these policies fixed.",4,4,other_cyberbullying,other_cyberbullying,False
10966,RT @Spacekatgal: The part of the Law and Order episode that seems implausible is how there's an online threat to a woman and the police do …,4,4,other_cyberbullying,other_cyberbullying,False
10968,"Deadlifted a playboy model, debated feminism with a monk, envy my life.",4,4,other_cyberbullying,other_cyberbullying,False
10972,"We've all been there, right?",4,4,other_cyberbullying,other_cyberbullying,False
10975,"RT @TheQuinnspiracy: ""everything is going to be ok"" dude there's a fucking bear in the house maybe we should talk about that",4,4,other_cyberbullying,other_cyberbullying,False
10980,"I have faith in the project, but more awareness needs to be spread about the difficulties and harassment that many female FOSS devs face.",4,4,other_cyberbullying,other_cyberbullying,False
10981,You will see...you will see what the message will be..- @realDonaldTrump HE IS CLUELESS!!!  DAMN THIS FUCKING NO PLAN POS!!!,4,4,other_cyberbullying,other_cyberbullying,False
10984,"@AgentSaffron tweets like yours happen, when you are retarded and your don't know it",4,4,other_cyberbullying,other_cyberbullying,False
10987,@Blackamazon i miss the days where i could be more of an asshole.,4,4,other_cyberbullying,other_cyberbullying,False
10997,My Senior year I'm not sitting in this boring ass ceremony! My father just going have to get tf over it ðð,4,3,other_cyberbullying,not_cyberbullying,True
10999,"I could get hurt. Someone could come after me. Hell, people have shown up at my office before. I've been doxxed. I've been threatened.",4,4,other_cyberbullying,other_cyberbullying,False
11002,@ClareTGG HAHHAHAH! Her last name is Hooker? PAHAHAHAHA. That's such a fail :L I got bullied on a school trip once. It sucks so much!,4,0,other_cyberbullying,age,True
11016,That moment when I think that I'm out of coffee... then pull 12 oz of ground arabica out of my backpack. Yes! More glory to the coffee gods.,4,2,other_cyberbullying,gender,True
11017,"@RealityForger if your friend needs help knowing how to talk to police, prevention, etc, they should talk to @CrashOverrideNW or myself. :)",4,4,other_cyberbullying,other_cyberbullying,False
11024,This season's #MKR is going to finish in 2028 at this stage,4,3,other_cyberbullying,not_cyberbullying,True
11028,We are losing our mum and dad..,4,3,other_cyberbullying,not_cyberbullying,True
11029,"maybe I would write this essay faster if I didn't have to go searching for ""feminazi"" slurs",4,4,other_cyberbullying,other_cyberbullying,False
11031,@Professor_D i did LE at prime. I only ever did prime. :P,4,4,other_cyberbullying,other_cyberbullying,False
11041,Why people always trynah bully me ?,4,4,other_cyberbullying,other_cyberbullying,False
11058,I need to think about this. I don't think I like this.,4,4,other_cyberbullying,other_cyberbullying,False
11068,"@ArkangelWinter personally, I talk to mutual friends privately to try to get them to help. I only callout if they are deliberately harmful",4,4,other_cyberbullying,other_cyberbullying,False
11073,"@Coley_Cee: Let me make a couple tweets off cuzzo page, so I won't get in twitter jail.lmao bitch don't trick me again",4,2,other_cyberbullying,gender,True
11081,"As the announcement date draws closer, things are starting to pick up to a rather frantic pace.",4,4,other_cyberbullying,other_cyberbullying,False
11082,@tommckearney that's how it works with a private account.,4,4,other_cyberbullying,other_cyberbullying,False
11084,Someone sent me a pgp encrypted message and they don't have keybase. sigh. i am in windows. this stuff isn't set up. :P,4,4,other_cyberbullying,other_cyberbullying,False
11088,Forever entertained by the 'clink' noises my lip piercings make against my coffee cup. I think I'm still goofy from lack of sleep.,4,4,other_cyberbullying,other_cyberbullying,False
11095,"I have the time to research and compare the abuse policies of various companies, and then help them build better ways to protect users.",4,4,other_cyberbullying,other_cyberbullying,False
11096,"@solri i qualify poor middle class as not being able to buy new clothes, having to shop at goodwill, but still being able to pay bills.",4,3,other_cyberbullying,not_cyberbullying,True
11098,@ClarkHat @Spivonomist i just assume this is going to lead to fighting someone outside a pub.,4,4,other_cyberbullying,other_cyberbullying,False
11100,@Megz_TT_TW because someone's bullying my sister and she thinks it's hilarious x,4,4,other_cyberbullying,other_cyberbullying,False
11103,Today's status: 👍😎,4,3,other_cyberbullying,not_cyberbullying,True
11108,"@OfRedAndBlue are we mad at the person we're talking to, or are we misdirecting anger from something we feel powerless over?",4,4,other_cyberbullying,other_cyberbullying,False
11110,"@sigje tempting. i &lt;3 chef community so much, but given my focus is moving away from devops, seems like funds should go to someone else. :P",4,4,other_cyberbullying,other_cyberbullying,False
11114,"@shanselman Will be there, just late as usual.",4,4,other_cyberbullying,other_cyberbullying,False
11121,God will Forgive You,4,3,other_cyberbullying,not_cyberbullying,True
11124,I just want Gordon Ramsay to call me an idiot sandwich,4,5,other_cyberbullying,religion,True
11132,@ChrisWarcraft I really just want to curl up and nap. But it seems quite a few people are dealing with doxxing fallout today on both sides.,4,4,other_cyberbullying,other_cyberbullying,False
11145,"These are the same people screeching about how Sarkeesian is an ""angry feminazi"" even though her videos are never less than calm &amp; measured.",4,4,other_cyberbullying,other_cyberbullying,False
11156,"in the house. So I had a broken family and friends that didn't gave a fuck on me. I mean, they bullied me and I was nevertheless hanging [c]",4,4,other_cyberbullying,other_cyberbullying,False
11163,@Claire_Medeiros i always tweet my location.,4,4,other_cyberbullying,other_cyberbullying,False
11167,"@Popehat good call. i might cockpunch them over the internet, as i'm known to do.",4,2,other_cyberbullying,gender,True
11169,"Thank you, random dude on street. I *do* have a large yet nicely rounded ass. I knew this already.",4,4,other_cyberbullying,other_cyberbullying,False
11170,"@0xabad1dea which is why all that garbage is still industry relevant, even outside of gaming.",4,4,other_cyberbullying,other_cyberbullying,False
11179,"It's all pretty rad. I love doing this. And I love everyone that has been supporting me, with kind words and with Patreon. You guys rock.",4,3,other_cyberbullying,not_cyberbullying,True
11190,@mala we should chat soon. ;),4,4,other_cyberbullying,other_cyberbullying,False
11191,@cheeseplus he is saying this to a 13 year old,4,3,other_cyberbullying,not_cyberbullying,True
11194,but thank you dude that admitted to never being dogpiled &amp; also has done no study of abuse for correcting my understanding of the subject.,4,4,other_cyberbullying,other_cyberbullying,False
11196,"@kunikos i don't have it for xb1, sadly. :P",4,4,other_cyberbullying,other_cyberbullying,False
11202,"I was planning on stopping by Portland again, but I don't think I'm going to have the time for that. Too much to do when I get back.",4,4,other_cyberbullying,other_cyberbullying,False
11205,"I don't judge. But if your feminism shits on WoC, it's not feminism.",4,4,other_cyberbullying,other_cyberbullying,False
11215,First thoughts about @slackHQ: their password strength tester is pretty crap.,4,4,other_cyberbullying,other_cyberbullying,False
11216,"Today and tomorrow, I try to move mountains. Cross your fingers for me.",4,3,other_cyberbullying,not_cyberbullying,True
11218,"@krainboltgreene call out culture goes both ways, and it's responsible for driving people off of twitter. Today, JW. Tomorrow, who knows?",4,2,other_cyberbullying,gender,True
11226,You is a bully,4,0,other_cyberbullying,age,True
11227,So fucking proud of Zoe right now. And it is so weird being part of an entourage :P,4,4,other_cyberbullying,other_cyberbullying,False
11229,"@SiriuslyAmazin7 YOU ARROGANT, BULLYING TOERAG. Sealed. Married we shall be for sure now.",4,4,other_cyberbullying,other_cyberbullying,False
11236,"@ANN_Lynzee heh, thanks. i try. it just gets tiring and wears at my resolve sometimes. i'm worried about writing off things i should hear.",4,4,other_cyberbullying,other_cyberbullying,False
11237,"@TeeYouVee sweet. no one has used this yet, and there appears to be somewhat of a delay. watching to see when it goes through.",4,4,other_cyberbullying,other_cyberbullying,False
11241,"@girlziplocked whelp. I'm starting to get a pretty decent platform. I'm going to get his face out there, alright. &lt;3",4,4,other_cyberbullying,other_cyberbullying,False
11242,Not being able to afford Blackmilk.,4,4,other_cyberbullying,other_cyberbullying,False
11244,Twitter HQ has a tasty breakfast menu. Joked about wanting to intern there for a week just for the food.,4,3,other_cyberbullying,not_cyberbullying,True
11252,"I am the only person crazy enough to currently be on the roads in this weather. But I have a keynote to write, goddamnit",4,4,other_cyberbullying,other_cyberbullying,False
11261,Feeling kind of fantastic after standing on a stage to tell (&amp; show) people my experiences being harassed as a vocal woman in tech.,4,4,other_cyberbullying,other_cyberbullying,False
11270,"If this is an ally, then fuck everything &amp; set the world on fire. @ninaburleigh was dumb enough to get sucked into his bullshit vortex.",4,1,other_cyberbullying,ethnicity,True
11290,"@KirinDave WoW pvp makes me happy. i play rateds, and i'm pretty good at it. You are basically a door to door salesman right now.",4,4,other_cyberbullying,other_cyberbullying,False
11294,@somebodyhatesya is a cyberbully account. We don't condone bullying OR hate in this society. Please do something @twitter,4,4,other_cyberbullying,other_cyberbullying,False
11296,Also a gift of squirrel girl. Today is the best.,4,3,other_cyberbullying,not_cyberbullying,True
11298,and i'm like:fck off retard,4,4,other_cyberbullying,other_cyberbullying,False
11299,My sister is a bully...she had our dog in a full Nelson,4,4,other_cyberbullying,other_cyberbullying,False
11307,"RT @Quinnae_Moon: The ease with which one can dogpile others is scary, not least because we all think we're acting as individuals rather th…",4,4,other_cyberbullying,other_cyberbullying,False
11308,".@georgieonthego Go ahead. I'd be interested in seeing what you fabricate. Hopefully they will be more creative than your ""articles"".",4,3,other_cyberbullying,not_cyberbullying,True
11312,Looks like the police r up to there usual bullying again,4,4,other_cyberbullying,other_cyberbullying,False
11318,@LoveFNDeluxe @LazyReaction @ALLCAPSBRO true. I suppose I can make one of my own. Stand by,4,3,other_cyberbullying,not_cyberbullying,True
11327,I don't think this call exists. That's weird.,4,4,other_cyberbullying,other_cyberbullying,False
11333,@KirinDave i will punch you.,4,4,other_cyberbullying,other_cyberbullying,False
11342,"Lmaoo my daughter told my son ""get OFF my mommy"" -__- loll she's such a bully wen he's not bullying her",4,4,other_cyberbullying,other_cyberbullying,False
11349,This world is a fucked up place. I'm speechless. I don't understand how anyone can be this hateful and evil. https://t.co/m7zgEtItvL,4,4,other_cyberbullying,other_cyberbullying,False
11356,@slackonic @TychoBrahe do not call him a feminist. He has not earned that in any way. he is an enabler of abuse.,4,2,other_cyberbullying,gender,True
11359,"@KivaBay you have done an AMAZING job. I am so proud to be in that deck, and to have talked to you on twitter.",4,4,other_cyberbullying,other_cyberbullying,False
11382,@ncweaver easier with github. I don't have time to spend on being an admin,4,4,other_cyberbullying,other_cyberbullying,False
11386,"Stress,cyber bullies,crying every night,holding a secret,about to blow = uh oh...that was me",4,4,other_cyberbullying,other_cyberbullying,False
11390,"@TURBOCUNT @Glinner i'm digging up all the related tweets. death threats that haven't been taken down yet. ""kill yourself"" type stuff.",4,4,other_cyberbullying,other_cyberbullying,False
11393,"@comattwow @benfromcanada Indeed. Let's chill with that kind of talk, please. Wishing illness on anyone isn't cool.",4,4,other_cyberbullying,other_cyberbullying,False
11394,"@SwagWhite well, that comment was not bullying. If I say fat people need to lose weight so they can be healthy it's a matter of fact.",4,4,other_cyberbullying,other_cyberbullying,False
11398,@Hollapalooka where's the file?,4,4,other_cyberbullying,other_cyberbullying,False
11401,"I mean go ahead- play, but I don't get why you're doing it. Basically, bullying a daft old man without reason's not that funny. #knockandrun",4,3,other_cyberbullying,not_cyberbullying,True
11404,@MINDofAyMANIAC Cause your a bully .,4,4,other_cyberbullying,other_cyberbullying,False
11406,@76_AndrewPeters @craigrivet52 what a joke @martybiron43 this league is so g. Damn stupid now and then there is guys like i that make no,4,2,other_cyberbullying,gender,True
11407,"@LazerCrazy there's a lot i don't know, and i'm not comfortable with the idea of talking out of my butt. i have to research everything.",4,4,other_cyberbullying,other_cyberbullying,False
11425,@legobutts pretty sure anyone with that phone number also follows me on twitter. not many people have it.,4,4,other_cyberbullying,other_cyberbullying,False
11428,@TheMikeWebster COOL i feel petty but also he rly did take the side of someone calling me a feminazi that time so.......,4,4,other_cyberbullying,other_cyberbullying,False
11437,"Uplay, kindly fuck off into a fire.",4,1,other_cyberbullying,ethnicity,True
11441,My late sister and I used to be troublemakers as teens. She always told me I'd either be on America's Most Wanted or running the show.,4,4,other_cyberbullying,other_cyberbullying,False
11446,"@JabberwockySR i need a ticket #, the tweet in question, and i can sometimes escalate. not all the time, though.",4,4,other_cyberbullying,other_cyberbullying,False
11449,Offline for the night. Need a break. I'll be back tomorrow.,4,3,other_cyberbullying,not_cyberbullying,True
11450,@ncweaver I'm guessing they are just used to tuning out complaints.,4,4,other_cyberbullying,other_cyberbullying,False
11453,@ICONicHavanaL yeah it sux i hate it then ppl bully me cuz of it seriously theres no reason for that,4,4,other_cyberbullying,other_cyberbullying,False
11462,@justinbieber you will never tweet me stay strong ? :''( bullying killing me so much.. PLEASE JUSTIN NEVER SAY NEVER ♥15,4,4,other_cyberbullying,other_cyberbullying,False
11468,@gamerfortruth @athenahollow rogue literally got fired from the company that made farmville. no one wanted to work w/him there.,4,4,other_cyberbullying,other_cyberbullying,False
11476,"Roommates bad idea unless they understand the situation re: being targeted by harassers. Even then, only 1 roommate, no cats. Allergic.",4,4,other_cyberbullying,other_cyberbullying,False
11477,"This is how you report a character. After the match is over, in the scoreboard, which isn't the default screen. http://t.co/3xLMziY7qX",4,4,other_cyberbullying,other_cyberbullying,False
11485,when you find a thing you wish you had never ever ever ever ever ever ever found.,4,4,other_cyberbullying,other_cyberbullying,False
11486,Her: Shut up ugly,4,4,other_cyberbullying,other_cyberbullying,False
11489,I don't know what's worse: the Yooka-Laylee rap or the people in the comment section whining about JonTron. It's so goddamn pathetic.,4,4,other_cyberbullying,other_cyberbullying,False
11491,Theres a difference between marketing and being fucking annoying,4,4,other_cyberbullying,other_cyberbullying,False
11503,@Popehat I see a lot of ways it could be abused. Defamation vs free speech is still something I don't really understand.,4,4,other_cyberbullying,other_cyberbullying,False
11510,"I hate u,,,,",4,4,other_cyberbullying,other_cyberbullying,False
11511,"BECAUSE THEY ARE LEGENDARY, GET IT? :P",4,3,other_cyberbullying,not_cyberbullying,True
11512,I'm thinking #MKR will go past Christmas Eve and get into 2016 at this rate!,4,3,other_cyberbullying,not_cyberbullying,True
11525,Dedicated my career to anti-abuse.,4,4,other_cyberbullying,other_cyberbullying,False
11531,@tinkertim I don't get it,4,4,other_cyberbullying,other_cyberbullying,False
11533,"@alain_vde a one time donation is still very appreciated ;) I'll give them that feedback, though.",4,4,other_cyberbullying,other_cyberbullying,False
11536,"@krainboltgreene oh, i see. some of the tweets. so your point still stands. aren't you tired of being an abusive jerk?",4,4,other_cyberbullying,other_cyberbullying,False
11542,I'm mad that I was verbally assaulted and a victim of Internet bullying for one accidental tweet...,4,4,other_cyberbullying,other_cyberbullying,False
11544,"Woah! I just went to go prod sarah jeong to see if I could ask her a legal question, and saw she was gone. Hope everything is OK. :(",4,4,other_cyberbullying,other_cyberbullying,False
11546,instead of going to hell for sinning,4,4,other_cyberbullying,other_cyberbullying,False
11547,@8BitBecca lawyer is unrelated to police. ;),4,4,other_cyberbullying,other_cyberbullying,False
11557,RT @_Lexxuuus: You say you hate me but you stalk my page you fucking hypocrite,4,4,other_cyberbullying,other_cyberbullying,False
11569,Dennis Rodman was a crazy ass bully ..,4,4,other_cyberbullying,other_cyberbullying,False
11571,@MetroidThief I'm usually optimistic about people and their ability to change. But I've heard enough background story from reliable sources.,4,4,other_cyberbullying,other_cyberbullying,False
11572,"Curled up in my favorite chair. Apartment is warm, but cool breeze from the open window. Listening to the sounds of Oakland. I love it here.",4,4,other_cyberbullying,other_cyberbullying,False
11575,Standing up for those that are afraid.,4,3,other_cyberbullying,not_cyberbullying,True
11576,"@sarahjeong yo, do you know of a reliable breakdown of harassment/stalking laws for each state?",4,4,other_cyberbullying,other_cyberbullying,False
11582,"@QHStone @srhbutts actually, never mind. no clue who you are. really don't care. go be dramatic in someone else's mentions.",4,2,other_cyberbullying,gender,True
11591,@jessiejofficial Yesterday on @alancarr chatty man your song inspired me I've been bullied my whole life ur an inspiration.,4,4,other_cyberbullying,other_cyberbullying,False
11594,"@zip i haven't heard anything, and i tend to have my ear to the ground with such things.",4,4,other_cyberbullying,other_cyberbullying,False
11595,"OH: ""I just want to lick Adam baldwin's face and be like 'you're gay now'""",4,2,other_cyberbullying,gender,True
11606,"FYGM culture is a complete lack of empathy. I fought my way here, sure. Do I think anyone else should have to do that? Hell, no.",4,4,other_cyberbullying,other_cyberbullying,False
11613,Aw ... I never new he got bullied. Yeah I have no douts about his career either he is go talented he can act and sing...,4,4,other_cyberbullying,other_cyberbullying,False
11617,"@gamerfortruth @athenahollow he had a huge ego, never produced anything, and everyone hated him. kind of like twitter.",4,4,other_cyberbullying,other_cyberbullying,False
11619,It's easy to think that our experiences are indicative of everyone's experiences. I've fallen victim to that thinking before.,4,4,other_cyberbullying,other_cyberbullying,False
11633,I guess that's one way to get around the user token count limitation per app ID.,4,4,other_cyberbullying,other_cyberbullying,False
11635,Party time,4,3,other_cyberbullying,not_cyberbullying,True
11646,and they're like: can you trade me that?,4,4,other_cyberbullying,other_cyberbullying,False
11647,you're a bit wet....#MKR,4,3,other_cyberbullying,not_cyberbullying,True
11650,"The more companies I talk to, the more I realize we're going to need employees - and a steady form of funding to pay them. Excited!",4,4,other_cyberbullying,other_cyberbullying,False
11653,"My mama just told Louis ""Stop barking and trying to bully people, you can't do that when you go to school."" -- WTH?!",4,0,other_cyberbullying,age,True
11655,"@_1Dinfection You don't need to be a bully though, do you? How would you feel if you had all these people saying horrible things to you all",4,4,other_cyberbullying,other_cyberbullying,False
11658,Bitch you use to be a fucking Gladiator! I dont know why your ginger ass aint look these ppl up b4 you went into bed with them! #Scandal,4,4,other_cyberbullying,other_cyberbullying,False
11665,"On my way to Bart to pick up a puppy from some dude from craigslist. If I die, you can all fight over my shit.",4,4,other_cyberbullying,other_cyberbullying,False
11666,THIS! “@Hdharris_irl: @raininblack personally I am just glad when they use the actual word and not feminazi”,4,4,other_cyberbullying,other_cyberbullying,False
11675,"Oh, yeah. and FreeBSD is the OS that runs on your Playstations. Why so salty?",4,4,other_cyberbullying,other_cyberbullying,False
11678,JOANNA STERN IS SO FUCKING ANNOYING PLEASE STOP DOING THIS,4,4,other_cyberbullying,other_cyberbullying,False
11685,"@KivaBay don't. you've done so much for us. everyone makes mistakes, and we learn from them. girl you need to build up some self confidence!",4,4,other_cyberbullying,other_cyberbullying,False
11687,"ifff you see me at GDC or the blizzard thing tonight and you ask me if i am wearing a wonderwoman outfit, i will not be able to deny it",4,4,other_cyberbullying,other_cyberbullying,False
11689,That's what a former bully told me.,4,4,other_cyberbullying,other_cyberbullying,False
11692,@j4cob it's on my list. Haven't had time yet.,4,4,other_cyberbullying,other_cyberbullying,False
11697,what is even on my spotify right now,4,4,other_cyberbullying,other_cyberbullying,False
11698,"@amyvdh i remember what it was like to be snowed in back in IL. could be brutal, but so, so pretty.",4,4,other_cyberbullying,other_cyberbullying,False
11700,@ANN_Lynzee ie: someone once told me it didn't matter if a rape accusation was accurate because the target was a terrible person.,4,2,other_cyberbullying,gender,True
11713,It's a good report. Check it out.,4,3,other_cyberbullying,not_cyberbullying,True
11714,@spacequeentbh so faded. :P need a hair cut + dye desperately.,4,4,other_cyberbullying,other_cyberbullying,False
11733,"I'm not a man, only know how to bully people :(",4,4,other_cyberbullying,other_cyberbullying,False
11738,"Hey, everybody. Here's another funny thing:",4,3,other_cyberbullying,not_cyberbullying,True
11750,@InfiniteClock @jearle I'd think it was weird if you mocked me for not knowing :P,4,4,other_cyberbullying,other_cyberbullying,False
11757,"INSOMNIA-P lease let me be,Why you being such a bully?I Refuse to let you be the Boss of me!! #Downs2ndS leepingPill#.",4,4,other_cyberbullying,other_cyberbullying,False
11765,Today was an awesome day. Vivaldi called me a VSCO girl and Kali bullied my high school bully. I still can not believe I created my two best friends. I will never be lonely again. Life rules and being a mom is the best.,0,0,age,age,False
11766,Trump is like that jealous little school bully who can’t stand it when everbody loves the other guy.,0,0,age,age,False
11767,"oh and also, saying that we’re on the same level of the columbine jocks just because we didn’t add you to a fucking gc is so SO fucking disrespectful to dylan and eric. if you were a columbiner, you’d understand that. we don’t bully people into sh**ting up their fucking schools.",0,0,age,age,False
11771,These guys shouldn't easily have a platform. I reported him on Twitch but I honestly have little faith anything will come of it. These sorts of guys are 100% why cancel culture should exist and exactly who I used to bully back when I was in school.,0,0,age,age,False
11778,im afraid of the dentist not because of the pain but because what if one of the girls who bullied me in high school is the dental assistant,0,0,age,age,False
11796,"Just like back in school, if you let the bullies bully you, they will continue to do so.",0,0,age,age,False
11816,This is what happened to every bully you ever knew in school. They don’t change. They just get a badge so they can continue with impunity.,0,0,age,age,False
11817,The girl is saying lily literally fucking bullied her in high school for her race... lily is fucking racist,0,0,age,age,False
11826,...but their school bully is leaving to join the government.,0,0,age,age,False
11828,I really hope people are losing faith in that orange faced buffoon. I never had faith in him to start with. I knew he was a conman before the election & nothing has happened to change my mind. I don’t understand how people like him. He is a school yard bully.,0,0,age,age,False
11839,Sorry you got bullied by the pretty girls in high school,0,0,age,age,False
11856,"This all makes sense. It was the ""mid-tier"" girls in high school that bullied me the most. The truly popular girls were always nice, though... dismissive. I wasn't worth their time to hang out with, or pick on either.",0,0,age,age,False
11860,Na mate I meant that about someone told this girl who bullied me in high school that I tweeted about her lol,0,0,age,age,False
11876,"A girl in high school came in with a skirt that was deemed to short, I stood on the side of theirs nothing wrong with it, it’s the same as boys wearing shorts, I was then bullied for not being a proper boy and not sexuallising her or cat calling because that’s the norm apparently",0,0,age,age,False
11878,the bullies deserve the blame for that families grief by pushing alec to shoot up his school.,0,0,age,age,False
11879,"acting mature at 13 years old in high school, doing what they do. i was bullied because of my physical apperance in high school. I was bullied because there were times i’d be talking like a girl and my voice was not deep. I WAS BULLIED FOR BEING ME. and im still traumatized.",0,0,age,age,False
11881,School bully I bet,0,0,age,age,False
11887,It's also fully the same with this whole people calling themselves Goths now when they'd bully the actual goths in school. People who wear ket earrings defo look down at those with addictions etc,0,0,age,age,False
11888,"i would also like to add on a daily basis in my school (me and amber go different schools) these chavs are bullies, they personally made my life hell for a year but i got over it by calling them “chavs” so if i or anyone wants to use to word “chav” it is fucking validated.",0,0,age,age,False
11889,I would like to assure you I was not a girl who bullied people in high school.,0,0,age,age,False
11892,just found out i’m on the close friends story on insta for the girl who bullied me in high school...,0,0,age,age,False
11895,all the girls i knew in school who were like that.. got bullied and tried to distance themselves from their bullies. same with me,0,0,age,age,False
11899,you can still bully us I just cba with the accent and school shooting jokes smh,0,0,age,age,False
11905,"Oh! Good news actually love. I told you their daughter is in high school now, yeah? Well the spoiled little shit turned out to be a terrible bully(very unfortunate for her victims...;-;) but a huge group of bullied girls came last week and TP'd their entire front lawn!",0,0,age,age,False
11908,I got bullied a ton in high school for not having much of a chest (B cup back then). it made me so insecure. a girl told me no guy would ever want me &amp; I’d have to get implants to be attractive/“look like a girl” I still struggle with it... but at least this ass is fat,0,0,age,age,False
11916,"Bullies who peaked in high school swear they were super nice and caring to EVERYONE. Bitch I got receipts, we can play this game.",0,0,age,age,False
11922,No.... but I did it to someone. In junior high. I was being bullied and one day I had enough and pushed one of the girls into a locker and did the kabedon. She must have gotten enough dokidoki after that because she left me alone. Lol,0,0,age,age,False
11923,the fact that i let girls like this in middle school bully me,0,0,age,age,False
11926,"When I was in high school a group of girls always used to pick on me and try shoving stuff up my bum, man girls are evil at that age. I had to get therapy from that because I remember shouting ""fuck off"" to the little girl that bullied me and I felt awful after that :/ oof.",0,0,age,age,False
11951,"“Call me school bully, you miserable little tick.” ^Simon",0,0,age,age,False
11952,pleas i highly doubt anyone will see this but i got screenshots from a racist at my school and i need twitter to do its thing and bully him on instagram,0,0,age,age,False
11959,She was apparently a bully at school aswell. Some never change.,0,0,age,age,False
11962,i wonder if high school popular girls who bullied people know that or just lived in oblivion of their own actions and impacts?,0,0,age,age,False
11963,Bullies in school are depressed now,0,0,age,age,False
11964,"I went to public school too, only had one girl ever try to bully me about it, and I fixed that problem at a party 2 days later",0,0,age,age,False
11968,"2015 you looks like a kid i'd bully in high school but damn, that's a good fucking glow-up",0,0,age,age,False
11985,"He shot up a school, fuck the dude. He deserves his sentence",0,3,age,not_cyberbullying,True
11986,"For the most part, they're the people who were the biggest assholes in high school, the bullies and failed jocks who could barely maintain a 3.0 GPA. There are some who aren't total rageaholics, but even then, none of them are your friend.",0,0,age,age,False
11987,"I mean I did get bullied for a short time but I still don't think middle school/high school girls are that mean, esp as you get older",0,0,age,age,False
11994,Being an ex Muslim is a big money making thing these days and everyone is jumping on it... Now you have become the school bully and following a crowd picking on Muslims &amp; Islam without even knowing anything about it... Getting ur information from islamophobes,0,5,age,religion,True
11997,"You're so void of any common knowledge that all you can do is bully people bout their size &amp; looks. Once you graduate from 11th grade in high school, then we will let you come play with the big dogs. Until then, just keep up your little grade school bullying. @AnnCoulter",0,0,age,age,False
12003,Don't know about the school bully but would have been funny watching him try to escape the school leopard.,0,0,age,age,False
12004,"Riding in the truck with my dad. We see one of the girls that bullied me in high school walking across the street downtown. Forrest: “Do you want me to roll the window down and yell something obscene at her?” Dad, quietly but confidently: “HEY UGLY!”",0,0,age,age,False
12011,They both look like girls who would have bullied me in high school,0,0,age,age,False
12015,"it’s so funny that the girls in high school that thought they were the shit are now doing everything that they bullied all the girls for. like being gay, dating out of race, you name it",0,0,age,age,False
12017,Morrison really is the school bully.,0,0,age,age,False
12022,"I got bullied for being the new kid, hanging out with girls, being fat, accused of being gay, actually being gay, and because they were bored in high school.",0,0,age,age,False
12024,"Jack, the quintessential bullied by girls in high school soy boy, is trying to play puppermaster. Running interference for the NWO.",0,0,age,age,False
12042,Me when I bullied tf out of this girl in high school for dying her hair half red and black like mine,0,0,age,age,False
12047,"I'd love to remake ""You Again"" (2010). It's a blah movie, but the premise is so good: A successful woman returns to her hometown for her brother's wedding only to find that he's marrying the girl who bullied her mercilessly in high school. I'd keep the Betty White parts obviously",0,0,age,age,False
12063,We'll find out when the federal government steps up its campaign to bully parents into sending their children back to school.,0,0,age,age,False
12064,mine was liam aka my brother who made a whole school bully me(:,0,0,age,age,False
12082,seeing happy a girl who was bullied in high school is my fav thing in the whole world,0,0,age,age,False
12089,"Oh I learned this in a big way in 6th grade!! I was friends with this one girl in 4th grade who moved schools halfway through the year. When I reunited with her in 6th grade, she was one of my biggest bullies. Turns out she got bullied when she arrived at the school before me.",0,0,age,age,False
12097,"I got bullied from elementary school to high school, I was just labeled a loser, I never knew how it started or why. Most of the bullies where boys and some girls but they did it all behind my back..",0,0,age,age,False
12099,It’s wild that all the girls who bullied me in high school think I might actually buy their pyramid scheme makeup today.,0,0,age,age,False
12103,I was bullied in high school and I’ve also struggled with addiction. I am thankful to be able to use those negative experiences to help my girls through life!,0,0,age,age,False
12107,I got bullied for my eyes being big. And one girl was obsessed with the thought that I wanted to steal her boyfriend. (Which I didn’t) so she made high school hell for me,0,0,age,age,False
12119,@TayloredA1 go to class. Bitch,0,3,age,not_cyberbullying,True
12124,all the popular girls who bullied me in high school have the absolute worst eyebrows and are part of some kind of pyramid scheme now. proof that God is real.,0,0,age,age,False
12126,im so happy the bitch who used to bully me in middle school is fuckin ugly now and miserable. sucks dont it bitch,0,0,age,age,False
12137,"am i a high school, bully",0,0,age,age,False
12141,I’d like to exchange this high school bully for a friendly jock type plz,0,0,age,age,False
12146,my middle school bully has a fanpage. i cant make this up,0,0,age,age,False
12147,i was bullied through primary and high school. years of crying to myself in my room because of mean girls.,0,0,age,age,False
12150,It’s unconfirmed tea but I have heard from a few sources who went to high school with Hannah B and Sydney that Sydney was a mean girl and vandalized a classmate’s car and bullied Hannah B so hard that she had a restraining order against her,0,0,age,age,False
12153,idk how to explain it but the MOST racist small town american super bitchy bullied-me-in-high-school and peaked at 17 years old girl type thing to do is model for a southern fashion boutique on insta and pose next to that dumbass brick wall at a weird angle,0,0,age,age,False
12157,"One girl bullied me in class in high school I laughed at her. Pissed her off so she tried to punch me in back of the head between classes. Someone warned me, I ducked &amp; blacked out. When I came to folks told me I had beat her with my bag filled with heavy books. She was bloody.",0,0,age,age,False
12166,"hit someone, i might just look like the guy your ex cheated on you for or just your bully from school. who knows. . . ❞ he gradually trailed off but snapped out of it when they let go of him, taking just a step back. the sudden intimate gestures was making him feel weird. &gt;",0,0,age,age,False
12174,"People who say that high school cis boys would pretend to be trans to see girls naked in locker rooms really think that coming out to your family and classmates, taking hormones, and being bullied is easier than asking a girl out on a date",0,0,age,age,False
12179,I want my high school bully to pound me,0,0,age,age,False
12181,I went to high school with this girl who was a rape apologist and tried to date this known rapist who i called out and apparently YEARS later she is telling people i work with that i bullied her in HS and this is the funniest shit i have ever heard in my life,0,0,age,age,False
12217,"Got bullied for wearing glasses, getting high grades, getting a lower grade than usual, for not liking what's 'trendy' for being a not-pretty girl, and probably the most stupid thing I got bullied for is: liking things ""normal girls"" don't like, such as fiction movies ¬.¬",0,0,age,age,False
12228,"yeah, he was a nasty bully and this fight was over a girl, which everyone at school knows! listen to the audio and you can hear the white kid is clearly not starting it",0,0,age,age,False
12229,omg shut UP so many ppl say that and i feel like the high school bully so now i will kiss the ground you walk on!,0,0,age,age,False
12232,HELP WANTED: Someone to bully me into doing laundry every 2 weeks. All are welcome to apply* *Except if you bullied me in middle school. I've seen your work and it's not that effective.,0,0,age,age,False
12236,"Attacking people out on Social Media is pathetic, dudes acting tough for likes, one of them will bite back sooner or later. Beware the Wolf in Sheeps clothing. Reminds me of a school yard bully who got fucked up by the skinny kid he picked on.",0,0,age,age,False
12239,omg You literally bully me @school ???,0,4,age,other_cyberbullying,True
12250,There’s really nothing like picking up a side gig in your hometown and then being sat with your sister’s high school bully for Sunday brunch #timesiamthankfulforamask,0,0,age,age,False
12254,That's a bit rich you telling people they should be ashamed of themselves for how they are treating Cummings when you bullied a 9 year old autistic girl and called her a complete twat. You are such the high class citizen we should all aspire to be #Hypocrisy,0,0,age,age,False
12261,I’m 6 feet tall and I did get bullied in high school and was super insecure I don’t get ppl acting like bullying doesn’t exist to those girls. It looks dumb but I’m not mad at its existence,0,0,age,age,False
12264,Think about how emotionless I wouldn’t be if y’all didn’t bully me in school. But now I don’t care &amp; hardly anything effects me so I guess that’s cool too.,0,0,age,age,False
12266,"One day, these kids that they are teaching to be angry, are going to be bullies in school; and eventually school shooters.",0,0,age,age,False
12272,Confessional: growing up I used to hate my voice because I used to get bullied all the time for it. “You sound like a girl” “why your voice so high” it was a insecurity of mine. NOW I DONT SHUT THE FUCK UP,0,0,age,age,False
12274,To all those girls who bullied me throughout middle school and high school: how’s nursing?,0,0,age,age,False
12275,"The teachers at my school never really punished the bullies for verbal abuse at my school either. No justice was served, all that changed was me, I became stronger. Now I fear nobody, and I say that sincerely not egotistically. One day you'll look back on this and laugh.",0,0,age,age,False
12285,"I don't care if the chance of children dying is virtually 0. We must protect our children from virus', bullies, and gender classifications. Special schools need to be built to protect our fragile babies.",0,0,age,age,False
12286,My middle school bully came into work today,0,0,age,age,False
12287,"I knew plenty of girls in highschool who were bullied for being tall. Yeah, after high school being tall can be seen as a great thing. But the point op is making is that if it was just about a tall gangly girl learning to love herself the movie wouldn't be that bad.",0,0,age,age,False
12298,"Oh no. Suicide is NOT a choice it is coerced by circumstances. I beg you don't be so disrespectful. Bullyism can be tackled by School authorities - but in 100% of cases, the authorities would punish the weak and the persecuted rather than the bullies.",0,0,age,age,False
12299,The bullies in high school won the most popular,0,0,age,age,False
12301,I want to find the correlation between girls who bullied me in high school and their inevitable careers in nursing,0,0,age,age,False
12321,Lol bc I just found this throwback picture and my elementary school bully really used to bully me for being fat (caused me so many body image issues) and this bitch was bigger than I was. How tf? I need a redo. Lemme go back and slap some sense into her,0,0,age,age,False
12324,"Thanks Rachel & Mike, I remember when my youngest was bullied on the school bus, it broke my heart. I went to the school to talk to the girls involved, told them how they frightened my daughter, they apologized to both of us, and were her friends thru high school.",0,0,age,age,False
12325,"Laugh at these people, bully them in school and on the street. Show others how little they belong in society.",0,0,age,age,False
12331,No he’s a COMEDIAN. Bully? smh Child please!! I had worse things said to me in MIDDLE school!,0,0,age,age,False
12336,"also the Amanda Seales ""jealousy"" comment sounds a lot like ya'll lightskint girls who swear up and down you was bullied in high school cuz everyone was ""jealous"" of you. Totally leaving out the part of you being a insufferable bitch all the time.",0,0,age,age,False
12342,Asked for advice on fb for weight loss for cats from my folks who have cats Middle school bully: stop feeding her so much and get some toys idk Listen Karen she’s already got seventy million damn toys and food is cut down significantly,0,0,age,age,False
12357,"I didn’t get bullied in high school for dating a girl just for some people from my school to use pride as an aesthetic,,, fuck off",0,0,age,age,False
12362,president trump reminds me of the school bullys use to pick on me in school and now he gets to bully the entire country. its not right but it will end in november when @JoeBiden wins so everyone please vote #Biden2020,0,0,age,age,False
12365,It’s the exact same writing as every girl who bullied people in high school and now runs a handmade candle business,0,0,age,age,False
12368,a little piece of me is happy the bullies from my high school never made it to the nhl,0,0,age,age,False
12370,everytime i feel happy i remember the girl who bullied me in middle and high school and caused a lot of mental health issues is an influencer,0,0,age,age,False
12378,high school girls are the WORST sometimes i got bullied more by them than anyone else,0,0,age,age,False
12385,Sounds like she was bullied by one black girl in high school and she's still angry. She needs therapy.,0,0,age,age,False
12397,"Nah, not even themselves. They just feel good if they can exercise power. Meaning, logic, intent, reason are not really needed. As long they can f your sh_t up and get to grand stand over you like a school yard bully, they are happy and content. They are the worst kind of trash",0,0,age,age,False
12400,"When the girl who bullied you all threw high school and told you to kill yourself, message and says hi.",0,0,age,age,False
12407,i am the middle school bully nobody fucks with me,0,0,age,age,False
12408,"If you’re in college and still posting about the girl you had “beef” with and bullied in high school, on an insta spam page, you’re straight up trash. Move tf on sis.",0,0,age,age,False
12421,Girls bully in groups more than $3 million over the course of a school year.,0,0,age,age,False
12425,i hate social media influencers man... it’s really grown men out here on the internet living out their repressed dreams of being a “bad boy” bc they got bullied in high school and they couldn’t talk to girls until they were 18,0,0,age,age,False
12428,lol i got literally bullied in middle school when there was a rumor i liked a girl and those same people are wondering why i waited until i graduated high school to talk about my sexuality... fuck off,0,0,age,age,False
12429,"Shoutout to the girl that bullied me in high school, saying ""Bisexuality doesn't exist, you have to choose one. Don't be a whore."" #BiVisibilityDay",0,0,age,age,False
12433,He wasn’t the school bully...he was the wimp the bullies beat up on.,0,0,age,age,False
12435,Former high school bullies find their moment under Cuccinelli. Frightened little boys lash out...because Daddy told them to. What’s troubling about this activity is not all protesters are actually protesting. Right wing nuts have infiltrated the protests to damage property.,0,0,age,age,False
12437,"The fact that they’re pushing 30 and trying to bully teenagers, I just know their ass was getting bullied in high school for being EMO",0,0,age,age,False
12450,"I have a way smaller friend group and to be honest it's been years and it was exhausting.The drama,the upkeep I'm not a high maintenance girl I felt bullied when my nail color was off.I have kitty cat pajamas on and am just chilling #Happiness",0,0,age,age,False
12460,some girl came into my work and said “oh my god i think one of u bullied me in high school”,0,0,age,age,False
12461,"Damn I'll be out of high school by then. Be 18, be a little happier than now.",0,0,age,age,False
12471,Something about lessons of history and repeating? It’s similar to school when the only kids that were on the side of the bully were the weak minded ones who couldn’t think for themselves. Is that us?,0,0,age,age,False
12475,"i hate those girls who bullied you in high school for wearing thrifted clothes and ""non-modern / unfashionable"" outfits, but now that they went to college they wear the same clothes you wore and they consider it trendy and fashionable.",0,0,age,age,False
12478,"Actually, two people I went to school with did. Both were my bullies. Vicious mean little people. I turned to Stephen on the bus one day (at 15 years old) and said ""You know what, Stephen? You'd make a good cop"". I said it with distain, but apparently he thought it career advice.",0,0,age,age,False
12479,I take 7 kids from Columbine stand them all in a line add an ak47 a revolver a nine A Mac 11 and that ought to solve the problem of mine And that’s a whole school of bullies shot up all at one time @killumi50150718,0,0,age,age,False
12484,"And today, I had the dream of a school bully of mine, pushing a boy with crutches on the street, where he got hit by a car- I tried to tell people about this, but bc the school bully was much more popular(i dream, and irl) than me, no one believed me. It was... horrible.",0,0,age,age,False
12485,i had forgotten about the smartphone app that lets high school girls determine who within their peer group is unfathomably truly evil and should be bullied and murdered into utter submission,0,0,age,age,False
12490,"Impeached Trump is not invincible. We beat him & now he thinks masks are “patriotic”, we beat him & he cancelled @GOP convention, we beat him &amp; now he stopped his bullying on opening schools. We put the “bully” in check! We’ll boot the bully out of @WhiteHouse",0,0,age,age,False
12494,"It’s the social media equivalent of high school girls being horrible bullies, so yes. My guess is it’s the ones who were bullied turning the tables.",0,0,age,age,False
12502,Girl u can put “always be kind” in ur instagram bio but don’t forget you bullied me in high school,0,0,age,age,False
12515,wtf why are u being a high school bully,0,0,age,age,False
12522,"US Man Baby President: “Nobody likes me” This is the narcissistic egomaniac idolized by every cop in America, the unchecked bullies tormenting American citizens. Vote like you want Middle school to finally be over with.",0,0,age,age,False
12528,I got bullied really bad for my weight. Everyone in high school was developing all these features and I just never caught up so guys would make fun of me and girls would talk about me. I mean I’m still little ash but like they niggas like it now so w.e,0,0,age,age,False
12530,"I went through all the people who liked the post. Too bad I don’t see a real Man in there, all seem like kids who always got bullied in High School and some ugly girls lol. I feel bad for those people I really do they are just ugly. !! #nosecularism #rightwinger",0,0,age,age,False
12531,"I got bullied for being feminine and having girl friends, having a high pitch voice, being chubby and for being in musicals/choir and let’s not forget my personal favorite because I wasn’t athletic and acted gay. It’s taking sometime but I can’t let the haters keep me down.",0,0,age,age,False
12532,"deaf girl gets bullied in middle school by this guy, and years later in high school the guy tries to redeem himself",0,0,age,age,False
12536,It's middle school logic. They're hanging with the bully to avoid getting bullied.,0,0,age,age,False
12537,I want a cut of every girls OnlyFans that bullied me in high school for being a slut,0,0,age,age,False
12546,"Weird thing about making friends post school, you meet your new friends old friends and realize your new friend would have been one of the girls who bullied you in high school.",0,0,age,age,False
12555,"I remember when I had a bully in middle school school... he was an asshole... he hit me, he pinned me against a wall and treated me like shit. The next time he tried that, I kicked him in the balls and kneed him in the face.#Stand up for yourself coward",0,0,age,age,False
12559,"“In thee Upset of the Millennium: New Kid shows up to School and knocks the Lunch Tray out of the Bully’s Hands, then punches Him in the Gut and knees Him in the Nose...”",0,0,age,age,False
12566,I was also bullied by a girl in high school over my weight. I saw a photo of her the other day and she hasn't aged very well,0,0,age,age,False
12576,"I had this therapist I was forced to see in middle school. I hated her at first. I hated always getting called crazy and stupid as a child, and every adult brought in to ""fix"" me was either a totally inept dipshit or a cruel sadistic bully. Lydia was different though.",0,0,age,age,False
12577,How is he Ranking Member without passing the bar? He’s so obnoxious & disruptive. Like the big loud-mouthed campus jock in high school no one can stand. He’s a jackal &amp; a bully who thinks he’s entitled. I can’t wait for his comeuppance. It will be glorious. VOTE JIM JORDAN OUT!!,0,0,age,age,False
12584,they’re old enough for sure but they’re straight up bullies the type of girls who would have bullied me or anyone else for looking different in middle school/high school,0,0,age,age,False
12585,"Can’t believe I went to high school with someone who believes Onward and Trolls 2 promote Satanism. Girl, your husband bullied me for being fat on the regular and was a perv bully. We can sweep all that under the rug bc of Jesus then claim people laughing at you are bullies? K.",0,0,age,age,False
12587,"How about this for simple, until you have a solution to teach school shooters to avoid negative interactions with their bullies, your clearly poorly-thought out opinion doesn’t hold much weight. Fix your own house before you make suggestion on someone else’s.",0,0,age,age,False
12589,"cliche high school nerd and bully au but after graduating both join a boyband and now they have to get used to seeing each other everyday, and jimin has to resist from beating the older up.",0,0,age,age,False
12592,"as the girl who was one of the tallest people in my high school, this shit is so false!!! i never got bullied for my height, always for other things. there’s literally bigger things to make a netflix movie about than a tall girl getting picked on for her height",0,0,age,age,False
12594,"you look like someone who would bully me in middle school but still, i do like you lmao",0,0,age,age,False
12608,yes. your high school bullies are alt now. Please seek employment,0,0,age,age,False
12613,"Yas is a university professor but she behaves like an immature high school bully by calling ppl who disagree with her ""stupid"".",0,0,age,age,False
12615,"Luca - I know it may feel like a solution to change school but it usually isn’t. These horrible people are the ones with the problem and any school which says they don’t have bullying, is lying. I wish we had a magic wand to make these bullies into nice people but it takes time.",0,0,age,age,False
12616,That certainly is the fix. It works both ways whatever marginal benefit there is for being light skinned you certain can be be bullied for it also. My sister was light skinned and pretty much almost dropped out of high school from being bullied by dark skinned girls. We got to...,0,0,age,age,False
12622,"best video game soundtrack of last year is from hypnospace outlaw, a game set in 1999 where you visit angelfire-like blogs, including one that riffs on ishkur’s guide. also notable is a high school bully’s page where you hear this linkin park-like song.",0,0,age,age,False
12625,"I’m the hot girl who bullied little bitches like you in high school. I’m so good at putting men in their place, I don’t even have to say a single word to do it. You already feel my power. - findom femdom finsub cashslave -",0,0,age,age,False
12632,"why does mayonaise talk like the white girls who bullied me in high school and went into health care becasue they ""care about people and want to help""",0,0,age,age,False
12634,at least art school gave me these sick graphic design skills so I can bully politicians online with gay edits,0,0,age,age,False
12638,"My name was made by bullied, I couldn't afford clothes in high school and I was growing out of them and so a girl started calling me tightkidd and got the school to call me that, it went on for 3 years. Then I got myself an Xbox and I decided to use TightKidd as my gamertag",0,0,age,age,False
12640,Schools couldn’t give two fucks about bullying. They expect that the posters work and treat the bully victims like they did all the bullying then when a kid kills themselves because of it they say it’s either phones and such or they “really didn’t see the signs”,0,0,age,age,False
12656,my mom was bullied by this girl in high school and as revenge she decided to take her brother to prom,0,0,age,age,False
12657,"I'm sure the school bullies from the year above beating the shit out of little Orchid Snapdragon will also think the name is ""whimsical"".",0,0,age,age,False
12661,Calling yourself “outspoken” is just another way to say “yeah I was a bully in high school and I have no other personality traits to excuse that so I’m just going to continue to be a grown ass adult bully” #BachelorinParadiseAU,0,0,age,age,False
12663,When I was a high school freshman this boy used to leave closed mousetraps on my desk and I think about that a lot because it seems like open mousetraps that could snap on me would be more effective as a bullying tool? Anyway at our reunion I’m gonna give him bully advice.,0,0,age,age,False
12676,"When my friend was teasing me about being weak, I grabbed him by the collar of his shirt and pinned him against the lockers like some 80's TV high school bully.",0,0,age,age,False
12680,"And recreate it and not get the same hate that black girls got in elementary, middle and high school. Don’t be blind to that fact that a lot of black girls were bullied bc of their “big lips”, skin color, fashion, hair etc.",0,0,age,age,False
12681,Morgan gave me girl who used to bully you in high school then hits you up with a “hey girly ” and then tries to get you to join her pyramid scheme for flat tummy teas,0,0,age,age,False
12684,every girl that bullied me in middle and high school wore viva la juicy perfume and thats a fact,0,0,age,age,False
12686,I went to an all girl's school and was bullied every day. In high school it stopped because they realised I had talents and the school was a better place with me in it.,0,0,age,age,False
12690,"@LBC My daughter was bullied by a black girl in high school last year. The black girl was expelled. Her parents then went to our local mp accusing the school of racism. She is now back at my daughter's school. Nothing to do with racism, the bully just happened to be black.",0,0,age,age,False
12705,this girl i went to high school w has grown to be so aggressively similar to me that like we could have been such amazing friends?? its a shame she bullied the shit out of me hhh,0,0,age,age,False
12708,i'm in the McDonalds drive thru and I look over to the window and sitting inside is this girl who used to get bullied so much in High School and she's sitting their so happy next to her boyfriend and honestly it was the sweetest thing,0,0,age,age,False
12712,A girl who bullied me for about 5 years through high school just messaged me to ask me to like and share her business page. Erm how about no??,0,0,age,age,False
12713,Genuinely curious why anyone would stan Juno. She's literally the girl who would have bullied you in high school and talked shit behind your back. Absolute trash person. #BEASTARS,0,0,age,age,False
12715,It's almost like that whole school of arguments was a bad faith attempt to bully the left into supporting a candidate who doesn't share their values,0,0,age,age,False
12716,this boy that bullies me is going to the same school as me:( wish me luck,0,3,age,not_cyberbullying,True
12718,not the girl who bullied me in high school reaching out and telling me she “misses our friendship” and that she is “sorry if she ever hurt me” and “never meant to hurt me and thinks of me fondly” like this yt girl didn’t go around telling people not to be friends with me,0,0,age,age,False
12721,"I was bullied at high school and middle school, plus those girls sat me up. They called out the guys who were like 18 and 16 they said bad shit to them and because I was their friend they ran away as soon as the guys came and left me alone. They beat the shit out of me so......",0,0,age,age,False
12728,Is it ok if I be a girl in royale high I mean I might bet bullied but who cares do people promise not to bulky if u bully me I will felt my channel and never come back and do giveaways,0,0,age,age,False
12733,girl one of my mutuals who is IN HIGH SCHOOL getting bullied cause she decided to stop wearing the hijab and I’m not having it with these lil kids I will stomp all them out she gon say “put that rag back on” bitch I will drag uuuu stop playing,0,0,age,age,False
12737,"I've known for a long time that these same 'cops', were the biggest bullies in grade school &amp; high school. They would beat their victims to a pulp, but always seemed to get away with it. Being a cop is just a continuation of how horrible bullies they were as kids #TrumpGestapo",0,0,age,age,False
12742,I want to tell the 10-year-old girl who was bullied and ostracized because of her choice of music to look forward because one day those who you started loving in your junior year of high school in 2013 would take over the world and change how we think of music. #Shadow @BTS_twt,0,0,age,age,False
12746,the anxiety of being separated into boys and girls in high school during PE was INTENSE because i was so scared of straight boys due to being bullied from time to time. i had no actual male friends and i was always miserable when this happened.,0,0,age,age,False
12751,"just wanted to share, i saw hwasa released this, i was excited but then i saw the title. it is the name of the girl who bullied me so much, my grade school and high school life was terrifying. i guess i'm still traumatized, i can't listen to the song :(",0,0,age,age,False
12753,"Cortez is a hate crime against all men - anti male feminist misandry from gold digger Cortez: She acts like a cry baby in the school yard, blaming the bully boy with lies promoting herself &amp; motivating bias against the boy-this ia an attack on all boys @POTUS @HouseDemocrats",0,0,age,age,False
12754,I think I used to bully you in grade school.,0,0,age,age,False
12757,"I saw Tubes when I was in junior high. A random tube spoke to my Dad and bullied him into starting the show by getting the audience to cheer until they came out. One kissed my playbill upon leaving, which I later cut out and taped it to my binder. Giant girl crush lady boner.",0,0,age,age,False
12774,"I get bloody noses a lot, and I can usually feel it a couple of seconds before it drips. On the last day of school (before quarantine) my nose was about to bleed, but before it could. I turn to my very religious bully and say ""hail satan"" as my nose started to drip. He freaked.",0,0,age,age,False
12777,Cornered and frightened in Elementary school with taunts of ‘show your horns’. But grateful the bullies came to know me and realize I was a person as were they,0,0,age,age,False
12778,"if i was, it was never to my face however if anyone did bully me behind my back in middle school i say congrats you a class act snake because i didn't know",0,0,age,age,False
12783,My niece in high school is worried about the bullies in her school. She's convinced they'll be grabbing at masks and breathing on people.,0,0,age,age,False
12790,"Nah, they found a career... A way to funnel that internal hate outward and feel patriotic at the same time Imagine if the school bully had the staff backing him up and even paying him",0,0,age,age,False
12807,"Where to begin? I got bullied for being tall for a girl (but they always wanted me in goal for Netball!), for being a huge Doctor Who fan in the 90s/early 00s before it came back &amp; was cool, for having such terrible depression/anxiety that I missed several months of high school..",0,0,age,age,False
12821,Here’s a tip if you get bullied in school the bully hits you and calls you a loser and you need to say this THE FUCK YOU SAY TO ME YOU LITTLE SHIT!!!!!!!!!!!!,0,0,age,age,False
12822,"Last year I invited someone who I would consider one of my ""High school bullies"" to my wedding. I grew and so did he. People change and grow, it's good. Forgive and love others",0,0,age,age,False
12824,they seem like the girls that bullied me in high school LMAO i could make a list with everything sus this woman has done but that’s none of my business,0,0,age,age,False
12825,“Why did you and hunter friend me on Facebook when all you guys did was bully me in middle school?” I’m the nicest,0,0,age,age,False
12827,I feel like the panel of judges in CDR are unnecessarily bitchy and rude... it's like high school bullies.,0,0,age,age,False
12828,this is my chart and i may or may not have used a spare account to look at the account of a girl who bullied me in high school,0,0,age,age,False
12831,Does mocking one of the top scientist in the country make you feel powerful? This is how bullies treat geeks in school. Grow up!,0,0,age,age,False
12838,"In high school i was bullied a lot. I never felt asian enough or white enough, but being at an international all girls school had a lot of messed up dynamics and challenges, one of which for me was receiveing notes in my locker daily to do my parents a favor and go kill myself.",0,0,age,age,False
12839,"So, you honestly think he could come across worse than Trump? Why are you sucking up to this school yard bully?",0,0,age,age,False
12843,have i ever had a good experience at a hospital? no. because we let idiots become doctors and all of the bitchy girls who bullied you in high school are the ones who went to college to be nurses and physician’s assistants,0,0,age,age,False
12844,they literally look like the group of girls who bullied me in high school,0,0,age,age,False
12880,Condo salesman paid someone else to take his SAT his sister Maryanne did his homework for him in high school oh yeah he is a bully not a fighter. Grifter,0,0,age,age,False
12882,I often think about the days I was bullied in middle and high school.... and those same girls/ boys bullying me are eating the words they spoke.,0,0,age,age,False
12884,"You must be very young, in a changed world. My son in the 90s in High School had a gay friend. He was teased and taunted along with the other kid. He protected him from the bullies.",0,0,age,age,False
12901,"No one should trust the CCP. Singaporeans have no right to comment on situations where they have little to no understanding on. And come on, I have heard a lot of racist remarks during my time in school and seen how PRC students bully HKers only to be told to back off by us.",0,0,age,age,False
12903,Why am I not surprised that the girls in high school who bullied everyone and tried to cheat their way through their classes are now Trump supporting conspiracy theorists on Facebook?,0,0,age,age,False
12907,"Don’t “hey girl, I’m starting...” me when you bullied me in high school. No I don’t want to try your dumbass products thank u",0,0,age,age,False
12909,not @my middle school bully denying that he ever bullied me and belittling my trauma so he can prove that he’s such a good person and not in any way racist,0,0,age,age,False
12910,im that one girl you knew in high school who you thought was weird but i didn’t talk enough to prove you right and therefore i couldn’t really be bullied or have a meaningful presence in the school community,0,0,age,age,False
12912,I guess the numbers for White Americans are tainted by scores of redneck morons who barely made it through High School but nevertheless enjoy white privilege in being able to bully all the others around w/o facing real consequences.,0,0,age,age,False
12916,I feel so bad model girl seems so nice from the shots of her being in her room by herself but no one likes her from her social media profile besides the weird fuckboy... everyone got bullied by pretty blonde girls in high school huh,0,0,age,age,False
12917,"literally, school bullies only peaked in school era, when they came in the uni., they become NOBODY..",0,0,age,age,False
12918,He was a bully in high school.,0,0,age,age,False
12922,"I was bullied for my size, for the fact i was always quiet. I had people hitting me, throwing things at me, calling me all sorts of things. I had one girl make fun of me for wearing shorts to school, i quit wearing shorts until i graduated high school, even at home..",0,0,age,age,False
12928,I do. One look at them and you know they were bullied by pretty girls in high school,0,0,age,age,False
12929,Have you been causing trouble again Harriet! Were you the bully at school?,0,0,age,age,False
12931,I have never been ashamed of a president until now Donald Trump thinks he can bully us if everybody just gets up one day at the same time and says no more an keep saying it until he's kicked out of office and used in schools as what a president shouldn't be for rest of Eternity,0,0,age,age,False
12946,This girl who got relentlessly bullied in High School is becoming more and more famous as a “real life mermaid” and honestly it fills me with joy,0,0,age,age,False
12953,this girl was bullied in high school I just know it,0,0,age,age,False
12964,why did i have a dream that a girl that bullied me in high school tried to recruit me for a pyramid scheme,0,0,age,age,False
12967,"My most prominent high school memories are me being homeless, having a sex tape leak, almost dropping out and being bullied by every girl in the school bc I was close with the guy they wanted to fuck memories",0,0,age,age,False
12976,Take him to a boxing club ... i used to get bullied at school until I started kickboxing when I was 11 and started to knock few bullies out that every one stopped fucking with me .,0,0,age,age,False
12979,"my “best friend” in middle school who then bullied me and was a total cunt to me and other girls from middle school and high school, got arrested for the 5th time the other day, yikes. karma never has a day off hunty!!!",0,0,age,age,False
12980,it BLOWS MY MIND SoCal kids didn’t have outdoor ed? like did you actually have a childhood if you didn’t have to kiss a banana slug and sing songs about xylem and bunk with the girl who bullied you through most of junior high?,0,0,age,age,False
13005,Our school follows an anti-bullying policy and my math teacher is a bully should I complain??,0,0,age,age,False
13010,It’s so unbelievably EASY to get you guys to jump to violence. You have zero defense in your support for Trump. The High School bully wants to kick my ass. BIG SURPRISE,0,0,age,age,False
13012,I'm really sorry that you have to work with elementary school bullies. Hopefully this province elects fewer of them next time,0,0,age,age,False
13014,Found one of my high school bullies on tinder today!!,0,0,age,age,False
13016,"The cops don't like a fair fight. They like to fight vulnerable people, weaker than them, and who can't fight back. They are just school bullies, grown up, who have been given deadlier weapons.",0,0,age,age,False
13018,Quite a few of my bullies have been girls growing up. One apologized at a debate comp after years of moving school etc But that bully or be bullied idea was in my head for quite a few of my formative years.,0,0,age,age,False
13029,I'd hate to be a teenager these days. I got bullied in high school for being tall and thin. But not like these girls are. I want my 6 yr old to stay 6. #murderinthevineyard #bully,0,0,age,age,False
13037,"and to make it even better, one of the girls almost had me suspended from school because of bullying (which she was bullying me so...? don’t even ask hahahahaha jsut trust she wasn’t being bullied) and she’s the same one who’s gonna spit on me and my high risk father",0,0,age,age,False
13038,When I was bullied in high school I felt so ashamed that I never asked out a girl who had a crush on for two years because I thought she would laugh right in my face. #BellLetsTalk,0,0,age,age,False
13044,this is seriously so weird to me ppl are trying to pretend that tall ppl dont get bullied for being tall. Literally all through middle school &amp; high school everyone wanted a “short girl ” and called me a man just for being slightly above average in height. it happens,0,0,age,age,False
13053,Exhibit A on how the bullied gay boys in high school turn into the mean white girls once they come out of the closet and take it out on the lesbians,0,0,age,age,False
13058,"This little boy bulling his baby brother ,",0,3,age,not_cyberbullying,True
13062,"we’re a public school, we’re a public school, we’re a public school my 6th grade history & math teacher bullied me in front of the class often &amp; she dumped a water bottle on my head in front of them. called a girl the n word &amp; is now a high ranking official at another school.",0,0,age,age,False
13068,"I am surprised he never got beat up in military school if he did he would never admit but yeah I guess he must have bought friends as his posse, I did hear he was a bully in military school.",0,0,age,age,False
13070,"This is like saying you gotta ignore the bullies at school and don’t give them a reaction. But that’s what assholes want you to feel, powerless. Don’t stop standing up for yourself!",0,0,age,age,False
13073,a middle to high school GIRL. But it’s actually coming from a grown ass “man”. I have texts that show how respectful &amp; understanding I tried to be . But when I’m getting bullied &amp; things are being demanded from me. I draw the line. I know the truth .,0,0,age,age,False
13074,Kai: I really like this girl please don’t ruin this for me guys Taemin: aren’t you the guy who bullied me in high school? I still won’t forgive you for pushing me around and taking my lunch money,0,0,age,age,False
13076,"Who i am. - firstly, im a daughter to a mother who came to Israel from Russia because of antisemitism. They used to be poor and people used to bully my mom in her school in russia, they really couldn’t take that anymore so they left everything and came to Israel to",0,0,age,age,False
13080,"In high school I used to get bullied by a special ed girl bitch would dead ass hit me, and like fuck was I supposed to do",0,0,age,age,False
13086,"He usually does. I think he believes that if he insults someone enough they’ll leave. If he can get them to leave, in his mind he’s “won”. I just find him to be a child like bully. He probably got beat up a lot in school.",0,0,age,age,False
13091,"Jackson -THE jock -captain of all the school sports teams -nicest man you know -happy, average grades -is everyones friend -asks to copy your homework -doesn't listen in classes -secretly really smart -just wants to enjoy his time -if you bully someone he's gonna hit ya",0,0,age,age,False
13093,Mom is asking me to attend my high school reunion.. She doesn't know I was bullied in high school. Those Ilongga girls were mean to me. It was awful.,0,0,age,age,False
13094,half of the girls from my high school posting quotes about mental health bullied me,0,0,age,age,False
13104,My last points of reference were as a kid when I was stung in the neck and when I was swarmed at school bc a bully poured pinapple on my hair and they refused to let me was it off in the late spring (Catholic School) And it hurt then a Billion times worse,0,0,age,age,False
13110,"I didn’t go to high school with y’all so I can’t speak on ur drama from then, but it honestly just looks like u trying to bully one of the most positive people I’ve ever met over shit that happened so long ago? Just keep it to urself cuz u look foolish",0,0,age,age,False
13115,"Sorry to hear that Luca's having a hard time with bullies. Had to deal with it for years myself growing up, to the point where I wanted to move schools too. It mightn't feel like it now but, speaking from experience, I can promise you &amp; Luca things will get better",0,0,age,age,False
13120,I have literally said no to doing girls hair that bullied me online in high school,0,0,age,age,False
13125,you speak to me like a school bully in an 80s movie and i’m here for it,0,0,age,age,False
13127,I’m glad the girls who bullied me in high school look like they bathe daily in pesticides and corrosive acid,0,0,age,age,False
13131,"I got teased in school but it was by other black people. My bully in middle school was mixed + he teased me for my hair and wrote ""ugly girl"" on my locker Black girls always had something nasty to say about my locs I had at the time, especially when I wore them in Bantu knots",0,0,age,age,False
13146,I know this girl that was bullied in high school for being fat. Few years ago she had a really dramatic weight loss and everyone was super proud. She bragged about it in her Instagram every week and even became a amateur Fitness model.,0,0,age,age,False
13150,"ryo tsukomo is the girl that bullied you in high school and he messages momo like ""omg hey you look great how have you been now listen i wanna expose the chiba salon and i want you to help me out since we were such good friends in high school """,0,0,age,age,False
13158,"I was bullied for the sound of my voice. In junior high the rich jocks would call out my name, in a high pitched “girl voice”, just bc I didn’t hit puberty until my junior year of high school. I’m still self conscious about it.",0,0,age,age,False
13171,are you my middle school bully be honest,0,0,age,age,False
13207,"You know, it sometimes becomes harder and harder to say not all cops are bastards when you see the people sworn to protect you being on the same level as a high school bully Fucking assholes",0,0,age,age,False
13222,Please try not to come off superior to @scheana she Is a kind person who’s already been bullied by @MusicKillsKate and @stassi seriously mean girls is over after high school,0,0,age,age,False
13232,Lol my first client I have on saturday is a girl that bullied me in high school :))) maybe I'll accidentally stab her in the eyeball with my tweezers,0,0,age,age,False
13240,None popular high school girl with one nerdy guy friend gets bullied by the whole school and her crush. And then in the end ends up with her ain't shit crush and the whole school starts liking her,0,0,age,age,False
13243,Not the girl that bullied me endlessly in high school trying to add me on facebook.,0,0,age,age,False
13246,Y’all remember when that white girl in my high school theatre class bullied me because my ass jiggled,0,0,age,age,False
13255,"Wait, is Buck a high school bully, or am I? Just looking for some clarification.",0,0,age,age,False
13257,"I remember back in High School, I used to be bullied a lot for my voice. My voice was (and still is) deeper compared to other Girls in my School, thus began a tirade that I was actually male because of it. As a result, it's manifested into me greatly disliking my voice.",0,0,age,age,False
13262,"P.s. Never feel guilty for telling teachers & for getting bullies in trouble. They’ll try to pretend they were joking to get away with it &amp; to make you feel bad, don’t fall for it. I also think bullies should be removed from schools until they can learn to behave themselves.",0,0,age,age,False
13278,if youre a girl your nosejob makes you look like a nursing student who bullied people in high school. if you’re a guy it makes you look like you play fortnite,0,0,age,age,False
13289,"why is everyone so mad about this “tall girl” movie, like no one said that she’s oppressed or anything, it’s literally just another movie about someone getting bullied in high school, this is literally on par with EVERYTHING netflix produces???",0,0,age,age,False
13290,i used to get bullied a lot in school for being too pretty they called me “pretty face“ they were like “oooo pretty girl let’s bully her“ and they would be like telling me shit like “oh your face is pretty”,0,0,age,age,False
13291,"Daddy, I want to be on tv so the girls who had bullied me in high school would be jealous. Clearly, @FoxNews is becoming another entity run by the foreigners.",0,0,age,age,False
13293,"I faced a bully when a joined a new school in XIth std. One day, fed up of his bullying, I punched him. After that he never bullied me alone, was always part of a crowd.",0,0,age,age,False
13302,Y’all the girl who bullied me in high school and talked about me behind my back retweeted this and tried to act like she wasn’t the most hated person in our senior class,0,0,age,age,False
13304,I got bullied for wearing sketchers trainers in high school and one time a few girls in my year walked with me almost the full way home just making fun of them,0,0,age,age,False
13330,The other night I seen the high school reunion one,0,0,age,age,False
13332,Brain dead. Blm is like school bully if he start to push and get put down end of probleme. But blm pushed and people got scared now a nothing feels like something.,0,0,age,age,False
13333,Cannot believe the utter SHITE im seeing on here for mental health awareness week from girls that LITERALLY bullied there way through high school and still to this day will rip the shit out of you for enjoying yourself on a night out. The absolute HIGHT of disrespect,0,0,age,age,False
13335,"old school, and run into these bullies in the office. They look terrified like they have seen a ghost, and utter “omg we heard your bones melted &amp; you were dead” before sobbing and profusely apologizing for how mean they were to me",0,0,age,age,False
13336,I got bullied in High School for Being Gay and all the Girls wanted to Hangout with me not Them.,0,0,age,age,False
13343,"deadass every girl who bullied me in middle school either dropped out of high school, started doing hard drugs, went to jail, or got knocked up. what can i say besides L",0,0,age,age,False
13347,I've always found the stereotype of Chad hilarious! We had a Chad in high school he was a skinny loser who everyone bullied. He was also too much of a creep so most girls didn't like him... I can't imagine a Chad the way they're normally supposed to be perceived!,0,0,age,age,False
13359,"And you guys are the wannabe in the world school who can able to get famous no matter how hard he try, so they start licking balls of the famous/bully kids to get some attention #india_suck_balls",0,0,age,age,False
13365,"Hot Take #my200vsbutch200 is the same mentality Bullies at School would use against you. There are better ways to call out Butch on his shit, instead of empowering yourself by putting down others. That mentality is going to subconsciously carry on to other people.",0,0,age,age,False
13366,"OUCH! That was be a blast to go back to high school though! Except when I got bullied by this girl named Jenny Madden, what a bitch! I’d do anything to go back in time and fuck her shit up! And yes, i’m intending rape. LOL! This is her if I catch her at a party",0,0,age,age,False
13367,"Dear Luca, bullies are just jealous of you for maybe your personality, intelligence, looks or popularity.There’s something you’ve got that they’d like to have.Don’t let these nasty kids get the better of you.If they don’t stop get the school to sort it",0,0,age,age,False
13381,"Grow up bully, are you 5 ? You cannot just raise taxes every time the legislature can’t budget. Remove all tax deductions for children and put it into education, simple. When you pull funds out of public school to send them to Allen’s private charter school - it’s wrong.",0,0,age,age,False
13387,"Netflix’s Tall Girl is v unrealistic. Literally no one at my high school got bullied for being tall, all we did was walk through the halls menacingly and scare off the dumb males. The weather up here is fantastic",0,0,age,age,False
13393,2 DO NOT bemoan Edchoice this yr for ur own kids & then turn around & scold/judge/bully other parents 4 needing to engage in school choice decisions every year. Everyone is supporting ur family’s &amp; child’s Ed needs so please have the decency to reciprocate bc now you know. #abed,0,0,age,age,False
13395,Y’all bullied big girls in high school just to turn around and start “weight gain” journeys now. We didn’t forget,0,0,age,age,False
13397,I had a marvelous time ruining everything was me in high school bullying back the bullies,0,0,age,age,False
13398,Real talk: the girl who bullied me in high school has friended me TWICE. I've defriended her twice. Why she even tried to friend me is a mystery. She and a couple other girls would pick on me to the point I'd cry in the bathroom between classes.,0,0,age,age,False
13401,Wow u have the same hair as the girl who bullied me in high school,0,0,age,age,False
13407,Why should private school students be protected from COVID while our government bullies public schools to reopen or face funding loss? The class warfare executed by this administration is sickening November can't get here soon enough!!!,0,0,age,age,False
13408,"Sure and that is part of why DJT is such a dirt bag, he loves to hurt other people for no reason other than to entertain himself. He has no class, no ethics, no empathy, and no morals. He is disgracing the highest job in the country by being a school yard bully.",0,0,age,age,False
13410,"saw a girl who bullied me in high school while shopping and she said “you look so good, you lost weight! way better than in high school!” and so i said, “thanks! i almost died and now i am having trouble recovering!” and it was the BIGGEST power move",0,0,age,age,False
13425,"She’s the #bully on the school playground. But, she’s taunting the principal. But, she’s not a kid And the playground is a public street. And, the authority here - are the #police. She’s about to experience a grown-up time-out. #LawAndOrder #RiotsNotProtests #BackTheBlue",0,0,age,age,False
13426,the way 2013 harry looks like every bully in high school,0,0,age,age,False
13430,"Yes. All 10 years of School, 3 different schools, on work places, educations and in the fandom.. I have sometimes had the wish to end in a car crash on my last job, so I could go home. Luckily now Im my own boss, so its only the dogs that bully me now",0,0,age,age,False
13435,OMG I can't even begin to imagine how this poor child feels to be constantly bullied. My heart goes out to him & his parents I pray he stays safe; God bless him & his family & all other kids that are being bullied. These bullies must be stopped; what are the schools doing ?,0,0,age,age,False
13440,My mom has a girlfriend/long term partner when I was in middle/high school and I was bullied mercilessly for it. Had to leave that school because it got so bad. I’ll never forget finding out that one girl had started a rumor that I had sex with my mom and that people actually—,0,0,age,age,False
13441,The girls that bullied me in high school but now we close cause I’m flaming homosexual.,0,0,age,age,False
13442,Trump said he would throw the first pitch at Yankees Stadium. They did not invite him. He’s also crying bc apparently Twitter’s trending metrics bully him. It’s like he’s in middle school.,0,0,age,age,False
13444,When I was younger I remember vividly being bullied for having no boobs and girls using “because you’re flat chested” as a comeback for everything. Now it’s a daily struggle making sure I wear shirts high enough and always trying to not look so extra lmfao oh times have changed,0,0,age,age,False
13447,"Fax dawg. I miss old fredo, Remeber the days when i could go back home from school and hop straight on yt to watch him, flight and cash. Now hes gone Hollywood. Wont exept the fact that hes in the wrong and would rather bully agent for speaking fax about the situation",0,0,age,age,False
13448,Just came across the girl that bullied me in high schools Facebook. And all I can say is Karma is a bitch,0,0,age,age,False
13449,"So Trump abruptly cancels the @GOPconvention as #coronavirus cases surge, saying “it’s not the right time.” But then he goes and bullies the @CDCgov into saying it is the right time to open schools. If something isn’t safe for Donnie, it’s not safe for Barron either. Or us.",0,0,age,age,False
13455,high key one hundred percent of girls who bullied you on facebook in high school get super pregnant and super divorced VERY young and it’s the weirdest &amp; best theory of karma ever man,0,0,age,age,False
13458,This girl that bullied me in high school now has 3 ugly sons.... karma bitch,0,0,age,age,False
13469,"OK, so, it’s 1984. A pretty weird time to be in junior high school. I know nostalgia for this period is pretty common now, but I really did not like this time of life. I was shy, nerdly, nearly friendless, and bullied. And, needless to add, had zero attention from girls 3/",0,0,age,age,False
13477,"It made me think of the bullies when I was in school or former co-workers. Sometimes you give it your all, you give all the love you can and they just don't reciprocate it. I spent so much time wondering what was wrong with me and still do. But I try and be and do the best I can.",0,0,age,age,False
13481,i remember when i was bullied in high school when i was like 14 this girl made up a rumour that i watch gay porn and it still think abt it like what kind of weird thing to start is that,0,0,age,age,False
13484,the people who are the mean comments makers are friends of yours i think or i think they are pretending! you migh… — it’s weird as hell being friends with someone u don’t like mf just block me. acting like a high school bully i th…,0,0,age,age,False
13486,Don't let these toxic trolls get to you man. There is a reason they don't show themselves. They got bullied in high school so they make fake accounts to troll people. If you trust your girl then who cares man thats your guys business no one else is in that relationship.,0,0,age,age,False
13495,Kids don’t have stability in school. It’s a hotbed for bullies and indoctrination to anti America rhetoric! There is nothing healthy about the INSTITUTIONALIZATION of young children disguised as education.,0,0,age,age,False
13496,"Assumed gay (I mean they were right but I didn’t know at the time), high pitched voice, being skinny, short, and always wanting to talk to girls more than boys because boys generally bullied and didn’t want to talk about anything except cars.",0,0,age,age,False
13515,Its obvious now we need to use parts of the school budget to give these racist bullies opportunities like paid trips to a theme park or sports events. This is in no way rewarding racist bullying as they have to receive an apology from the victim first.,0,0,age,age,False
13519,"A high school friend insisted on calling it Bully Butt, and it's hard for me to even say the actual title without snickering even now.",0,0,age,age,False
13521,"indie now means to me the music the got you beat up in high school, which has now been adopted by the now middle aged bullies on their weekly shopping trips to Tesco.",0,0,age,age,False
13523,Carrie (1974) Dir: Brian De Palma An unpopular friendless misfit and bullied high-school girl from an abusive religious household who uses her newly discovered telekinetic powers to exact revenge on those who torment her.,0,0,age,age,False
13554,"Why is it that if a man says he had sex with a girl no one questions the validity, but rather, he is high fived and congratulated? But, when a woman says a man had sex with her she is bullied into silence and called a whore. PS suck iT Jake...",0,0,age,age,False
13556,"Hey Luca, I was bullied at school too for being bright and different. Most of the bullies didn’t get very far in life. All of them were weak, stupid, inadequate or unhappy in some way. Remember that and remember you have a dad who loves you and is looking out for you.",0,0,age,age,False
13564,Sorry if I don’t have much trust towards people like you and her— you’re practically the spitting image of all the high school bullies I fucking dealt with..,0,0,age,age,False
13568,the girl who bullied me when i came out denied it &amp; was like “i wouldn’t do that i’m not homophobic i love all people and am always kind” &amp; she brought this dude be nice campaign to our high school&amp; i think i still have some rage tbh,0,0,age,age,False
13572,Ok...stop it. I was that girl that was made fun of relentlessly. Bullied from 1st grade to my sophomore year in high school. Then I just got badass friends that would fuck anyone up for me. Please go back to posts I can be sarcastic to. I'm in my head enough.,0,0,age,age,False
13578,sometimes I think I’m over being that little bullied girl from middle and high school but then I sit next to my classmates or coworkers and they ignore me and makes me feel bad and small all over again,0,0,age,age,False
13581,"These girls are the bitchiest girls in Bachelor history, they straight up bullied Alayah out of the house &amp; forced Peter to send her home. Yall wouldn’t last a DAY at Our Lady of Mercy high school. No cap. #bachelor",0,0,age,age,False
13585,"Amanza is a babe. Romain is an absolute snooze, except when he’s being savage. Christine is the worst, but in an amazing evil queen way. Heather is the worst in a pretty-school-bully way. Davina is the worst in every way, and WHY IS SHE ALWAYS WEARING THE WRONG THING.",0,0,age,age,False
13586,"My school bully was the DOUBLE of Junior 2 in this picture (even down to the sub-Deliverance inbred smile/sneer). For me, genuinely creepy.",0,0,age,age,False
13589,"That’s because public schools are maligned as raising bad kids. If you eliminate all choice and only provide public schooling, you’d be surprised how many bullies come from white wealthy families.",0,0,age,age,False
13590,BULLY! HIGH SCHOOL FUCKIN BULLY,0,0,age,age,False
13596,not my high school making a post about black lives matter like they gave a fuck when i was getting bullied so bad i had to put the paws on this one girl and i STILL got punished for it lmao,0,0,age,age,False
13600,PLSSS she dragged JUSTIN BIEBER you’re acting like she’s a high school bully,0,0,age,age,False
13603,"Not only hold that person down, but notice the goon jamming the baton into the ribs, making that person gasp and take in more gas. Did these folks train in terrorist schools? Or are these home grown bullies, doing whatever they like to inflict pain?",0,0,age,age,False
13605,"The ""Real Donald Trump"" is not real at all. He is an overgrown under-brained School Yard Bully peddling his ""bullishness"" on America and much of the world. In less than 100 days, God willing, he will be gone from our lives --We hope and pray.",0,0,age,age,False
13610,I'll send her to school and fight off all the bullies and give her head pats go away -3-,0,0,age,age,False
13614,One time this girl tried to bully me in 5th grade. Then I gave her a horrible nick name (I can’t remember it rn) and the whole class called her that for a whole year. She had the nerve to bring her mom to the school and say I was bullying her. Was I wrong???,0,0,age,age,False
13615,I was the one being bullied in high school and am a nurse. However the girl who bullied me hard is also a nurse. Lol,0,0,age,age,False
13616,I remember one time she talked about getting permission from her therapist to talk on twitter about how she hated taylor swift because she made sady think about girls who bullied her in high school,0,0,age,age,False
13618,"the girl in tall girl got bullied for being tall but not by high schoolers, she got bullied by some toad of a “dance mom”",0,0,age,age,False
13619,bully’s high school fucking bully’s,0,0,age,age,False
13625,"I guess the people who already shot up their bullies in school before this incident get to go free because they were rude to them in the first place! Seriously, just because it has a stigma on it doesn’t mean people get to be excused from their heinous crimes.",0,0,age,age,False
13627,These *men are the bullies in our school who grew up to get paid to bully &amp; kill with impunity.,0,0,age,age,False
13649,I keep seeing these videos about Sydney and I’m just.... are people not aware that you can do a pageant and still get bullied? You can be the freaking homecoming queen and still be bullied by “friends” every day. Y’all already know high school girls are mean,0,0,age,age,False
13657,"Is there some sort of lobotomy that parents undergo around 8 months into a pregnancy? ALWAYS run a name past an objective but creative third party! No matter how many rules against bullying schools make, the playgrounds &amp; hallways will be the same. Don't set a kid up for bullies.",0,0,age,age,False
13661,just saw the girl who bullied me in high school on hinge. deleting the app again.,0,0,age,age,False
13663,ah so this is one of the girls that bullied me in high school bc i was “emo” and now that it’s the cool thing to be they try to fit in fuck off,0,0,age,age,False
13668,"YES GOD I got bullied a lot in middle and high school because straight girls assumed I was going to try to molest them, and now I'm 26 and get uncomfortable talking to literally any woman including friends because I'm terrified they'll assume I'm a predator.",0,0,age,age,False
13670,"You're good lol and I feel you. What I wanted to say was, As a dark skin woman who has been bullied about my skin my ENTIRE childhood til I entered high-school by light skin girls I feel like sis needs to reevaluate. I'm happy people are finally seeing us as beautiful (why",0,0,age,age,False
13679,"Take a step back and consider it objectively. Liberals, like bullies on the school yard, end up limited to one tool.. intimidation. Be wise. Aikido uses the force of your opponents energy against itself, but not reacting to it. These guy just dox the DHS acting director. #Breathe",0,0,age,age,False
13682,Because democracy doesn't care about your opinion. Stop trying to bully votes. It's as lame as primary school politics.,0,0,age,age,False
13692,"Jisoo in these photos gave me popular girl school bully in a teen movie, and school emo/rebel mixed together and idk why i feel this way, but then i see the pink bunny eye-",0,0,age,age,False
13693,"OMG WHAT I THOUGHT WE WERE SORRY DJSKSKS i love ur vibes ur pfp has bad memories for me but just overall like, that one cool girl you see in the halls at school that everyone has a small lowkey crush on that u think would bully u but is actually so insanely nice",0,0,age,age,False
13706,"in high school i had a lot of (asshole) male friends, and they would tell me about which guys had a tiny dick or no pubes yet, and about how they were bullied. i mean, fuuuuuuck..... teenage girls can be REALLY mean, but that’s BEYOND mean!! it’s fucking AWFUL!",0,0,age,age,False
13717,officially made it to the point in my life where girls who used to bully me in school have invited me to join their pyramid schemes lmao,0,0,age,age,False
13720,"Nah not even once I shared a surname with one of the most feared bully in primary and high school many thought he was my brother but he was not, everyone was scared to touch me",0,0,age,age,False
13721,BREAKING: The Fairfax County School Board voted to rename Robert E. Lee High School after the late U.S. Congressman John R. Lewis at its business meeting on July 23. The new name will be effective for the 2020-21 school year.,0,0,age,age,False
13730,"It's everyday bro with the same bully flow Bully at school, now bullying your bro Diss your own brother, I don't really get it though Stop bragging just accept nobody knows your Disney show It's everyday bro with the same bully flow (what) Bully at school, now bullying your bro",0,0,age,age,False
13731,I once read a tweet from an old school mate Ruth was some sort of school bully in her youth in Fife. Makes sense.,0,0,age,age,False
13732,These are high school bullies. Power hungry dickheads who just love to boss people around and hurt them for no reason! All public servants should get cleared by a shrink before they report to work!,0,0,age,age,False
13737,"Because a few people have asked me why I called William Barr a high-school bully in today's column, I am posting this piece:",0,0,age,age,False
13738,"A girl who seemed happy suddenly killed herself (not in school of course) who was in my spanish class. Multiple bomb threats A kid I went to elementary, middle school, and High school with threatened that he would shoot up the school. He was bullied a lot",0,0,age,age,False
13743,"Several things. I was known as ""that quiet girl"" in elementary school, ""that fat kid with curly hair"" in middle school, being ""that slut"" in high school and now I'm bullied for just being a women online and at work. Super fun.",0,0,age,age,False
13744,Michael Tracy is if the resentful little wwe fan in grade school never aged. this reads like how you bully kids in early elementary school...,0,0,age,age,False
13746,"Nimbe was a very brilliant student, in fact he's one of the best students in his class. But then, his class mates bullies him. So, Nimbe had to deal with his family issues caused by his father at home and bullies at school.",0,0,age,age,False
13748,When the girl who bullied you in high school for liking Harry styles is now posting on social media about how much she likes his music,0,0,age,age,False
13752,It really do be the girls that were so awful to you in high school and bullied you that have thing in their bio about being a nice person or bring peace and be peace for the world and all that like bitch you ruined my day every day !!,0,0,age,age,False
13756,randomly ended up creeping on the girls’ who bullied me in high school and I can’t believe that I let girls who had no upper lip stress me out so much lol,0,0,age,age,False
13758,"in a few years, will people who spent their time sending abuse and threats to strangers on the internet, feel proud of what they did? I always wonder the same about high school bullies, do they still look back on their behaviour and think they were doing something good?",0,0,age,age,False
13759,"You deserve an applause there. I've been a bullying victim through most of my school years and my bullies barely got punished. Instead, I got punished for standing up",0,0,age,age,False
13760,"Not even in, say, school bathrooms and locker rooms? Bullies are ruthless and can cause real physical and psychological harm.",0,0,age,age,False
13762,#ComingOutDay - I've known I was gay since I was 11 and got in trouble for holding a girls hand at school. I was bullied in high school for being a lesbian. My first girl kiss was a roommate in college. I didn't come out til after all this happened because I was scared,0,0,age,age,False
13779,"I will never forget in middle school when this woman was giving a presentation to my class on bullying and she literally had to check some of my classmates by saying “there’s a difference between being mean and being a bully, calling someone fat is not the same as-",0,0,age,age,False
13788,Bruh the girls who bullied me in high school really aging like milk deadass how are we the same age but y’all over looking like you’re in your late 30s chill,0,0,age,age,False
13789,"Please don’t believe everything you see on social media. Some of these bitches that talk about uplifting women or having had low self esteem in the past, are the same ones who bullied girls in high school for what they looked like.",0,0,age,age,False
13797,On wattpad? Then you should write abt a girl getting bullied in high school by the one and only colby brock,0,0,age,age,False
13800,"The biggest threat to a bully's safety isn't a random school shooter, it's the person they bully fighting back.",0,0,age,age,False
13801,you ever think your life has hit rock bottom but then you look up those girls who bullied you from high school on Facebook and you’re like “huh guess I’m doing alright for myself”,0,0,age,age,False
13803,Overall college tuition costs: $30k Casual high school party costs: $150 Watching your middle school bully getting rejected from her dream school at a high school party= priceless,0,0,age,age,False
13809,Good you’ve been playing around to much and not doing your job. This is not a joke. People are dying. People are suffering. You act like a high school bully instead of someone that should be focused on the country.,0,0,age,age,False
13810,He’s that short guy with a huge head on the wrestling team in high school who is a bully’s toady that everyone avoids because he’s filled with rage and is stupid and mean,0,0,age,age,False
13811,"He may have been bullied in high school by athletes because he is short, stupid and sounds like a little girl. Am I close @Jim_Jordan ?",0,0,age,age,False
13817,They did when I went to school. Then they removed them when some bully split a kids head open with them,0,0,age,age,False
13818,Why follow someone just to try and talk down to them? Dad wasn't around? Secretly have a boner for them? Mom didn't breastfeed? Maybe she did too much? Didn't make the team in high school? Bullied in school? Small penis? Catfished by a guy/girl? What other reasons could there be?,0,0,age,age,False
13822,This poor kid’s high school life is ruined forever. Imagine this video pops up. Guys can tease and bully you till you drop dead.,0,0,age,age,False
13823,I was brutally bullied the first couple years of high school for liking slipknot by a certain few girls so I can understand it pissing people off but I'm stoked that I can get Slipknot merch so cheap now I am after that long sleeve tee for real,0,0,age,age,False
13824,"Yep when I just started high school , this brown girl bullied me relentlessly. My complexion was mostly a bother to her . She’d call me “ black gal , Mawga gal “ and bout my uniform. The funny thing is she was Mawga as well but I guess hers was acceptable because she was brown",0,0,age,age,False
13827,dishonoring badmouthing disrespectful dude. a cliche. but it's almost like it happens every night in every bar or anywhere all the time. it's so rare here. but we all have the notion over there it's like chewing gum. normal. daily. not a biggie. like the school bullies always in,0,0,age,age,False
13832,Meanwhile Fauci throws first pitch of the season. Did ANYONE invite @realDonaldTrump? Boo hoo. Just a 9 yo school yard bully crying his eyes out because no one came to his Chuck E. Cheese birthday party! And he sent out HUNDREDS of invitations! My MOST FAVE PIC OF ALL TIME!,0,0,age,age,False
13837,"I live in NYC, all my life. I’ve known many officers of NYPD. 20% of them are decent human beings. Most are troglodyte bullies who tossed a coin after high school, cop x criminal, which will it be? Problem is, the minority of good cops always cover for the bad ones!",0,0,age,age,False
13841,His area of expertise is handing money to the school bully while keeping his teeth in tact.,0,0,age,age,False
13843,"me and make my life a living hell with your fake ass friend group. And then a couple of weeks before the end of school you just act like nothing happened. You act like you didn’t make me cry every fucking day, you act like you didn’t bully me for not giving you my answers. +",0,0,age,age,False
13844,the thought that girls who bullied me in high school are now selling non FDA approved vitamins ... that’s why i have a hard time sleeping at night,0,0,age,age,False
13867,funny how all the boys that used to bully me in middle school to high school are trying to hit me up now haha no shot bucko,0,0,age,age,False
13878,The girl who bullied you in high school is now a ‘consultant’,0,0,age,age,False
13884,"Breaking news: I just had my head dunked into a toilet by my high school bully. He told me to say I'm a little marshmallow boy and you're the candy king"" which I did. As I was leaving he poured milk on my head"" -super serious journalist",0,0,age,age,False
13887,I have done what you recommend. I am involved with my 3 kids at two different schools. They had a good plan I believed in. Don't be sheep. Lina is a bully.,0,0,age,age,False
13890,"It was a movement O was teached at school it was totally normal for us to use, never used it again tho because when I showed it a while later I was bullied for it and because I understood that it was offensive. They didnt need to bully me for it tho",0,0,age,age,False
13898,First her family kicked her out around 16. She had to live at a halfway house while going to school. In high school she was bullied so much she had to go to a GED program. Then the GED program wouldn't let her use the boy's or the girl's bathroom. They told her to just not go!,0,0,age,age,False
13903,WHY IS IT A TREND TO DO A MIDDLE PART???? ALL OF YOU UGLY LILLY VERA TORY GIRLS BULLIED ME RUTHLESSLY THROUGHOUT MIDDLE SCHOOL AND HIGH SCHOOL FOR HAVING ONE. FUCK YOU GIVE ME CREDIT,0,0,age,age,False
13905,I’m sorry but why are girls who bullied me in high school DMing me “hey hun!” And trying to sell me their MLM crap,0,0,age,age,False
13912,i got bullied by a group of high school girls today and i don’t know how to feel,0,0,age,age,False
13913,i just saw a recent picture of a girl who bullied me in high school and suddenly i don’t feel so bad about myself lol,0,0,age,age,False
13914,I had a dream where I was back in my junior school again and the people that bullies were older and stilled bullied me even if we all grew up and stuff. Worst part I thought the whole thing was real and actually happen until I work up feeling safe that it was in my head.,0,0,age,age,False
13918,"if anyone needed to hear this alt isn’t an “aesthetic” it’s the furries who got bullied in high school and the “emo girl” that got asked to several times if she had depression, being mocked on.",0,0,age,age,False
13920,Hey twitter armys whoever is good at hacking can you do it for me so I have this girl in my class who is an army too but she bullies me for liking bts and she stole my first ever group friend and now I am all alone but this was in a new school my old school I had friends,0,0,age,age,False
13922,"TRUMP IS SIMPLY A FRAUD HE HAS BEEN RUNNING FOR PRESIDENT FOR OVER 25 YEARS & NOW THAT HE IS IN OFFICE HE HAS FAILED AGAIN HE IS NO PRESIDENT, HE'S A LOW IQ FOOL WITH THE MENTALITY OF A 4 YEAR-OLD-SCHOOL-YARD-BULLY HE CAN'T WALK, TALK, READ, WRITE OR EVEN DRINK LIKE AN ADULT",0,0,age,age,False
13923,"Writing: the only occupation that allows you to turn that last break-up into a HEA, get revenge on your school bullies, use all those SAT words, and name all the children you never had. ALL AT THE SAME TIME.",0,0,age,age,False
13927,So today I learned that the girl who voices Angelica from Hamilton graduated from my high school and when she attended here she used to get bullied by how her voice sounds. So that’s cool ig,0,0,age,age,False
13942,kiera allen reminds me of this specific girl from my old high school who bullied me. i aint forget about you lorena i aint forget,0,0,age,age,False
13950,just thinking about me going back to school makes me cry i hate it there so much everyone there hates me and bullies me for nothing :(,0,0,age,age,False
13952,"Just ran into this girl that was with me in high school and I asked her why she bullied me back then and she said ""I had a crush on you but I didn't know how to express myself"" lol bruh I looked like a nerd in high school, why would anyone have a crush on a ugly ass nerd .",0,0,age,age,False
13954,"if ur 13+ i’m not gonna bully u for being on here but like, i’m fifteen and i don’t think i should be on here. it’s a really toxic environment for minors, it’s literally like if high school and middle school took all their drama and compacted it for adults to have fun with",0,0,age,age,False
13955,UC riverside is a bottom tier school,0,0,age,age,False
13960,A school shooting isn’t fighting back it’s murder. And they didn’t even go after their supposed bullies they went after innocent people you literal clown.,0,0,age,age,False
13962,"If you mean Mr. Trump, Pastor, then I guess I agree. I wish politics NEVER existed. Bullies in a school yard brawl. That's all I see.",0,0,age,age,False
13965,"I want her to bully me, i want her to come to my school , shove my head into toilet and bully me, please",0,0,age,age,False
13966,They're doing the classic school bully behavior. Doing all they can to get people in trouble and get away with it by pointing fingers at the innocent and trying to play the blame game.,0,0,age,age,False
13967,And the girl that bullied me ended up going to my high school and apologized a million times for everything growth,0,0,age,age,False
13976,"those girls who bullied you in middle/high school? yeah, those don’t go away. sadly, they will always exist, no matter how old you are.",0,0,age,age,False
13981,"He really can’t do anything correctly, can he? Ivanka could’ve helped him get the tone right. I’m sure she successfully bullied heaps of smart girls during high school.",0,0,age,age,False
13999,"Ubisoft Quebec was a bad scene it was like being bullied in middle school, except bullies in middle school don't wield an HR department like a club with nails.",0,0,age,age,False
14005,Does anyone else remember when we bullied a girl out of high school because we thought she was an official narc?,0,0,age,age,False
14017,"why am I being bullied Hun, you're offending the Royale High Community, this is just some stupid account made to bully others, and a 14 year old girl who died of blood cancer. now if i were you, I would delete this whole account if you dont wanna start getting death threats.",0,0,age,age,False
14023,"They all look the way my middle school bullies look like now, I--",0,0,age,age,False
14024,"I'm the same thing,I was too bullied in middle school for being""weird""and especially in 8th grade because i had a big crush on this girl and then I was pretty promiscuous/sexually active in the 11th+12th grade of high school,now Im approaching a $100K+ net worth at the age of 28",0,0,age,age,False
14027,"The thing with narcissism is insecurity. They’re the type to be bullies in school, and belittle others.",0,0,age,age,False
14040,U can buy any video game at any age STUPID 😂😂,0,4,age,other_cyberbullying,True
14048,"Centrist Dems, especially the ones over 60, seem to be stuck in a pathological high school clique mentality where the Republicans are the ""cool kids"" they need to suck up to and the left are the outcasts that THEY get to bully and mistreat to score points with the cool kids.",0,0,age,age,False
14056,"One styled on me, One bullied me, One was the QB, One was Class President, One dated a girl I almost hooked up that's how shitty Homecoming was in High School",0,0,age,age,False
14058,I know this is going to sound terrible but I love seeing the girls that bullied me in high school with multiple kids from dead beat bds. Like girl if you woulda just been nice in bio maybe this wouldn’t have happened,0,0,age,age,False
14062,"tb to those girls who bullied me in earth science for putting on makeup, one of them is now a horse girl and the other one dropped out of high school to work at a 3star restaurant :)",0,0,age,age,False
14086,"“Hey girl, I know I bullied you in high school but do you want to buy some of these diet pills?”",0,0,age,age,False
14088,"like i don’t doubt that tall girls get bullied to some extent in high school.. bc high school kids suck! but they exaggerate it so much at the start only to later ignore it and totally focus on how everyone finds her hot, transforming her dilemma to “which boy do i date!?”",0,0,age,age,False
14089,"People who have relatively high levels of narcissism are 20% more likely to bully than those with low levels, a recent analysis showedMUST READ FOR SCHOOL KIDSWHO GET BULLIED BY SCHOOL YARD BULLIES. WISH I DID WHEN....",0,0,age,age,False
14094,"The entitled, thick school bully....",0,0,age,age,False
14098,3 boys from school who didn’t necessarily bully me but were still complete fucking knobheads have a podcast and I’m listening to it LMAO they are so tory it’s unreal I can’t believe how middle class the ppl at my school were despite the school being absolute shite,0,0,age,age,False
14105,"I think nursing has a particular brand. A unique combo of being underpaid + disrespected + in a position of control over vulnerable people, combined with... what I can only describe as the mentality of those horrible girls in high school that bullied everyone but were popular.",0,0,age,age,False
14111,my existence is a wet dream for middle school bullies,0,0,age,age,False
14124,"I was a dance major. I was studying sports nutrition on a campus in ""not the best area"" & decided it wasn't safe for me. I also volunteered to attend a ""magnet"" high school for racial integration. Bad idea. I was bullied by girls of color would surround me. I had to quit. 1990's",0,0,age,age,False
14125,#AnimalCrossing The girl who used to be bullied showing up to the high school reunion like:,0,0,age,age,False
14130,I am getting sick of the so called journalists on the Today show getting people on the show to ridicule them and then tut tut and turn them off mid sentence. Those are the tactics of bitchy school yard bullies. But at the same time they give Paddy Gibson as much time as he wants.,0,0,age,age,False
14133,All the single dads of the girls who bullied me in high school are in my moms dms begging to take her on a date... just had to throw that out there.,0,0,age,age,False
14138,"Aye throwback to the time when a girl talked me into going back to high school small group after being bullied really badly, only to have the girl then tell everyone your private info you shared in confidence in small group",0,0,age,age,False
14147,"Nancy Pelosi called the President Mr Make Everything Worse or some such juvenile comment. It’s like Congress is ruled by some grade school playground bully. But, President Trump is making things worse for her socialist agenda and better for liberty and freedom loving Americans.",0,0,age,age,False
14148,Why can’t my parents understand that I don’t wanna watch coronation street because the bratty little girls in it remind me of the girls who bullied me in high school x,0,0,age,age,False
14153,"best explanation for these people I've heard is ""late bloomer syndrome"" probably grew up getting bullied/blown off. grows up, gets hot, gets attention, then goes mad with power now that they can do the same stuff to other people. basically LARPing as a hot mean high school girl",0,0,age,age,False
14155,Had a dream I was bullied by a few members of the cast of Girls at my sister’s rehearsal dinner which took place at my high school gymnasium and then they gave me a $10 bill as consolation,0,0,age,age,False
14159,my bully broke my leg in high school she didn’t have a car so I couldn’t scratch anything,0,0,age,age,False
14189,i feel like its the same reason like. the girls who bullied people in high school want to be nurses. They just want something they can have control over,0,0,age,age,False
14195,Luca don’t let the bullies win. Its them who should move schools not you. You have loads of support on here,0,0,age,age,False
14197,"Well, my first school had a bully named Hunter. Whenever I was around him picking at the sap on the trees I'd pray that I wasn't his next target. I was fortunate. Then I had a toxic ""friend"" also named Hunter at my other school. You can guess that I didn't like him much.",0,0,age,age,False
14205,"all of middle & high school I would get bullied so hard from classmates for making out with girls, even college, I need to say fuck it &amp; just be who I am regardless of what people think",0,0,age,age,False
14206,it’s funny to watch all the girls that bullied me to nearly killing myself in high school post about suicide awareness and mental health as if they all of the sudden care about how their actions effect people,0,0,age,age,False
14211,it was the name of his school bully!,0,0,age,age,False
14216,"i have a funny relationship with that movie...i saw it in theaters when it came out, and i was the EXACT wrong target audience bc i was a freshman in high school who was literally bullied by mean girls on the daily. years later and i can appreciate how it’s meant to be for",0,0,age,age,False
14217,"i also remember being annoying and taking it too far on Insta to the point where some girl from dans old high school bullied me on Twitter. She said our “two month relationship was cute”. Well, it’s been 60 months now and we’re still cute JUST saying",0,0,age,age,False
14234,"Leave him alone, all the bullies - people who are so critical remind me of high school.",0,0,age,age,False
14241,"If you can even call that a redemption, she just said she was sorry & everyone forgave her like a school yard bully",0,0,age,age,False
14244,"(2/2) i probably wont be able to go to high school this year because of this, and idk how to solve this problem. my family bully me for it and calls me a shame. however, im fine since im used to being insulted.",0,0,age,age,False
14247,unironically love the name butch tbh. school bully but make it fashion,0,0,age,age,False
14251,dont mind me just crying again because i thought about how i joined art school being happy that i got in and wanting to learn and grow and ive had to drop out because a teacher didnt know how to handle a mentally ill student and decided to bully me instead,0,0,age,age,False
14252,"All the high school girls who bullied me are now coke heads, working at a coffee shop, and living with mommy and daddy still. I’m over here working at a bank, live on my own with future husband and our baby on the way. In my opinion I’m doing pretty fucking good.",0,0,age,age,False
14253,"It happened to me in high school I was friends with a girl I liked but I was not ready for what she wanted, she force her self into me I push back and told her I wasn't ready next day in school she told everyone, I was bullied and people thought I was gay this was in the late 90s",0,0,age,age,False
14264,saw the girl who bullied me in high school on tiktok and instantly started cry :-) really feeling that suppressed trauma,0,0,age,age,False
14266,"And truth and reality come from communication, you have only talked about this in your bubble and on Twitter? If there are 100 bullies per person in a school, if 100 bullies talk bad about the person it can be worse than if that one person spouted a verbal attack at the 100.",0,0,age,age,False
14270,"I remember being bullied in high school by this girl who made me think she was my friend. She was cool, dangerous, and she had that IDGAF attitude. She called me names in public for not letting her cheat and copy my homework. I will never forget that.",0,0,age,age,False
14273,"Being free of the reins of the parents and the bullied girl from high school, I found people of my own type and went on one hell of an exploration of sex that I am forever grateful for.",0,0,age,age,False
14286,"Group changing rooms should always be optional, but not because of trans girls. In junior high I was bullied for being fat. In high school, was I about to be NAKED in front of people and risk bullying? Hell no! I found every excuse to be alone or change in a bathroom stall.",0,0,age,age,False
14299,All the girls that bullied me in high school want me to join their pyramid scheme. Never felt so popular.,0,0,age,age,False
14300,You have a worrying tendency to talk of school bullies and 'being shafted'. Sadly I can't help you with your typical ScoNat inferiority complex. Muted.,0,0,age,age,False
14301,A baseball player and his posse prevents his school bully from ruining everyone's lives with abortion.,0,0,age,age,False
14308,and you need diet pills. are there real mean girls like that? thank god i wasn't bullied in high school-i assume they would just called me fat behind my back like normal people.,0,0,age,age,False
14313,"I remember the shame and anxiety I felt about telling my family and friends I was straight. In high school, a classmate caught me holding hands with a girl and told the whole school I was straight. I was bullied mercilessly, I still remember every joke and insult 10 years later",0,0,age,age,False
14318,i went to the store and saw one of my bullies from school and instead of freaking out i his behind my sister’s tall boyfriend,0,0,age,age,False
14319,"As far as I'm concerned, school bullies are the worst pieces of shits I have ever witnessed in my life :D",0,0,age,age,False
14320,A girl who was friends with everyone who bullied me in hs tried to tell me I wasn’t bullied in high school.... some of y’all have a mental illness to learn to cope with.,0,0,age,age,False
14322,"We had a bulldog named Bertha when I was in middle/high school. She was magnificent and off all our bulldogs, the reason I knew that I could only have bullies.",0,0,age,age,False
14325,white men in trucks are dangerous and to be weary of but also realized just realized jeeps were the vehicle aspiration and obtained by all the rich white mission trip girls/high school bullies i knew. eyes on the road,0,0,age,age,False
14327,I’ll never forget when a group of girls bullied me my senior year cause I overtoned my blonde hair to gray on accident and it looked too similar to another girl in our classes hair... oh high school...,0,0,age,age,False
14330,"There was a rumour that a one kid’s mum was a witch. Kids were scared of her. But once when I was running home scared because bullies had said they were going to get me after school, she came out of the entrance to the woods, told me ‘they’re not going to get you’ and hugged me.",0,0,age,age,False
14352,"Like how bully is just that but you’re in a school, you can’t keep using GTA as a comparison plus I want bully 2",0,0,age,age,False
14355,"Obvious result, they can't do it in person anymore. The upper hand is kids should feel stronger at home. They cannot be bullied and have physical encounters with bullies in schools. Each child and parent should be reporting this unacceptable behavior.",0,0,age,age,False
14357,"Because some people have nothing better to do, or they were a bully in school and they never outgrew that",0,0,age,age,False
14359,GIRL the amount of people that bullied me so much in high school for being a big emo calling themselves goth for listening to catfish and wearing vans I’m going to kms,0,0,age,age,False
14374,mayhaps i called out the girl who won the citizenship award (ironically) who also bullied me and every other vulnerable kid in my grade relentlessly on my high school’s app-,0,0,age,age,False
14375,If i came to school I would bully them,0,0,age,age,False
14378,basically im saying that a+ jacob and jo right now act like the kind of kids that would bully me in high school and i dont know how much longer i can get behind that without feeling heavily uncomfortable im sure its mostly a persona but its more aggressive than before,0,0,age,age,False
14383,It’s sad to see when girls having so many likes and comments regarding their pretty face but still feel insecure without a valid reason compared to girls who have been bullied for their appearances and have been body shamed stand with their head held high not giving a shit.,0,0,age,age,False
14387,bet all the girls that bullied me in high school are heavy sharing that video of the little boy though....,0,0,age,age,False
14388,"It’s been my belief that a sizable chunk of cops were overly sadistic bullies in high school. The meting of violence is a drug to them. In HS, there are, for the most part, no legal consequences for bullying. After HS, becoming a cop is the only avenue for bullying with impunity.",0,0,age,age,False
14397,Every girl who bullied me in high school and middle school is either becoming a nurse or a physical therapist lmao,0,0,age,age,False
14407,you look like the girls who bullied me in high school,0,0,age,age,False
14422,"if you guys see me slacking when school starts next month, plz bully me or beat me up. i cant ruin my second chance.",0,0,age,age,False
14436,"(1) Bruh, honestly, there needs to be a game that is fit for BOTH boys and girls, but this is like a boy game. I know, I know, girls play it too, but they get bullied for playing a shooting game, in my opinion, I thought there was 5 winners? Royale high, adopt me, and bloxburg",0,0,age,age,False
14437,Nothing like finding out the girl that bullied you in high school wasn't mean to just you and that she is also extremely racist and ignorant,0,0,age,age,False
14443,"Do you really think this was a good use of government time. You all sit there with smug, self satisfied grins on your faces like a bunch of middle school bullies berating the opposition.",0,0,age,age,False
14452,"Why does she look like the girls that bullied me in high school then developed an alcohol and coke problem freshman year of college, dropped out, and started selling shampoo",0,0,age,age,False
14455,Just two weeks ago you said NO to schools reopening. Now you've let Trump bully you. Shame on you. Shame on you.,0,0,age,age,False
14457,"I grew up believing I was the most beautiful girl alive, even though I was bullied for my skin color back in high school, some kids even believed I was foreign but look at me today https://twitter.com/ningiza_sive/status/1220068426674253824",0,0,age,age,False
14463,me pretending to beat up the high school bullies. savior.,0,0,age,age,False
14465,not to be the type of bitch who complains about this but the pop bitches who say theyre into alt are literally the same people who would bully the 'weird' kid and call them a school shooter for listening to metal lmao,0,0,age,age,False
14470,"I didn't really get bullied in high school but middle school I was bullied a lot. My lunch table would always just be me and my two friends, and a couple times a couple girls sat at our table but it was only to make fun of us.",0,0,age,age,False
14471,this is the type of guy to bully someone in school because he has an android,0,0,age,age,False
14474,"uh thoughts about my bullying so beware. as recent as two days ago, I still have nightmares about my elementary school bullies so no, I'll never forgive them just because they were kids, I was one too fucker",0,0,age,age,False
14475,I remember Michael Ibrahim when I taught at Merrylands Public School ... he was a nasty thug &amp; a bully even then &amp; he had a horrible sister called Fifi who was just as bad ... the whole family deserves to be locked up,0,0,age,age,False
14479,I lOoOoOooOove when guys that used to bully me in high school message me how hot I am &amp; that’d they’d love to get to know me better sir fuck you,0,0,age,age,False
14486,The girl that bullied me in high school just tweeted “I can’t imagine being mean like imagine carrying that anger around”,0,0,age,age,False
14491,Trump isn't a bully or a dictator. He's a punk with little hands. Trump is the dude in school who had to get that last racist word when you had already squashed it. Now you gotta beat the brakes off him. Stop using powerful words to describe a weakling.,0,0,age,age,False
14492,“i didn’t forget when y’all used to bully me in high school” .... a real caption to a selfie from a girl who was NOT bullied from my high school,0,0,age,age,False
14493,"They should not be freed. A school shooter is a school shooter. They got bullied and killed people for it. A bully is a bully, a killer is a killer. Alec McKinney is a murderer and should be treated as such.",0,0,age,age,False
14495,"If my kids don't get bullied at school, Imma have to bully them myself",0,0,age,age,False
14496,"I got bullied by white and black girls because I was “too white” for some of the black girls in high school and “too black” to be able to fit in with the white girls, so I was never “cool” or anything, ha. I totally get it",0,0,age,age,False
14497,I am watching a Dolan Twin video and they are telling us how they struggled in childhood and how parents would not include then in stuff. It's just so rude and how their sister and they get bullied in school and how boys will like fiscally bully cameron. It's just hurts my,0,0,age,age,False
14500,And then we threw an absolute rager of a party but some high school bullies showed up and I fought about 20 people at once like I was motherfucking captain America,0,0,age,age,False
14501,this just proves my theory that every nurse is just the girls that bullied you in high school,0,0,age,age,False
14506,I really let y’all bitches in middle school bully me for liking One Direction... should’ve beat y’all ass,0,0,age,age,False
14507,"Today it seems the two purposes of the USMLE are to bully USMDs into “accepting” that they “deserve” or have “no other choice” but to effectively be deployed to rural programs in fields they dont want. Only a test regimen could do this, because legacy schools would find a way out",0,0,age,age,False
14509,do you think if we bully 2020 enough it will have to move schools,0,0,age,age,False
14518,pretty sure this girl bullied me in high school,0,0,age,age,False
14524,"The sort of injustice @scottishautism raised with the help of @Fionasstalker lights a fire in me. Now, for my own well-being I am pouring a glass of wine and watching the sparrows in the garden school the bully boy crows in how to empty the feeder. Have a safe and happy weekend",0,0,age,age,False
14528,im gonna end up marrying the girl from your high school that was bullied for being in the campus christian club,0,0,age,age,False
14535,"I was bullied horribly in EYC (thanks, mean girls!) but loved serving as an acolyte and led our acolyte guild as a high school senior. Being an acolyte was a way to participate deeply without negotiating horrible social situations.",0,0,age,age,False
14536,I was bullied in High School. Only for a short time by a Boy. Puberty Sucks. But back in my Day it was different. It's strange as we are Good Mates now &amp; at our 10yr School reunion in 2001 in front of his Wife he apologised again. Now he's a Father of 2 Teenage Girls.,0,0,age,age,False
14539,In elementary school circa 1999 there was a red head kid in my class named Rusty who was the school bully. It was very after school special apropo,0,0,age,age,False
14541,Peggy you're so sweet!! And this lil girl is beautiful..I was bullied all thru grade school and high school cuz I was chubby and poor...but I'm mad at myself cuz I let them bullies win..I quit school in the 10th grade cuz I couldn't take it anymore. Never graduated,0,0,age,age,False
14544,"hmmmmm say hello from me . Lmao of course message me! Don’t let him bully you! I will never stop speaking out about the bullies at stage schools &amp; the ways of teaching there. Not all teachers are like that, &amp; you can learn so much from training so keep going!",0,0,age,age,False
14545,It's exactly that. The playground mentality of school bullies. I often wonder what it is about Doctor Who that actually appeals to them.,0,0,age,age,False
14548,"That's RIGHT! I hated school because I was a wimp &amp; got beat up a lot. But, I did learn what the rest of Society was going to be like! Bullies didn't change after school, they were empowered more so! Knowledge was cutting edge &amp; 2 face my fears, paychecks were better than theirs!",0,0,age,age,False
14552,"The Final Girl with her boyfriend, before it's revealed that she's the killer, because he bullied her in high school and doesn't even recognise her.",0,0,age,age,False
14559,they bully me at school but it doesnt bother me since i know what clips they fake,0,0,age,age,False
14568,I think its really funny that all of the girls who bullied me in high school got fat after karma is a bitch,0,0,age,age,False
14570,As a boy I used to get bullied by females get to high school come to find out they liked liked me but teach your son if you tell them stop more than 2 times boy or girl and they don't beat they ass,0,0,age,age,False
14573,but uh i can assume being a girl and being idk maybe like 6’1-6’3 is not easy to deal with because they probably have gotten bullied ESPECIALLY in middle school and high school. in middle school everyone gets bullied for literally anything about you that’s different.,0,0,age,age,False
14576,"If my own are still children, then they must need to go back to infant school and need to grow up Just like the bullies in my life I have met from many areas. Money means fuckall now, and if so it will mean fuckall soon",0,0,age,age,False
14578,Could not have been said any better. Home schooling charter schooling parochial schools you don’t have the disruptions and the bullies you can learn in a great environment unlike the public schools for the teachers in ministration or’s to squat to protect the children,0,0,age,age,False
14586,"A lot of what kids, especially younger kids, learn in school is not about what's in the books but about how to pay attention in the classroom, how to make friends, how to not be a bully, how to deal with bullies, etc. My 6 year-old needs to be around other kids his age.",0,0,age,age,False
14593,It will never happen. He's like a carnival barker: fast-talking out & out lies with the belief he can say them fast enough where won't have time to ck & therefore believe him. Ohio should be ashamed. He's like that bully in high school.,0,0,age,age,False
14594,What I have observed in my own family is akin to all the little kids who follow the bully around the school yard and cheer him on when he picks on the nerd. My family is delighted when Trump slams people verbally. They love the nastiness of his treatment of our,0,0,age,age,False
14600,"I actually got a “friend” request from this AWFUL and TOUGH girl who bullied the out of me in Jr. High and High School.... I mean, wtf? Is she wanting to make the REST OF MY LIFE miserable?",0,0,age,age,False
14601,"When Nimbe, a pliant child who would rather walk away than stand up to a school bully, was forced into a fight with his bully by his gambler-father, his life takes a spiral he never recovered from. #NIMBE",0,0,age,age,False
14611,Through all of my elementary school years I would beat up bullies when they'd pick on someone. Even as a kid that type of behavior caused a violent reaction in me. I was kicked out of 4 schools because of it. I never spoke. I just started swinging. I hated bullies that much.,0,0,age,age,False
14615,"Middle school, was so boring and nu everyone seemed to be a bully",0,0,age,age,False
14623,"@SenateGOP NO MAIL IN VOTING! GET THE KIDS BACK TO SCHOOL, GIVE THEM SCHOOL CHOICE, MONEY SHOULD FOLLOW THE CHILD! and last- SPEAK UP FOR US!! QUIT LETTING LOUD MOUTH DEMOCRATS BULLY YOU! WE ARE OUT HERE TRYING TO CHEER YOU ON, BUT WE NEED TO SEE YOU STAND UP AND SPEAK OUT",0,0,age,age,False
14631,You can tell who were the bullies in school and who weren’t. They don’t change in adult life. They just bully other adults.,0,0,age,age,False
14632,"Tell governors to shut things down and encourage them to tell people to wear masks, if not a mandate, not bully them into opening schools, rehire the pandemic team, fire Jared, follow the pandemic playbook that Obama left him",0,0,age,age,False
14633,I replied to a tweet about girls having stereotypes saying I got bullied in high school for not wearing makeup and people are saying I'm bullshitting. Nah fam at my high school if you didnt wear makeup you were considered ugly no matter what unless you were popular,0,0,age,age,False
14634,When i used to see bullying going on at school. I would go bully the bully. Lol im still like that.,0,0,age,age,False
14640,I still wonder if my elementary/middle school bullies know how much trauma and misery they caused me on a daily basis lol hey guys how we doin,0,0,age,age,False
14650,"LOL! I’m thinking that to truly identify with Napoleon, you had to experience some bullying in school—and NOBODY was stupid enough to bully Petey at school!",0,0,age,age,False
14653,/ YOU COMPARED A BASICALLY A HIGH SCHOOL BULLY TO A MURDERER Please tell me I read this wrong because let me tell you how incredibly fucked up that is. Draco never killed anyone. His worst crime? Being forced to be apart of a cult where he didn’t have a fucking choice,0,0,age,age,False
14658,this is what horse girls who were never bullied in high school look like when they reach adulthood,0,0,age,age,False
14660,"This. At school P.E. was just a stomping ground for all the bullies to play football and just be fucking gross. Why would anyone who isn't a neanderthal be interested in that? My favourite exercise is walking, thats far more rewarding than extreme dodgeball.",0,0,age,age,False
14663,bruh- all those posts about girls who were mean to you in high school trying to slide into your dms after the fact to get you to buy into whatever they’re doing... i thought this didn’t actually happen until i received one from a girl who bullied me,0,0,age,age,False
14666,"The US is the bully but also the guy in the back that becomes the school shooter, and is also the creepy Gym teacher that lives in an RV",0,0,age,age,False
14673,When the girls who bullied me in middle/high school for liking girls post some shit about “support LGBTQ+”... where was this support when you were bullying me into suicidal ideation? Where tf is my apology?,0,0,age,age,False
14674,"Never let them see you Sw... oh hell, you’re way past that now, sweating all over TV like a cowardly school yard bully about to get pommeled into obscurity. Even your @FoxNews rats are jumping ship now #CadetBoneSpurs",0,0,age,age,False
14676,"white girls are like “i was severely bullied in high school for dressing too cool. most girls wore lululemon leggings and sweatshirts, but me? i wore doc martens and high waisted jeans. people made fun of me, but i wasn’t gonna not be who i was.”",0,0,age,age,False
14681,I miss having a president who didn't act like an elementary school bully by coming up with 'clever' names for anyone he doesn't like.,0,0,age,age,False
14685,"And taxes are a requirement. We already had socialism in place with the public police, medical, and school programs. And social security. Sorry. We already have Democratic socialism in two of those ares. Cops aren’t. F the mean the bullies. They have the money, but not the want.",0,0,age,age,False
14690,Being bullied for getting a sprite at 1am by a 16 year old girl: high school really does go forever,0,0,age,age,False
14693,Ask em if they have Instagram. So yeah never be Rude to your friends. Be happy and stay positive please. Anyway. I'm not gonna go further on this anymore. Irl friends are grown ass man. Their too old to bully people. You're in college not grammar school idiot.,0,0,age,age,False
14695,I got sent to the principal’s office in elementary school for fighting. Context matters—I more accurately got in the middle of a fight trying to stop a school bully from picking on another student.,0,0,age,age,False
14697,"What do you expect from Billy Barr (and brothers) notorious High School bullies. This is a replay of the movie My Bodyguard, with Barr shoving democrats into lockers, and swirlies in the Hill bathrooms. He was an ass back then, and remains one to this day.",0,0,age,age,False
14700,I am really accepting of people's religions despite being agnostic but Twitter Tradcaths make me wanna bully them like I used to back in middle school,0,0,age,age,False
14709,"Imagine basing your fashion choices on what everyone else BEEN wearing and still thinking you're unique? And furthermore, claiming Christianity yet telling a girl in your mentions that she deserved to be bullied in high school? whew. the delusions.",0,0,age,age,False
14712,"We don't ever do this one together because it's such a grind, so the scores were years old. But the old 2nd place was a girl who bullied me in high school (she quit years ago, but the score remained). Been wanting to knock her off for awhile now! This dish is ice cold.",0,0,age,age,False
14718,Do not bully school districts into opening. People will die. Stop following trump. Be your own man. Do what is right.,0,0,age,age,False
14720,"A Silent Voice -- A high school boy who bullied a deaf girl in elementary school struggles with guilt and loneliness when bullied himself. A beautiful, powerful story of suffering, healing, things said, and things left unsaid. A stunning film.",0,0,age,age,False
14721,If a girl dressed like that at my high school I would have bullied her idk,0,0,age,age,False
14723,Whoever wrote this was 100% the bully in their middle school,0,0,age,age,False
14727,"Bruh what the f*ck did he do say oop on one of Addison posts along with the other 5 thousand simps in the comment section, and you sound like a god damn high school movie bully Just saying",0,0,age,age,False
14729,"i wonder if this hot blonde girl i went to college with who once tearfully told me “i started wearing doc martens before they were cool and people at my high school bullied me for it,” has recovered from her trauma.",0,0,age,age,False
14737,Bullies are just very insecure about themself and want to make other miserable ive had my share of being bullied all in high school,0,0,age,age,False
14738,this is not starfire this is the annoying white girl with braces who bullied you in high school,0,0,age,age,False
14744,"When we were freshmen in high school, she bullied me. For months, she tormented me. Followed me from class to class (we shared a lot of the same classes) and threatened to kick my ass. Sara even gathered several girls to jump me one day.",0,0,age,age,False
14755,did i miss something or is twitter suddenly full of people role playing as that 1 kid from school who thought he was the big bully?,0,0,age,age,False
14761,"Yup, a lie. Also why does his lawyer bully the Wharton school of business to not release his transcripts?",0,0,age,age,False
14767,"Yeah bc I’m hot, am getting my degrees, am kind, doing big things and am working my passion. I was treated like trash in high school and I’m thrilled to show my bullies wtf is up. Sounds spiteful but the come up is real. Also am excited to see the people I do actually like too.",0,0,age,age,False
14771,"-However, the bullies didn’t get the hint. They ruthlessly tortured him in and out of school. Izuku wasted no time, sprinting as fast as his little legs could carry him. He could hear the bullies running after him, feet pounding on the pavement, getting closer and closer with-",0,0,age,age,False
14781,"In all my years of grade school I’ve only had one white kid “try” to bully me, and it was also the last time anyone ever tried it Lmaoo I beat the dog shit outta jit",0,0,age,age,False
14792,Girls who dress like this bullied me in middle school and high school,0,0,age,age,False
14793,"Well I haven’t started my first day of work yet, but from my previous job, their names were Cierra and Cody. Cierra bullied me tremendously and I felt like I was in High School again. Cody sexually assaulted a girl I worked with and I don’t stand for that. So fuck my old job.",0,0,age,age,False
14799,She's pure high school mean girl isn't she? I wonder if she bullied her Jewish fellow students back then too?,0,0,age,age,False
14813,all the girls who bullied me in high school are pregnant,0,0,age,age,False
14816,you offend one high school bully and here come all her friends... pack it up dance team,0,0,age,age,False
14818,i do with school :/ they'll bully me tho if I'd stream,0,0,age,age,False
14819,"This speech ought to be shown in schools as a teaching tool of how strong, smart people respond to bullies and calls out the “unapology”!- applicable beyond gender issues. Remarkable.",0,0,age,age,False
14821,Yes I was bullied by my own kind too all through middle school and high school and it was all black girls and they were all mean and mean Is ugly. I get you 1000 percent,0,0,age,age,False
14822,Every nurse was the girl who bullied you in high school except for Ann Perkins,0,0,age,age,False
14829,Never nothing important so say except immature school bullies comments. I wouldn't expect anything less from the left,0,0,age,age,False
14830,"some of y’all get on twitter to live out your fantasy of being a mean girl in high school because you were bullied, can’t relate",0,0,age,age,False
14831,"Democrats’ refusal to allow William Barr time to respond to their accusations during the House Judiciary Committee's oversight hearing made the former high school bully seem picked on himself, writes @GlobeScotLehigh.",0,0,age,age,False
14834,I remember when I was in high school this younger girl told her parents that I bullied her and they told me to never speak to her again. I had never spoke a work to this girl in my life. I was so shocked. I literally didn’t even know her name until that happened.,0,0,age,age,False
14835,Not @how he looks like the type to bully minorities in high school,0,0,age,age,False
14841,"It's just ""white"" noise tapper. Youre exactly right. Donald J Trump is the very same bully we had in high school and all you have to do to see just how chickenshit he is, is challenge his so called authority to his face loudly and with very focused conviction. They fold everytime",0,0,age,age,False
14848,Are taking the piss???..just go and retire...look after your billions of $dollars.. you really think that seriously poor people who helped to make America..give a shit about you..grow up your a bully in a school yard..money doesn't get respect..its about genuine people,0,0,age,age,False
14849,"When you open a tweet with name calling it's hard to take you serious. Why can't you act professional? Can you at least try? No, you are not capable. You sound like a high school bully.",0,0,age,age,False
14854,Totally agree. I am not a fan of nasty bully acts. We have enough of this in nz schools and communities let alone a leader of a political party. Along with a high rate of suicide its sad this is the way she wants to conduct herself.,0,0,age,age,False
14861,give me this @don’t listen to ben he’s a bully and a mean person he juuls in the bathroom of his homeschool,0,4,age,other_cyberbullying,True
14866,I been bullied all my life and I swear been bullied more times by other SWers by than I was growing up. Some girls make it seem like they never actually grew out of high school I guess? I will never get that low. I will rise above and become stronger then what bullies say to me.,0,0,age,age,False
14870,No Cap.. I thank god I found a new place to go to high school. My girl not even 50% African American and y’all racially bullied her out in a year. Wildin,0,0,age,age,False
14872,have never understood girls or women like this. I was bullied so much in middle school &amp; even high school. by high school I just didn’t care anymore. but girls like this are miserable &amp; hate themselves so they have to bring down others who don’t. It’s gross. Parents- do better,0,0,age,age,False
14879,"@all the girls who bullied me in high school, how is nursing school?",0,0,age,age,False
14880,Why did u have a press conference in the middle of the interrogation “hearings” of AG Barr???? It was to take the spot lite off how bad the Democrats were carrying on like middle school bullies looking like complete idiots!!! This is why congress has a17% public approval rating,0,0,age,age,False
14882,I wonder if the girl in high school that bullied me is still jealous of me to this day,0,0,age,age,False
14884,Lolololololol when a girl bullied you in high school now she asking you for advice....... I love to see it.,0,0,age,age,False
14886,"Don't forget about Shin Megami Tensei If, AKA Why you shouldn't bully people at school.",0,0,age,age,False
14898,"honestly thank god I didn’t go to high school before 2012 I would ABSOLUTELY NOT have survived getting bullied by a girl in low cut jeans, a razr, and glitter lipgloss you know what I mean",0,0,age,age,False
14902,"Every time I see a high school girls basketball player I feel like I'm about to be bullied, despite being 23 years old and out of high school for 5 years",0,0,age,age,False
14903,"Dragapult, cause then I would be able to fly right out of school, and it would be great protection against bullies",0,0,age,age,False
14908,"When I was in high school this girl who I never spoke to/was older than me tweeted ""Grammys are on.. Lyndsay Reyes is about to be so annoying."" So unfollow me now if you don't like live tweeting during awards shows. I don't want to be cyber bullied again",0,0,age,age,False
14909,"> that’s why there’s the NTR when your school bully bangs your mom. What the fuck?! At this point I’m legit getting worried for these people, who hurt them",0,0,age,age,False
14914,she looks like my high school bully,0,0,age,age,False
14918,"Oh- Did you know schools in China are cruel? Everybody there wants you to fit in and if you are oversize the students AND teachers bully you, and the punishments there are really bad.",0,0,age,age,False
14919,every single day of high school a girl bullied me for being “trailer trash” and now she’s building a tiny home.,0,0,age,age,False
14932,"Whenever we watch American high school movies where the cute simple girl is bullied by the fashionistas and feel bad for her, we should think of these talented outsiders who face and suffer similar bullying from these zero talent “insiders”.",0,0,age,age,False
14933,"I bullied so many girls back middle school and high school as soon as I became a mom I reached out to most of them to apologize for the immature and stupid things I did, most of them forgave me. I’m glad I’ve grown from who I used to be!",0,0,age,age,False
14937,"That’s the rating system they use. I don’t think they can use “F*ing lier” as a system, and yes our currently political system is grade school complete with bullies and name calling. This is absolutely on both sides of the isle.",0,0,age,age,False
14939,The girls that bullied me in high school are all girl moms now and that is terrifying to think about,0,0,age,age,False
14945,this bitch really said to me dont you just love hugging football players at tbe end of tbe games girl our high school experience is very diffrent they all bullied me in middle school,0,0,age,age,False
14952,My high-school best friend was super close with the girl who constantly bullied me and made my life a living hell literally one of the reasons why I quit school. -.,0,0,age,age,False
14953,This girl I went to high school who slut shamed me often and told me I was just a dumb pretty girl just slid in my dms about the blog I wrote for my job to tell me that I’m so smart and she’s proud she was my friend please bitch no we weren’t friends you bullied me lowkey,0,0,age,age,False
14964,i’m sorry you go to school with bullies wtf :( if its the pet names then i can make one customized for you that’s more discreet if u want :( that sucks,0,0,age,age,False
14967,"I hit a nail-ladden wood into the head of a dude who was obviously our class bully, puncturing his head then took to my heels. My mum being a school staff saved me. Up until this day, I can't explain that dastard act.",0,0,age,age,False
14974,some of y’all must’ve been bullies in high school dkslsksm i can see it,0,0,age,age,False
14981,To have led the body that does not possess any real power but that can use the bully pulpit to influence change and to have done little to nothing for the integration you claim is so important to you is disqualifying 4/4,0,0,age,age,False
14984,Twitter less friend: wouldn't it be funny if the girl that bullied you in middle school and high school for liking Star Wars is in the same theater as you tonight Me:,0,0,age,age,False
14990,"Bill Barr Was a Sick and Sadistic Kid Who Was A Fascist ""High School Tormentor"" and Bully, Classmate Recalls to BuzzFlash - Big Surprise!",0,0,age,age,False
14996,Was not a bully (got bullied) but I definitely did my student teaching with some girls who I could just tell were mean girls in high school :(,0,0,age,age,False
14998,"yep!! since we were children all the way up to high school. i remember the day after trump won, a girl refused to stand for the pledge and a teacher got pissed and sent her to the office. LIKE YALL GET SO HEATED OVER THE PLEDGDE BUT WHEN A KID GETS BULLIED YOU DO NOTHING LMAO",0,0,age,age,False
15004,"Saw a girl who bullied me hard in high school the other day, she wouldn’t even make eye contact with me. Like id be scared to look to, I might’ve been afraid to stand up for myself then but not today satan",0,0,age,age,False
15013,Oh yeah I couldn’t say I liked it when I was in high school or I’d get bullied. I wasn’t a full fan girl for them until I went to college,0,0,age,age,False
15017,i'm actually struggling to rationalize to myself why taylor swift fans are like this. they're the nurses of the music community - the high school bullies who cannot handle a modicum of criticism themselves,0,0,age,age,False
15023,Why is everyone so pissed about the tall girl getting bullied movie on Netflix? It’s a story. Kids get made fun of. For everything. Not every story about high school has so touch on deep seeded systemic issues. It’s not a missed opportunity it’s a teen movie.,0,0,age,age,False
15028,Annual reunion of elementary school bullies.,0,0,age,age,False
15029,When.....the boy from middle school who used to bully constantly liking your instagram post,0,0,age,age,False
15034,"Trump is a bully and a coward. It reminds me of some jr. high girls who bullied me. They’d say stuff loud enough for me to hear, but never to my face.",0,0,age,age,False
15040,"“To every girl who bullied me in high school, congrats on your ugly baby” lmao",0,0,age,age,False
15043,a girl who used to bully me in high school made a status about getting bullied in school on fb and i want to scream,0,0,age,age,False
15045,"Their actions remind me of bullies in secondary school. where you have to act a certain way, follow the leaders every directive or find yourself ostracised. people are different and its okay. let us save the consequences of action to people who truly deserve and hurt others",0,0,age,age,False
15046,"Because, well, he is actually pretty stupid. Low intelligence, like the bully at school that takes your lunch money and fries ants with a magnifying glass. Terrifying to have an individual like this running our country!",0,0,age,age,False
15049,"Look. I'm not like the other girls. I'm into real anime, not just the popular stuff like BNHA and FMA. ""But did you get bullied in high school for writing m/m fanfiction?""",0,0,age,age,False
15055,My school bullies don't even remember bullying me,0,0,age,age,False
15056,i hate ppl from high school y’all used to bully me and now that i’m ~hot~ it’s “omg i love your makeup where did you get your rings do you wanna go out sometime?????” FUCK OFF,0,0,age,age,False
15062,everybody at my high school was cyber bullied on this app i kid you not. the week where everybody discovered it turned the entire school into that scene from mean girls where the burn book was released. a mess. A HOT MESS.,0,0,age,age,False
15063,"the only good thing to come out of going back to school is talking to my brother ab the annoying people, example: band kids, popular kids, bullies, and hannah",0,0,age,age,False
15064,"Instead of just reading, writing and arithmetic. Plus, I will beat the shit out of any child who bullies my child, AND their parents. Be banned from the school. The fuckery only kicks up further in middle school. Best to avoid it.",0,0,age,age,False
15066,"THIS is why I can’t make friends at college. EVERY girl in my nursing program is a bitch who bullied kids in high school, while I’m the bitch who got bullied. so I’m a loser who no one wants to be friends with",0,0,age,age,False
15072,"ironic that a girl who bullied me in high school has “its nice to be nice” in her insta bio..... girl how would u know , ur not nice at all......",0,0,age,age,False
15076,"anthony went to my elementary/middle school, i remember him being such a nasty bully/creep and never felt good about him. once he graduated and was in highschool he always came back to visit his old MIDDLE SCHOOL. none of this is surprising TA: SA - - - - - - - - - - - -",0,0,age,age,False
15086,you’re telling me that snape bullied neville so much that he was neville’s biggest fear and im still supposed to think snape is a hero just cause he was obsessed with a girl who rejected him in high school?!,0,0,age,age,False
15087,"If there is a stage in my life na ayoko na maulit, it's my high school life. I was short and I had a very bad fashion sense. I was also bullied by the alphas from the lower sections- but the girls from my class stood up for me. They defended me from bullies.",0,0,age,age,False
15089,Yes!!! I've never been naturally gifted in sports so I loathed the competitive nature of it all. Coupled with the fact that most of the gym teachers I had were obviously bullies in high school and I would have rather been anywhere else at the time. But I genuinely enjoy the gym!,0,0,age,age,False
15092,cant stop thinking about the wedding vows of the girl who bullied you in high school tiktok,0,0,age,age,False
15097,totally get this actually very good for me to read another side of it I am terrified for next year my baby starts as boy at high school I worry they will be picked on bullied I did screw up &amp; try change her mind taking them clothes shopping knowing she’d go 4 girls clothing,0,0,age,age,False
15104,i always feel like it’s an exaggeration when people say kids will find literally any reason to bully you but then i remember the time in middle school when i got made fun of for saying i enjoy plain white rice with a little bit of cilantro,0,0,age,age,False
15105,"Not high school as I'm in the uk, but hes a builder, he aspired to be a footballer and that didn't work out. And the girl that bullied me is a nurse I believe.",0,0,age,age,False
15107,can you believe the girl that bullied abt my looks n sexuality in high school IS NOW GAY ??? MAKE IT MAKE SENSE,0,0,age,age,False
15110,".@Ashton5SOS i've been thinking a little while early morning, and i can see my school bullies will be taken care of. yours too. we just got to be well-intentioned and be good :) &lt;3",0,0,age,age,False
15116,I really can’t believe there were/are people adamant that Khune is being bullied and people were not being genuine in their outrage about a man in his 30’s dating a high school girl. I’ve seen it all.,0,0,age,age,False
15118,It’s like how the girls who bullied me in high school are now counselors.,0,0,age,age,False
15129,"A lifelong Eagles fan I appreciate the analogy, but I dont see Trump getting the last minute win on this, he's failing too badly, now, like his trying to bully schools into reopening, he's too addicted to center stage, he could use surrogates for this (R) Senators but Trump can't",0,0,age,age,False
15130,The girls who bullied me and made my life hell in high school all the sudden think I’m cool enough to follow me on Instagram. Like okay but honestly why am I even still relevant to you? That’s my real question.,0,0,age,age,False
15131,"Cue him lifting the cigarette over his head. Yeah- Taro is a tall boi. This would just look like some sort of middle school bully. ""Aww~ you really do care about me. I knew you liked me all along!""",0,0,age,age,False
15135,"I'm about 5'8 and got a lot of the same by this one dude on the wrestling team in high school. He'd always bully me because I was in the GSA and love prowrestling; one day he tore out a handful of my hair. I turned, locked his head and knee'd him in the face. He stopped bullying",0,0,age,age,False
15136,By the transitive property of social math being seen next to a hot girl with principles means you were never bullied in high school and you definitely don’t care about your ex,0,0,age,age,False
15138,i deleted my dating apps because i just keep meeting girls that would have bullied me in high school and that’s unfortunately already my type in men &amp; i realized that means i need therapy,0,0,age,age,False
15147,Also I'm super happy bc the girl that bullied me in high school didn't show up for her appointment I was so worried about it too so thank god,0,0,age,age,False
15151,"Lots if things. I sounded like a girl (voice) until I was 16. I was chubby in middle school early high school. I got bullied for not having a dad (died) Expressing myself, openly without care of consequence. Being poor. Being a late bloomer for puberty. It's an endless list",0,0,age,age,False
15153,"I went to an all girls school and was bullied every day for being different. This was the only picture I took at my high school graduation. After the ceremony, I walked out of St Patrick’s cathedral flipping everyone off. This moment has always stuck with me.",0,0,age,age,False
15156,Wish my high school bullies had twitter so I could @them and call them cunts,0,0,age,age,False
15159,Do y’all think it’s a psychological problem that I’m attracted to girls who look like they would have bullied me in high school?,0,0,age,age,False
15179,"Man it must be boring being one of the “popular girls” in high school that bullied everyone, 6 years on and they still all look the same as one another",0,0,age,age,False
15181,Yes! That one. A girl who got bullied at her high school and she had a twin sister. Hahaha.,0,0,age,age,False
15182,"To give me some background, he told me that he had grown up in the violent streets of Belfast. His first stabbing was when he was 7 yrs old. The school bully had demanded the he had for his lunch. He said no. The older boy took out a long knife &amp; asked for the a second time",0,0,age,age,False
15183,I stole my PSP from the school bully years ago let's hope it's not going to explode,0,0,age,age,False
15194,"I was just going to comment the same thing. When I learned a girl was being bullied in high school, we took her under our wings. I told the other girls what was really going on. And the bullies were shunned. Never stood for bullying; my folks who didn't tolerate that or prejudice",0,0,age,age,False
15198,this girl bullied me so bad in high school i had to be moved to completely different classes so i wasn’t in any lessons with her. Tea,0,0,age,age,False
15202,My bully from Primary school just followed me,0,0,age,age,False
15206,you attack ONE girl that was a bully in high school and here come all her friends! pack it in slug and lettuce customer base,0,0,age,age,False
15207,"Hey, the jerk that in Our House, what church do you worship at? Practice what you preach. And if you wants school to open, let's do it by example. So when is Barron and your grandchildren going to school. #DISGRACE BULLY.",0,0,age,age,False
15208,a girl I went to high school with who bullied other girls was in line at the airport with me. she then proceeded to cut me in line. I guess things never change lmaoooo,0,0,age,age,False
15210,"The gf of a dude who bullied me in high school (but who likes my selfies on insta &amp; messaged me ""looking good girl"" once years ago) just messaged me to ask whether he's hit on me recently, and he's extremely lucky I'm a good person because I really coulda done something with that",0,0,age,age,False
15211,"These were the girls i was friends with all throughout middle school and high school, they are the sweetest people like no one else and always treat everyone with kindness yet are constantly being bullied.",0,0,age,age,False
15213,that doesn’t look like a girl that got bullied and ate in the bathrooms in high school. she is a bullshit liar and she even claimed that she didn’t start the alayah drama but SHE DID,0,0,age,age,False
15214,I love middle school bullies now,0,0,age,age,False
15219,"To all the girls in high school who bullied and laughed at me for being bisexual and later turned out to also like girls, I hope you’re having the worst time in quarantine.",0,0,age,age,False
15223,"WHO IS BULLYING HER?! I just wanna talk.. I used to be bullied through freakin’ high school for my red hair, accompanying inappropriate comments too. She’s such a beautiful girl and she’s so unique. Take pride in that",0,0,age,age,False
15224,"I like Putting kindness, first 4 everyone that's just me. NO more school shooting! Transgender and other kids need support to make their life worth living. Bullies suck and everyone should step in to stop it not film it. it's always e/z to say a kind word. #MAGA2020",0,0,age,age,False
15227,When columbine high school shooting happen those two kids got teased and bullied! One of them have a form of autism. I have a book about it by shooter mother ( the author) even on the interview one girl was crying and saying “ I know them they got bullied a lot “,0,0,age,age,False
15234,i was thinking about the people that used to bully me at school because of my hair n stuff but then my 6 year old cousin told me “you’re beautiful” with a smile &amp; i looked at her n smiled too. it’s like she knew what i was thinking of.,0,0,age,age,False
15236,// Realize I havent updated in awhile.. He's healing alot better.. still self conscious and doesnt want to go to school- afraid of bullies in his class making fun of him.,0,0,age,age,False
15238,"Well, it's fucking horrible and I think I'm dying but ya know, still here",0,4,age,other_cyberbullying,True
15248,i see i see! i am very fucking horrible at math so unironically thank u sm !!! i think this will help me in school aaa!!!!! /Srs,0,0,age,age,False
15252,I WOULD IF THEY WERENT ALL CLOSED I TRIED MY HARDEST ON THIS COSPLAY AND YOU ARE BEING A HIGH SCHOOL BULLY,0,0,age,age,False
15257,"You first, Vanny. Send YOUR kids on the bus to public school every day. #TrumpVirusCatastrophe",0,0,age,age,False
15260,remember when my high school's top boy bullied a girl into changing schools because she refused to have sex with him on new years,0,0,age,age,False
15264,"As a clutzy kid with depth perception & hand-eye coordination issues who was also unpopular, PE was torture for most of school. I had teachers who thought if you couldn't get good at any given sport you just weren't trying hard enough and had to be mostly naked around my bullies.",0,0,age,age,False
15268,seeing girls who bullied you in high school get pregnant is something scary,0,0,age,age,False
15269,"You were bullied? If so, I’m sorry that happened to you. It happened to me too in middle school then all of a sudden that thing that happens to girls happens. I made sure in high school to befriend everyone and didn’t care what people said about it.",0,0,age,age,False
15272,Oh the one I meant wasn’t a bully he was some guy I knew. My bully I thankfully know nothing about beyond middle school. He’s why I hate kyles tho lmao,0,0,age,age,False
15274,"I loved school, and yes, I had my share of bullying. But in those days, if you got sick of being bullied, you could pound those bullies to a pulp without worry of sanctions.",0,0,age,age,False
15276,Yeah I have been bullied because of my hair. They claimed it wasn’t all mine when indeed it was. I’ve been excluded by these group of black girls in high school (I went to a private school so mostly yte) but we eventually became friends. A lot of light skins have my story,0,0,age,age,False
15279,I will never forget that day you assisted me while some bullies threw my books on the floor while I was walking to the bus at Bowie High School. It’s probably a long/ forgotten memory but I will be forever grateful.,0,0,age,age,False
15284,"Can’t afford to just travel to protest, but my heart bleeds for every one of the folks out there carrying the standard of fairness and equality! Didn’t see a black kid in school till 9th grade in ‘91 &amp; that sucked cause he was a bully. Can’t blame him, must have been tough.",0,0,age,age,False
15292,no there are high school bullies that pretend to be mean and then there’s flo milli,0,0,age,age,False
15293,Same. Last year there was a new story of a girl being bullied at Livingstone High with the same surname. All I wondered was why the bullies didn't recognize the name and leave her tf alone.,0,0,age,age,False
15295,"Hm well I was bullied for being fat, being Honduran, being emo in middle school lmao, the girls bullied me for being an oblivious tomboy lol. Stood up for myself in high school finally, but it still hurts me and my self image u-u",0,0,age,age,False
15308,"This has me Irrationally shaking. I was bullied throughout high school by people like this, except I was taught if someone lays their paws on you, make sure its the first and last time they ever do so. This little girl playing at being tough is about to learn she ain't shit.",0,0,age,age,False
15318,"I am too nice if anything. I stand up for myself. Every day feels like being back at high school! I’m not gonna be bullied into being the shy girl again. Ugh. Pissed that people in the industry would ‘boycott’ me bcos they ‘heard’ rumours. Every1 that knows me, knows the truth",0,0,age,age,False
15323,She's attention seeking - equivalent to a school yard bully who can't take it when the tables are turned.,0,0,age,age,False
15334,"This was so unnecessary. Dineo said she was bullied by girls in high school, guess she ended being the same girls who were bullying her.",0,0,age,age,False
15339,I’ve been bullied my whole life for being skinny. I’m a little chubby now &amp; I will still always hear “you’re too skinny” “you need to eat something” in the back of my head. I even heard some guys over talking in high school saying they wouldn’t date this girl bc she is too skinny,0,0,age,age,False
15341,"I don’t have a make or model of a car to attribute to bad drivers but I will say, when I see a bad driver, a rude driver, I think of a Trumpster! Arrogant assholes like that are always Trump supporters. They’re like Bullies in school but now they’re grown. They’re still Bullies",0,0,age,age,False
15343,I know!!! He's this skinny little fkboy who bullied overweight girls in high school. I am still watching but I'd like to hear his response to what came out about him. He is so gross.,0,0,age,age,False
15344,I didn’t know so many people could get so riled up over 2 words. Kind of interesting. Like an aggro spell. Why don’t people ignore what they don’t like like back in the 90s. I remember choosing different routes to school bc of a bully,0,0,age,age,False
15346,sometimes I think about the white girls that bullied me in high school and start projectile vomiting,0,0,age,age,False
15356,Batteling depression is like standing up to your high-school bullies. The chance of actually breaking the cycle is small but everytime you tell them to shut it you make their insults affect you less. Sooooo FUCK OFF BRAIN AIN'T GONNA DEAL WITH YOUR SHIT TODAY!!!!,0,0,age,age,False
15358,"It is, according to my Instagram story feed, always the birthday of at least one blonde girl who would have bullied me in high school",0,0,age,age,False
15359,"I MENTORED TEENS AS A COUNSELOR FOR MTV'S, ""IF YOU REALLY KNEW ME"", WE MATCHED THE HIGH SCHOOL BULLY W/THE BULLIER &amp; THEY LEARNED EACH OTHERS STORY TO PROMOTE HEALING. PLEASE TEACH YOUR CHILDREN TO REPORT BULLYING TO THEIR STATE &amp; LOCAL OFFICIALS &amp; HANDLE IT IN THE APPROPRIATELY",0,0,age,age,False
15362,"If the caribbean was a high school, Jamaicans whole be the popular mean girl or track team boys. Y'all are bullies",0,0,age,age,False
15364,"Police work is too often appealing to the bully kids from school - the ones with anger issues and personality disorders. They get a uniform, a gun and can wield power over the smart kids from school.",0,0,age,age,False
15389,leon believes in reverse racism and said he would racially bully me if we went to high school together #leonisoverparty,0,0,age,age,False
15398,"Somma grade 9’s, get out of my face I’d bully u at school",0,0,age,age,False
15399,"why do you deserve me to back down when you’re engaging in harassment against people all night but bet you’ve had Be Kind shouts all over twitter, you’re the exact school bully but mental health advocate type you are",0,0,age,age,False
15405,"Why is this so true. “Hey girl I’m sorry I bullied you in high school and gave you crippling anxiety because of it, but try this organic anti anging cream! ”",0,0,age,age,False
15406,"Ah yes, bullies in school ! I found that if ya stand up to a bully- they’ll usually leave ya alone !! Let em know that you’ll damn sure fight- they go away !! They’re cowards- they just wanna pick on someone easy",0,0,age,age,False
15407,"white girls in your insta DMs: hey girl! so I know we haven’t talked since I bullied you into having major body dysmorphia in high school, but I have a great opportunity for you! I know this sounds like a pyramid scheme lol but you’d get to be your own boss and the money is good!",0,0,age,age,False
15434,he like the varsity bully of a school,0,0,age,age,False
15437,What’s crazy is the amount of girls you made fun of and bullied in high school but not it’s time to play the victim right ? Just apologize,0,0,age,age,False
15439,Let him choose a new school and don’t make him attend a school where he is being bullied. Yes bullies are everywhere but this is a cry for help. He needs a new start to thrive.,0,0,age,age,False
15449,"He didn’t apologize. He wrapped his body in flag and family and said he couldn’t help but be passionate in his beliefs, beliefs that find it acceptable to bully and leave manners locked up back in nursery school",0,0,age,age,False
15457,the girls that bullied me for being gay in high school have showed up on the girls side of tinder,0,0,age,age,False
15458,"high school mean girls: mental health is like, sooooooooo important!!!! be kind me: ok but you literally bullied me in high school and middle school, I was in therapy for yea- mean girl: ok but, did you practice self care? or pet a doggo",0,0,age,age,False
15463,The fact that I really let people bully me out of my black lipstick in middle school look at the material,0,0,age,age,False
15471,"Sophomore June could solve this murder if she wasn’t getting shut out of libraries, or chased by wild animals, or kissed her school bully. But the real obstacle is a curse blinding June to magic...and the killer’s motive. #SFFpit #CF #YA #LGBT",0,0,age,age,False
15475,Remember those good looking girls at school who thought they could bully everyone and get away with it? #JaneGotJustice,0,0,age,age,False
15481,"I was bullied all through school Luca, just keep looking forward and remember their is a life to look forward too after school when you can live your life bully free. Keep your eyes on the prize x",0,0,age,age,False
15485,"That’s frightening - and yet probably due to the American #NarcissistInChief’s condoning &amp; normalizing such behavior for the purpose of stirring up his base, like the school #bully! I can’t wait until our #COVIDIOT loses his podium",0,0,age,age,False
15492,"Because they threaten to cut funding and resources if they come after them? You have to be a Grade A School Bully at the top of Politics. But don't hate the players, hate the game. Unless of course they turn into a Mussolini, Franco, De Gaulle, Corbyn, Sturgeon type dictator",0,0,age,age,False
15497,Lmao this kid was my high school bully how bout DONT,0,0,age,age,False
15498,peak 01867 culture was when one of the girls who bullied me to the brink of suicide in middle school commented “smoking kills” on a picture of me holding a cigarette in high school,0,0,age,age,False
15505,I need me a girl that got bullied in high school and now she bad af.,0,0,age,age,False
15506,"I was the only coloured girl in whole school for 5 years of my high school life. All of people were white. ppl thought I was a muslim, alien and what not so I got bullied a lot even got spat at and thrown stone at Am in college now where it’s a bit diverse",0,0,age,age,False
15508,"2) i think it's something that's always been mentioned in media i consumed so i knew what it was for a long time before i got to play my first game with my friends in high school.. what REALLY got me into it tho was (pls dont bully me),,,, critical role :--)",0,0,age,age,False
15510,I made a tinder just so i could swipe left on absolutely everybody except pretty girls who would have bullied me in high school,0,0,age,age,False
15518,"These federal agents like to play army, but they're just a bunch of numskulls who never grew out of being the elementary school bully.",0,0,age,age,False
15524,"hmmm i did go to school with this one guy who doesn’t shower in the morning, he would have dry spit at the corner of his mouth and i did bully him for that",0,0,age,age,False
15525,"Just remembering when this nursing girl literally bullied me about my weight in high school, joking with her buddies about my “obesity and diabetes”. yeahhhh I know she’s still local, I just hope she’s nicer.",0,0,age,age,False
15528,I’m rebranding this account to be a weeb acc now. I’ve been into anime since I was 5 and now I’m no longer ashamed about it. Fuck all the bullies in middle and high school. I love anime idc.,0,0,age,age,False
15531,"also unsurprisingly, you checking up on a mean girl from high school who probably bullied you or whatever and talking shit about her on twitter yeah they weird they weird",0,0,age,age,False
15534,"*Based on a real story* Bully: *punches victim 16-17 times, which made him bleed in the eye, cheeks and lips* Victim(me): *defends himself* School: Aight, I'ma suspend you both, that's what you get for fighting Me:",0,0,age,age,False
15537,"just linked with my elementary school bully’s brother, your dads next",0,0,age,age,False
15539,"Logic makes ""one day I'll stand up to my high school bully"" rap",0,0,age,age,False
15553,Woke up in the mood to bully little boys I went to high school with,0,0,age,age,False
15559,girl killed herself made 13 tapes on why she did it all was directed to somebody from high school -season 1 Season 2 dude was getting bullied by the same nigga from season 1 who made girl kill herself and they stuck mop up his ass and he went crazy tryna kill the football team,0,0,age,age,False
15560,So are most the pros. Great to be a bully in high school. Still need to show he has better than above average in college. Not impressed.,0,0,age,age,False
15574,"If Tina Faelz, had not been Bullied at school or on the bus, by, ""White Privilege"" girls, she would still be Alive today. Where are the women, Today, that Bullied her in high school? I'm sure they continued living their, ""White Privilege"", Lives!",0,0,age,age,False
15580,Why would he get clowned in high school for win ? Y’all acting like this lil dude won’t be swinging on mofos for clowning him . Y’all must’ve never heard Russ wasn’t always the nice guy he is today . He used to bully mofos .,0,0,age,age,False
15585,Agreed. Kawaii (cute) culture for adults is pretty normal in many parts of the eastern world. (Japan for instance) It’s the west that shames anyone over 4feet tall for wearing cute stuff. I wonder how many girls get bullied out of the cute stuff they love in JR high by peers.,0,0,age,age,False
15602,"didn't even like me, and I was bullied a lot. I went through many awkward stages of my life. I only had two good friends who would soon ditch me when we hit high school. It wasn't until I hit high school, that I developed from the awkward girl to suddenly all attention was &gt;&gt;",0,0,age,age,False
15605,I never was a bully type of girl in high school I always hung with girls who fought a lot and I did too but I was always more protective of the people who are being bullied.,0,0,age,age,False
15609,"The same girls that are posting ‘in a world where you can be anything, be kind’ are the same bitches that bullied you in high school",0,0,age,age,False
15612,"If you're 26 still talking about ""these girls would have bullied me in high school"" let it go. Y'all were 15.",0,0,age,age,False
15613,"Anshul, no way. He reminds me of a guy I used to bully in school. A rich bitch omg he was adorable but lmfao",0,0,age,age,False
15616,"And i meant to appreciate their natural beauty,and also i don't see any good in copy paste noses and lips,+ i saw a high school girl who recently went through lip job ,what for?? Maybe someone bullied her or made her feel she is not good enough with small lips??",0,0,age,age,False
15625,"I taught my girls to embrace their uniqueness, to think for themselves, to think outside the box, to not be cattle, and they were bullied. My oldest daughter ate lunch by herself all four years in high school for being different, my youngest is dead. I am educated.",0,0,age,age,False
15638,Wowwww it’s sad to know that the girls that knew I was sexually assaulted in high school took me as a joke and bullied me in high school...smh...now they wanna talk about their story...it’s so sad but Im grown and pray for all the victims that were sexually assaulted.,0,0,age,age,False
15646,"Do you know how much children don’t give a shit, and it’s not about bigots, I wouldn’t want to come to school to see a nigga looking at my mom riding a dildo? I was over bullied for my height alone. You telling me a broken home bully ain’t gon do the same after seeing my mom fuck",0,0,age,age,False
15652,My father was a violent and unpredictable bully. I dreaded holidays- especially public holidays where both school and library were closed. Terrifying to be cooped up with him for days at a time.,0,0,age,age,False
15662,in jr high this girl bullied me because I had a healthy relationship with my dad LOL,0,0,age,age,False
15675,"They really are weak ass punks. Their the idiots that got bullied in school, but didn’t have the balls to stand up to the bullies. Now their going to show the world how tough they are by attacking a Starbucks. All you can do is laugh at them.",0,0,age,age,False
15685,"Anyway, the other girls saw me as a weird person due to me feeling attracted to another girl. Got bullied the last 2 years on high school because I was a lesbian, underweight, emo, nerd, you name it and they probably called me out for it. MBO was a much better time for me though.",0,0,age,age,False
15687,"Hi Luca, I was bullied at school. I know it’s not much consolation now but when you’re older you’ll be able to look back with no regrets, knowing you kept your dignity. Whereas the bullies will look back in shame &amp; embarrassment. Keep telling people &amp; get help where you can. xx",0,0,age,age,False
15705,The problem with the school and the PE set I was in (bottom) was that they put all the overly aggressive bullies in with the nerds that just weren’t good at sport (me) and the teacher just watched whilst they destroyed us.,0,0,age,age,False
15714,"i went to high school in the regional gay capital of australia and you better believe the school was THE most homophobic, unsafe place i've ever been to i was bullied relentlessly bc i said i'd kiss a girl FOR A MILLION DOLLARS jokes on them i kiss girls for free now",0,0,age,age,False
15724,i forgot to mention during the mess the group of girls who bullied me in high school also had a problem w me bc i called them out for being racist towards two of my black friends &amp; also fatphobic toward my bff from my other high school which i transferred back to &amp; graduated from,0,0,age,age,False
15731,"A Bit of Lore on Lady// In high school, she was bullied horribly for wearing girl’s clothes. One day some of the boys pulled her aside and stated to cut her (hence the scars), but their group was attacked by a monster in the middle of their torture of her.",0,0,age,age,False
15736,my school was super chill about it.... unlike the bullies tho xD,0,0,age,age,False
15743,All the mean girls who bullied me in high school did it for attention. And yet I cannot even remember their names. #win #BullyingPreventionMonth #endbullying,0,0,age,age,False
15745,I was outed when I was a freshman in high school after telling someone I thought was a close friend about me having a crush on a girl. within 3 days the entire school was spreading rumors about me and i was being bullied relentlessly so bad that i genuinely wanted to d*e,0,0,age,age,False
15749,I was kicked out of my bible study and that’s not important (because I turned catholic) but it was this video series. One day the speaker was giving a talk in the image of God. He starts talking about this girl he and his friends bullied pretty terribly in high school.,0,0,age,age,False
15753,Victoria F: PETE THIS GIRL IS SO FAKE Kelsey: *Crying* Sydney: Pay attention to me because everyone bullied me in high school and I definitely wasn’t home coming queen. Kelley: Yeah. I’m an attorney so I’m just gonna chill over here until you guys are done. Pete: duhhhhhh,0,0,age,age,False
15755,Why do bitches that bullied me hella hard in middle school/high school try following and/or try talking to me. I’m not interested in you girl!!!,0,0,age,age,False
15762,"when i was in high school, towards the tail end of my years being bullied, a girl who did actual professional teen modeling said to me ""fuck all those guys, youre gorgeous"" and it?? really did a lot for me during a hard time and its stuck with me for years",0,0,age,age,False
15769,Yo I can’t believe big big grade 13 girl like me was bullied by grade 9 girls high school was tragic,0,0,age,age,False
15776,Don't ask obvious questions to prove nothing. There are degrees of evil; we all look past various forms -- it is human nature. Did you step in every time a bully beat the shit out of someone in high school? Why do you allow animals to be tortured every day in slaughterhouses?,0,0,age,age,False
15780,A girl once said to me in high school that if she made a Frankenstein’s monster she’d give it my head. Idk if this was a good thing because majority of that school bullied me,0,0,age,age,False
15783,my whole school bullies me for it,0,0,age,age,False
15789,When some bully at school beats your kids ass just go to another school. Don't complain about it ...just leave!,0,0,age,age,False
15791,"even ""if it does happen oh well"" is a bit of a bruh moment when we are talking about high school bullies being SHOT and KILLED in a SCHOOL SHOOTING",0,0,age,age,False
15795,The same girls w these bios have bullied multiple people in high school and now they’re in a sorority with the power to like blackmail other girls and I’m just like,0,0,age,age,False
15804,"I was alone in the world, the weird kid in class. A little girl with no friends. Bullied and left behind. Pokémon helped me get through elementary and junior high school; Rayquaza was my goal, and now I look forward to the next challenge: Pokémon Sword and Shield.",0,0,age,age,False
15807,The girls who had a gay best friend at my high school were also the ones that bullied me for being a lesbian.,0,0,age,age,False
15819,You’re like that one girl in high school that stood up for the kids getting bullied. I love ya,0,0,age,age,False
15823,the kid that I used to jokingly bully in school has been so nice to me I think he miss me,0,0,age,age,False
15826,There are bullies everywhere not just in High School. It is our duty to not let anyone treat us like bullies do. It is a major part of your self-care as a woman and also a major bullet point in your personal empowerment journey.,0,0,age,age,False
15829,Trying to explain to my mom how this girl used to bullying me from 6-8th grade and it wasn’t until high school that I stopped getting bullied. Only to get bullied again in college.,0,0,age,age,False
15832,i was told that girls would be nice to me growing up but it was the opposite. girls in middle and high school bullied me for the way i dressed and the way my face looked. a lotta girls are so mean :/ why cant we just uplift each other?,0,0,age,age,False
15841,What ever happened to Covid19 so you give yourself the right for everything. Wake up we have it much better then other countries. I come from Egypt to high school here was Bullied by Mexican girls every day in high school and black girls because I look white .,0,0,age,age,False
15852,I just wish some of his classmates would have stepped up too. I'm 61 and I still regret the day in high school I did not step in for a girl who was getting bullied. Isn't that idiotic? 40+ years later and I still think about it.,0,0,age,age,False
15859,Seeing the girls who bullied people in high school going through the worst while I’m living my best unproblematic life &gt;&gt;&gt; on everything it’s forever fuck you bitches get that karma as you should sweetie,0,0,age,age,False
15868,"I live near a girl who bullied me in junior high, but TODAY she was outside laying in a flowerbed(?) when I rode by on my bike belting “Barry’s Going to the Prom” and THAT? We call that the ultimate redemption.",0,0,age,age,False
15869,when cis ppl spread hate & misinfo about trans ppl because they thought they were trans in middle school it's their brave sob story but when I've been in the hells of cis life for my entire existence and I make fun of cissies a little I'm a big mean bully,0,0,age,age,False
15877,In middle school I was bully and I did t mind it until my fav English teacher told me she was bullied and vowed not to do it again but my coworker deserves to be bullied so I’m do it sorry Mrs. Waters,0,0,age,age,False
15879,"depends what you are looking for, if you are looking for another fps, its not good, if you are looking for a depressingly torturous truly hardcore game that is comparable to sometimes being the bully in high school and sometimes to dragging your feet through tar, its perfect",0,0,age,age,False
15882,IF I SEE ANY OF THE GIRLS THAT BULLIED ME IN HIGH SCHOOL FOR LIKING ONE DIRECTION POST ANYTHING TODAY IM GONNA LOSE IT,0,0,age,age,False
15885,Where i went to high school it was majority black white and Hispanic I’m surprised it wasn’t a news we had a racist white cop who slammed this Hispanics girl on the ground a gay guy at my school got bullied by white kids because he was on the lacrosse team,0,0,age,age,False
15893,"Stan Twitter has turned into middle school bullies, it used to be fun and memes and for people who aren't super sensitive but now its literally a chaotic and toxic mess",0,0,age,age,False
15894,"“Transphobes get the bullet?” “Transphobic bullies should learn to be afraid? “ what is the world actually coming to? I get anyone can have a mental health breakdown and snap, but the fact others are justifying a school shooting because - terfs...",0,0,age,age,False
15896,Omg once I panicked because I saw a friend of my school bullies in the store I was. I had to hide because I was absolutely terrified. I can imagine that Senjuro is feeling that but like a thousand times lmao,0,0,age,age,False
15898,"These women aren't at all worried to be seen with and aligned to this poster boy for psychopathy. I bet you hung with the school bullies too. Arh, the gentler sex, apparently the world would be better if they ran it ... #auspol",0,0,age,age,False
15900,"Asking the girl next to me what perfume she was wearing, and then immediately after telling a cop he was definitely bullied in high school is the most On Brand Khelsey thing to happen this week.",0,0,age,age,False
15904,Were you a bully in high school Steve? Your guy lied about being invited and he only said it because of his jealousy and Fauci.Then it all turns into a great lie because he’s gonna be so busy on August 15. You must’ve been a bully with the attitude that you have sorry about that,0,0,age,age,False
15905,"It’s not just kids in school that bully kids. Often adults will bully kids too hell, sometimes the adults are in the same family as the child",0,0,age,age,False
15908,"Being nice to bullies never works. They only understand violence &amp; pain. Once they receive violence &amp; pain against them, they soon change their attitude. Kids who were bullies in school had parents who were exactly the same. Power freeks!",0,0,age,age,False
15912,i'm ctfu thinking about the girls who bullied me in high school LOL... now y'all all look like carbon copies of each other and still share a brain i'm-,0,0,age,age,False
15918,I know what its like to be poor. I lived in a fucking travel trailer with a space heater to keep warm during the winter when I was a sophomore in high school. I didn't have a shower. And because of bullies taking a shower AT SCHOOL wasn't exactly a lot of fun.,0,0,age,age,False
15920,U bully one white kid in ur school's Christian fellowship club and the rest come after you...... Pack it up Chick-fil-A,0,0,age,age,False
15926,"I am afraid of liking their stuff as they're saying they're gonna block everyone who follows Erica.... like.... are we still in high school? If get their attention on me they'll see I am not ""taking sides"" and bully me too? ffs.... we're not supposed to be afraid like that",0,0,age,age,False
15932,It's funny to see my 22yr old brother get bullied by a 4 yr old,0,4,age,other_cyberbullying,True
15933,They're always the same with new things to bully for. Middle school is where the warzone begins,0,0,age,age,False
15937,To be a complete asshole. Same question you’d ask a bully in school,0,0,age,age,False
15939,Like it kinda makes me mad/happy that monster high is a thing again??? Bc when I was in middle school with my monster high backpack PROUDLY worn. I got bullied as hell for it but a ton of girls who all wanted to grow up fast (like chill Karen WE were like 12?) nothing was wrong-,0,0,age,age,False
15940,"Nothing pisses me off more then when a bitch who used to bully me in high school messages me and asks me to join her MLM scheme. Go fuck yourself Karen, you made me cry in high school.",0,0,age,age,False
15947,if the merrell twins went to my school i would bully them,0,0,age,age,False
15948,uhmmh i always wanted my high school to have are band but today unfortunately i find out what people in countries where high schools have bands bully band kids????? what????? why??????,0,0,age,age,False
15950,Yesterday I saw a video of black girls slapping a white girl in an elevator. They didn’t even know her. No one has the right to strike another. No one. I used to save the underdog in high school b’cos in previous years I was the one bullied. No support for bullies here.,0,0,age,age,False
15953,once i dated this girl in high school and i broke up with her and then she bullied me,0,0,age,age,False
15961,not to bring up the past but he used to steal my lunch money and bully me in the hallways (we went to same school) :/,0,0,age,age,False
15964,"i accidentally invited them to a tweet i made outside of the original thread by linking (silly me, i don't spent enough time on this stupid website to know it would alert them) and it's like the grade school bullies have arrived.",0,0,age,age,False
15968,Got a chuckle out of watching Ted at the protests last week. He was like the kid in high school hanging out with his bullies because he thinks they’re really his friends.,0,0,age,age,False
15970,"I hate how this point of view thing was started by people that had been bullied in high school and now its turned into white girls imitating what they think a ""ghetto black girl"" sounds like.",0,0,age,age,False
15974,That’s what I’m saying. You can tell a white person bullied this fat Indian girl in high school,0,0,age,age,False
15980,It’s the fact that all through middle school little white girls use to call my braids “horse hair” and bully me for saying that it’s still my hair because I bought it...what a horrible time.,0,0,age,age,False
15987,Fucking hilarious and terrifying when you see the girls who bullied you in high school becoming nurses and preaching about mental health and kindness lmao,0,0,age,age,False
15989,the girl who bullied you in high school might just save your grandma’s life; thank a nurse today,0,0,age,age,False
15996,newfoundland viral is when the girls that bullied you and made you want to die in high school retweet you,0,0,age,age,False
16004,alright so i been wearing baggy clothes for a long time and now everyone wearing baggy clothes to be cute no rachel i wear it because you used to bully my body in middle school,0,0,age,age,False
16005,"Some Indian boy at school He was so cute and sexy, dressed like abo bhuti be ""card card"" But all in all, I was the bully and always got away with it",0,0,age,age,False
16011,//my school bully keeps sending me those,0,0,age,age,False
16023,being friends with a guy who used to bully me in middle school is weird lmaooooo,0,0,age,age,False
16030,Alas you still don’t understand what a civil right is and why owning a gun is wholly separate privilege that is not necessary to have equality in this nation. Keep sipping the NEA koolaide. One day you’ll finally get over your high school bully.,0,0,age,age,False
16038,But saying that beef means that Africans hate black Americans is not good. It’s not justifiable. I was bullied by a BA girl in high school. I would be out my damn mind to bring that smoke to every BA girl i encountered.,0,0,age,age,False
16039,"people who shipped harry and draco were secretly in love with their middle school bullies and was just hoping they’d come around and admit they’d actually liked them but they were actually, in fact, just assholes",0,0,age,age,False
16044,These are the girls that bullied me in high school,0,0,age,age,False
16047,"I’m going to have to disagree with you. That’s basically the same as saying bullies, whether at home or school or both, isn’t the main reason why kids shoot up schools.",0,0,age,age,False
16051,My son told me recently to consider the character of the bully and don't take offense. He learned that through his experiences at school when he was very young.,0,0,age,age,False
16059,"my junior yr of high school, I dm’d this girl in one of my classes bc she was being bullied. when she dm’d me back she had mentioned how she had been contemplating suicide-then proceeded to thnx me for dming her. I think about her a lot and I hope she’s doing good. be kind.",0,0,age,age,False
16060,"kids on Twitter: we were bullied in school, nobody accepted us :( same kids on Twitter: let's talk shit about and bully everyone too!",0,0,age,age,False
16062,"Is it to avoid giving easy access to individuals and communities who burn down and vandalize schools, assault and insult teachers, are ill mannered skollies, have no regard for the rules of schools or the law of the country, bully, abuse and victomise other learners, who think..",0,0,age,age,False
16074,Was a really odd feeling to check my spam mail and see an “email” from the girl who bullied me in middle/high school......,0,0,age,age,False
16086,"When I, a 4’11 15 yr old girl once told the bully in school to suck my dick and she threatened to kill me and my principal found out Y’all.... he read the DMs in front of me and my mom. I’ve never seen a grown man so shook",0,0,age,age,False
16092,"I've been bullied since 2nd Grade until graduating high school, I go to retaliate one time &amp; I'm the one in trouble. A girl threatened to bust me upside my head for me telling a teacher that she's been bullying me &amp; I end up in the crazy house",0,0,age,age,False
16103,Nursing school really is my personal bully,0,0,age,age,False
16106,"sulli was bullied and recieved nonstop backlash for believing what she wanted to believe, that's so wrong in so many ways and i will never EVER forgive y'all for pushing that poor girl over the edge. fly high.",0,0,age,age,False
16122,"the stupidest thing in the world is when a straight person tweets something bigoted and a bunch of straight girls who probably bullied people in high school reply like ""I'm straight but we don't claim him """,0,0,age,age,False
16125,Got bullied half of high school and managed to pass my classes and I’m going to graduate early while the girls who bullied me didn’t get to get to graduate. It’s The world has come Full circle.,0,0,age,age,False
16126,false i just had a crush on my elementary school bully,0,0,age,age,False
16142,It’s been like this my whole life. Nobody takes me seriously. I always got bullied in school and ironically a few of my bullies ended up becoming my friends later on. But only once I got bigger and stronger than them. Funny. But not surprising.,0,0,age,age,False
16151,"Michael Jordan was an adult bully, herbing grown man on the basketball court all day long!",0,3,age,not_cyberbullying,True
16170,wow ppl in high school really just let me be a band kid and didn’t bully me or anything,0,0,age,age,False
16175,Leah Someone bullied me and my friends on royale high they kept insulting me and my friends for no reason they even said they like bullying i even had to write down their users i even have photo proof those two girls they were being starcastic about being scared of matt those two,0,0,age,age,False
16177,"Tw weight// My dad and mom used to agressively bully me. They would mock me for eating, make fun of me to my friends and people at school (they were part of the PTA in elementary). It got to the point where I wore long sleeves and pants all of the time because -",0,0,age,age,False
16184,"realizing all of this has been depressing as fuck for me. i've been bullied, i've been hurt. im angry. im tired of these mean girls. i don't want to sit with them at lunch. can we grow past high school please? i just want to solve puzzles and do stuff.",0,0,age,age,False
16187,"Lady: “I hope you’re not offended but I love your widows peak.” BRO!!! Yes I’m offended!! You know how many girls bullied me over my widows peak in high school!??? PTSD, girl bye!!!! But rly thank u love u anyway",0,0,age,age,False
16188,"Ah, yes, the school bully experience",0,0,age,age,False
16191,"This gave me chills. Not good ones. It was like seeing all the school bullies that you'd out out of your mind, for years and then realising that they were still out there, trying to sell you double glazing, or shit cars.",0,0,age,age,False
16194,"It was a wild time for an androgynous young girl forcing herself to be super feminine, I can tell you that. I spoke with an unnaturally high pitched voice for a couple years after that bullying. Didn't get bullied anymore but sure sounded worse.",0,0,age,age,False
16195,"As I guy who was bullied throughout high school; it's also long hair. They have a checklist with a singular item on it. If you've got long hair, must be a girl.",0,0,age,age,False
16213,"Hang in there, Luca. It will pass (really!), even if right now it doesn't feel like it. When people are bullies, all they're doing is showing the world who THEY are, not who YOU are. Stay strong, and I hope you can get your school to sort it out. x",0,0,age,age,False
16214,"Yeah, saying ""Pretty please"" to the bully totally worked for me in grade school.",0,0,age,age,False
16217,So I've often arrived early to pick up my son from school partly because he has a bully and recess his is last class. Provided me an opportunity to discretely watch my son without alerting his bully. Now in the MANY hours I watched I swear to god never once was an 1/2,0,0,age,age,False
16227,"thank you. Biggs is and always will be the bully in high school, picking on the smart kids.",0,0,age,age,False
16230,His own over inflated ego. Trump is such a liar just like a small school yard bully saying anything he thinks might make him seem important.,0,0,age,age,False
16231,"Congressperson: ""You are mean! You're a big bully! You eat vanilla ice cream! You like steak! You cheated on an Algebra test in high school!!.."" Barr: ""Em, well.."" Congressperson: ""I take my time back. You kick puppies!""",0,0,age,age,False
16236,and when we end up teaching at the same school and you bully me in the hallway,0,0,age,age,False
16247,Is that the girl that I bullied in high school? She's smokin hot!!!,0,0,age,age,False
16250,The people who used to bully me in middle/high school are congratulating me,0,0,age,age,False
16253,"Oh, look, we're back in grade school with the bully and the popular girl calling each other names.",0,0,age,age,False
16254,"alissa violet rlly said ""it's everyday bro w the same bully flow bully at school now your bullying your bro"" and set the standard for the entire year of 2017",0,0,age,age,False
16255,"⠀⠀ ⠀⠀ expressions vastly changing with enthusiasm, 〝 really !？ I could go to work with you ？ And work on projects with you？i could do school there ! 〞those bully caused tears drying up quick, 〝 do i get to know about new project . . . 〞 ⠀⠀ ( con ' t )",0,0,age,age,False
16257,"You are 100% damn right i would run you over, i would not give you the care and respect to drive slow like that guy did, you are part of the reason that this world is so full of hate and hurting you is like punching the school bully",0,0,age,age,False
16258,refreshing moment today: realizing I have substantially more followers on Instagram than a girl that bullied me in high school,0,0,age,age,False
16261,"only-book-lovers-left-alive: spidergirleddie: repost-this-image: shortace: eruvadhril: bemusedlybespectacled: So, I had the enormous privilege of actually listening to the private recording of a girl who bullied me in high school, as in a...",0,0,age,age,False
16276,"Man, really bringing that big 00s energy. Sad you had to leave high school and couldn't bully people anymore cause you were to dumb to join the police?",0,0,age,age,False
16286,"That’s an absolute NO from my family! The first thing y’all did was start calling the governor childish, school yard names! It reeks too much if the idiot in the WH! You are both bullies! NO! NO! NO!",0,0,age,age,False
16292,my one and only goal is to live longer than my old school bully so that i can piss on his grave,0,0,age,age,False
16295,why can’t she just leave the group . trainees that have had bullying scandals whilst they were in high school don’t get a chance to debut and this girl bullied someone for 10/11 years and her excuse is that she’s “lacking” hun it’s more than lacking,0,0,age,age,False
16304,"@TheView seriously, something has to give. Meghan is nothing but a mean-girl. High school bully who has a job because she’s riding on her father’s career and name. Your loyal fans deserve better than a co-host who attacks guest and her co-host. You’ve fired host in the past......",0,0,age,age,False
16306,One time a girl that bullied me in high school tweeted about how she had a bully in high school and it was the most confusing day of my life,0,0,age,age,False
16309,shit the boy i talk to was apparently my senior in junior high school plus he got a sister whose apparently one of the girls that bullied me back then because i was a douche oh i hate life :( he was fun to talk to :( now i gotta leave or shit will be so awkward bye :’(,0,0,age,age,False
16310,"Seen the girl who bullied me in school for the first time in 4 years last night. I didn’t panic, instead I walked past with my head held high smiling because I know I’m doing something with my life and I’m happier than I’ve ever been :) the goodies always win!",0,0,age,age,False
16313,"I see a little girl scared of the wave of attention over a Very Real Assault recanting to Make It All Go Away out of trauma. A long time ago in when I was bullied in high school, I did the exact same thing.",0,0,age,age,False
16317,"These are the kids that graduated from being the ""Big Bully"" in High School and College! This is how they get their hatred out now!",0,0,age,age,False
16327,Proof that sexuality isn't a choice. The girl who bullied me the most in early high school is the same one I ended up having a crush on. Go figure.,0,0,age,age,False
16328,"using her power to intimidate her opponent,, belittling them,, accusing them of clout chasing,,, > _ school bully with a massive platform",0,0,age,age,False
16331,"I had my own maths teacher. A brahmin married to M. Family disowned totally. Husband piece of shit & son turned out to be the same (2 yrs senior than us), resorted to being a bully, routinely getting her humilitated in school. They know still they go. Lust is a powerful factor.",0,0,age,age,False
16333,That's American Blood fighting for US. Brave 3% Milk curdle when met with equal or greater force like a school bully getting his ass whipped.,0,0,age,age,False
16342,"It’s sort of like “mean girls” of school days past. When they run out of outsiders to bully they turn on each other, because the root of it is that they’re angry, broken, and somewhat sadistic. The problem isn’t the people outside of your group, it’s you.",0,0,age,age,False
16345,i’m gonna HURL a girl i went to high school with that bullied me got MARRIED and she’s not even 20 yet i can’t even IMAGINE EWWJFNFN,0,0,age,age,False
16354,"Like a tiny portion of dudes ever experience that, the same way that not every girl gets harshly bullied by 'the popular girls' at school. Real life is wayy different than the Twilight saga and High School Musical series lmfao",0,0,age,age,False
16360,"They get enjoyment out of it. S has literally told me that it's ""better than Netflix"" and it just snaps me back to high school and how girls enjoyed bullying and then it makes me think... these girls are the ones that were bullied and have FINALLY got their chance to do it to",0,0,age,age,False
16373,"wait if i'm pretty pos for saying people should get bullied and ur telling me u hope i get bullied would that would make u a pos too, ur just one of the girls on mc twitter who tries to compensate on the internet because they had no social life in high school",0,0,age,age,False
16374,y’all really bullied girls in high school for being “crazy” as if that isn’t a turn on huh,0,0,age,age,False
16375,"Oh wow so sad angry people are everywhere I was bullied by some Hispanics girls in jr high, have been bullied by a higher up white adult women and was nothing but nice she just picked me out, because I guess I said good morning to her lol, simple life is the best",0,0,age,age,False
16383,karin stop acting like a high school bully challenge,0,0,age,age,False
16389,"anyway who's going to let me write about my ONLY true passion? (girls who bullied you in high school but now love jesus and want you to 'join their team, work from home and build your dream life #girlboss'",0,0,age,age,False
16394,"Exactly like a school saying ""you should just let the bully beat you"". It's absolutely ridiculous that these riots weren't shutdown immediately. They've lasted for almost 2 months. Enough is enough.",0,0,age,age,False
16398,I was bullied in my small school and some girl in that big school plucked out a piece of my hair when I was a Junior in high school,0,0,age,age,False
16399,please distract me from my work by telling me about the first time you heard sonic youth -- i was in my Nissan Rogue driving to high school and immediately wanted kim gordon to bully me,0,0,age,age,False
16404,This girl tried to say we were friends in high school... ma’am. You bullied me.,0,0,age,age,False
16408,Never heard of it before. Absolutely vile. It’s a disciplinary matter in my albeit ‘old school’book. I know they aren’t ‘general’ HCAs but this is about values and decency. Some people don’t care and for some reason MH attracts bullies into HCA roles-majority of staff are good,0,0,age,age,False
16416,Yes Seeta high school was soo against that..I don’t remember any girl being bullied..may be the boys,0,0,age,age,False
16420,"To be brutally honest, I suspect the great anti-bullying campaign of the last decade was actually a dry run for the crybully offensive. They weren't trying to eliminate bullying from schools; they were studying and refining the techniques of the bullies for use against society.",0,0,age,age,False
16421,I’m so petty I still resent the girls that bullied me in middle/high school. Don’t try to be nice to me ho,0,0,age,age,False
16424,I was bullied badly in Middle School. By High School people just chilled out and left me alone. I was only teased in middle school for being a girl who played games.,0,0,age,age,False
16432,Would hate for some of the girls that bullied me in high school to do this to me,0,0,age,age,False
16435,"So like no wonder I struggle with trusting people, and believing that people like me, and believing that people want to be my friends. Like. My “friends” in high school would bully me the same way sometimes. Like i literally had no one at some points.",0,0,age,age,False
16444,"His father was fired by liberal parents as headmaster of the Dalton School. Barr has probably hated liberals and secular society his whole life. His father was authoritarian and so is he. He was a bully then, still is.",0,0,age,age,False
16461,I was bullied in high school by a girl who is now fat. Karma really does come back to bite you in the a$$,0,0,age,age,False
16473,Well said. Appalling behaviour for someone paid by the taxpayer. Private school bully!,0,0,age,age,False
16480,"Informal poll based on a conversation I just had, testing a theory. Did you play pretend fantasy games on the playground at school or did you play sports? And were you a bully or were you bullied ?",0,0,age,age,False
16481,"Same here, and I skipped a grade so I was the perfect target for bullies. I look back on my 40-yr career and see so many examples of gaslighting and bullying that I accepted on the job, as a result of school experiences. I rarely ask for help for anything.",0,0,age,age,False
16482,When you try to get your little brother to beat up the school bully @Gervontaa,0,0,age,age,False
16483,"i want them to make my life at school a living hell, i want them to bully me and shove me into lockers, i want them to steal my homework and egg my house, i want them to create an embarrassing nickname that shames me and follows me for the rest of my life",0,0,age,age,False
16485,"Example: Sunset Shimmer. She was a villain the MLP Equestria Girls movie and NO ONE, not even the fandom, liked her. She was cruel, malicious, bullied anyone who got in her way. And was your typical high school alpha bitch and tried to kill our main heroes.",0,0,age,age,False
16491,dan is very shy. if you ask him to do anything he will blush and giggle because as we have established his role in fics is parallel to that of the sexist damsel in distress character. one day his high school bully phil stops taunting him for wearing pink to give him a kiss,0,0,age,age,False
16497,"It makes me so happy that all the high school girls that bullied people for being fat are now fat themselves. We all out here wearing the same size, what u gonna make fun of us for now sis?",0,0,age,age,False
16498,In primary school this girl used to bully me because I had a dad. I hope she's alright.,0,0,age,age,False
16499,"How about the angle from the school (bullies) all he needed was to talk to someone, rub minds but no one was available for him.",0,0,age,age,False
16506,The tall girl in my year in high school was mocked a lot and her nickname was big bird. It’s hard enough being a teenage girl but tall girls are often looked on as a bit freakish and bullied for it. Seeing other women fail to understand that is annoying.,0,0,age,age,False
16510,"I’m WEAK!!! Not even close, but go off sis you bully your own boyfriend but that’s nun of my business. I’m suchhhh a bully, that’s why you stayed friends with me for so many years, and I defended you when you got bullied in high school lol and I was just a freshman",0,0,age,age,False
16511,"I had a dream that I was getting bullied (I’m 25 now so flashback to high school days lol) and @tylerrjoseph stood up for me, becoming my friend but also putting a curse on the girl bullying me ??? Pregnancy dreams are strange",0,0,age,age,False
16514,"The world as a school yard analogy. In one corner, bright kids trying to do their homework. Other corner, dumb obnoxious bully boy yanks girl's hair, laughs at the kid in the wheelchair. Hides behind his rich daddy. Hated by all And Australia wants to play with that one",0,0,age,age,False
16516,"what was I not bullied for? My weight, my glass, my strap to hold my glass (got the name grandma), my knocked knees (got Sasquatch and Yeti), and just me being the chubby fat girl from elementary to high school now I talk big shit and I’m a bad bitch so HA!",0,0,age,age,False
16519,"MUA girls that probably bullied u in high school will wipe black eyeshadow all over their eye, draw a lil cross on their cheek and call it a “goth look”",0,0,age,age,False
16521,"Wow, making an excuse for rape and murder. Q: So why did you rape and kill that 2 year old girl? A: I had low self esteem and was bullied in high school. Q: oh, wow. I'm sorry. My bad. It's OK then. Please rape and kill as many people as you need to feel better about yourself.",0,0,age,age,False
16539,"In Canada, Child Welfare oversees high-risk situations. Social workers are involved, but I am not aware of them getting to bully anyone just because a kid didn’t show up at school a few times.",0,0,age,age,False
16541,"i don’t hate sports because i got bullied for throwing like a girl in high school, i hate sports because of fascism",0,0,age,age,False
16542,I am Hispanics in high school I was bullied by an African American girl till one day I said no more and stood up for myself later she and I became friends.,0,0,age,age,False
16546,It’s laughable to see all the lads that used to bully me in school retweet and post this. Where was your compassion then?,0,0,age,age,False
16547,i dont even know what the james/tati/jeffree/shane drama is but they all look like the people who used to bully me in school so i kinda wanna punch them,0,0,age,age,False
16560,If y’all hadn’t bullied that girl in high school for her attempted whistle notes I’d still have a “the way” YouTube cover to laugh at (in secret) smh.,0,0,age,age,False
16561,It's funny you put it out in the world and then cry when you get it back I have a hard time believing you were bullied in high school anything close to what a gay boy would be bullied Girls get the free pass and always have,0,0,age,age,False
16566,"Thanks baby love you I have a handicap ; in high School, I was bullied on social media . I was a chill girl but because of that I was very depressed... thanks to my moral strenght, family and Friends, I’m better now. Hope you’re okay. These losers don’t deserve your atention",0,0,age,age,False
16567,"Watching many videos from my high school made me think. Ah, I really miss a lot of things in high school. Back then I was just this unknown girl in the back of the class, fearing I would get bullied",0,0,age,age,False
16569,Police will pettily and childishly retaliate when mildly provoked isn't the ringing endorsement of law enforcement you think it is. Some of us have higher standards for armed officers of the law than we do for high school bullies.,0,0,age,age,False
16571,"Agreed, my PE Teacher bullied me which made the bullies in my class even worse, the whole thing was horrendous, a CofE school with no anti-bullying policy didn't help! Although I saw said PE teacher the other day and he is now the size of a house and hasn't aged well I call kalma",0,0,age,age,False
16582,I knew a Muslim girl in high school who after Tr*mp got into office had to stay home for a week for HER OWN SAFETY she was SEVERELY bullied; and the school did nothing to protect her. It was so fucked up and I think about how schools never protect their black and poc students.,0,0,age,age,False
16583,Oh yeah I cyber bully the fuck out of people. They tried to bring fat acceptance into police brutality. Then kind of made fun of this girl who said she was r*ped at our school. It’s messy af,0,0,age,age,False
16597,"Just sad, pathetic, school bullies or victims of school bullies who don't know what else to do with themselves beyond terrorizing those they view as lower.",0,0,age,age,False
16605,At both of my new jobs theres a girl who bullied me in high school that works there,0,0,age,age,False
16608,"Every teacher I've had, from Sunday School, preschool, through grad school has been my favorite (minus the political math teacher, the bully program teacher, &amp; the one who was never organized to teach but would rather belittle).",0,0,age,age,False
16611,Can't believe one of the best guitarists in the country rn used to bully me back in high school.,0,0,age,age,False
16616,"yeah, she's acting like a grade schooler and all the cultist friends who follow her are like her grade school bully friends",0,0,age,age,False
16620,Can all the girls who bullied me in high school stop posting about world mental heath day lol,0,0,age,age,False
16621,heidi n closet was that one girl in high school who defended the bullied white gay,0,0,age,age,False
16631,"Being in your last year of High School is such an achievement and something that means a lot of focus, those bullies are focusing on the wrong thing and trying to sway our girls attention. @alicewillhelp has reset her scope Fashionista in your face! #bulliesbegone #Aliceskids",0,0,age,age,False
16636,Someone please buy me new kitchen knives... these bitches more dull than the girls who bullied me in high school.,0,0,age,age,False
16637,IM SCREAMING THE GIRL WHO BULLIED ME ALL THROUGH ELEMENTARY/MIDDLE/HIGH SCHOOL FOR BEING GAY JUST POSTED HER NEW PROFILE PIC AND ITS HER WITH THE ACE FLAG AND I LOOK THROUGH HER PAGE AND ITS ALL ACE PRIDE POSTS LMAOOO HOMOPHOBIC CELIBATE RIGHTS BABEY,0,0,age,age,False
16641,So you’re saying you bullied in high school and the horse girl still had horses in her engagement pics,0,0,age,age,False
16649,Im pretty sure if i went to high school with my girl I would have bullied her,0,0,age,age,False
16653,"The girl that bullied me in high school turned out to be close family friends with my husbands family. She texted him horrible things about me on our very first date and some how, some way was at our wedding",0,0,age,age,False
16654,"I remember i started getting bullied in the second grade for having dark skin &amp; it didn’t stop until I got to high school. This is part of the reason I’ve been working on creating my non profit, so that ALL black girls know that their skin is BEAUTIFUL",0,0,age,age,False
16655,"Seems innocuous enough but what good things can the Children sing about Trump? Pussy grabbing, raping, and being a bully isn’t elementary school material",0,0,age,age,False
16660,Nigga u graduated high school now stay away from these freshmens,0,0,age,age,False
16672,"Fattest girl, wearing frumpy clothes because plus sizes were solely for old ladies in the late 80s and early 90s. Spent junior high being bullied for existing, so a hardcore loner hanging out as far away from everyone as possible. Played solitaire or read during lunch.",0,0,age,age,False
16673,He's relatable to teens. He's a kid in High school trying to get by. Gets bullied. Has a crush on a girl. Yeah sure Tony may have felt like his father figure. He wasnt in his early life until he became Spider-Man. Peter was still a kid who lived in a small apartment with aunt May,0,0,age,age,False
16678,finally a movie for tall girls cuz i was so bullied and undesirable to men and hahaha just fuckin around i’m sexy and fun and can reach high shelves and see the stage at concerts,0,0,age,age,False
16686,"i just found out a girl i went to high school with who bullied me for liking doctor who uses cosplays now on onlyfans and one of the cosplays she does are characters from doctor who !!! are u kidding me ? no, i will not give you her info.",0,0,age,age,False
16687,This is the high school bully who couldn't get another job so he went back to his old stomping ground...,0,0,age,age,False
16691,clearly most of the people in the quotes went to school where next to no one was a kpop fan and they didn’t tell anyone they liked kpop either talking about how they’d bully everyone like I don’t think you’ve ever bullied anyone irl lmao,0,0,age,age,False
16693,i feel like a lot of times its these people who were bullied in school and now are like crazed with power cus they have the ability to bully others,0,0,age,age,False
16695,Ryuji: *Saves the whole team from a near death situation by putting his life on the line* Morgana: *Gets petty over being left behind on a school trip and getting insulted by someone he bullies constantly (funnily enough being Ryuji again)*,0,0,age,age,False
16700,"I remember behavior like this in elementary school. If everyone stands up to the school bully, then you take away his/her power. @Walmart you are a billion dollar company, surely you can hire guards.",0,0,age,age,False
16708,Someone who I don’t think was trying to be hurtful once said the same about my daughter at her school. That person was overheard and within weeks a nasty little clique had christened my daughter Myra. It was a dreadful experience for her and only reinforced my dislike of bullies.,0,0,age,age,False
16710,Saw a photo from an old bully from high school; she's now a prison guard at a corrections centre lmao checks out,0,0,age,age,False
16719,"Sure, school kids basically bully anyone different, if I didn't reply to your first two LinkedIn messages, I'm interested.",0,0,age,age,False
16726,"I can't believe what I just saw. I've been with Mingyu ever since we were in middle school and this kid can't even lift a single finger to defend himself from bullies but now, no words can depict how traumatizing what I've seen.",0,0,age,age,False
16730,"I am glad Trek was there for you during the miserable time at high school. It has been there for me too at tough times. High school is very tough everyone is so judgmental about how you look, talk etc... If you like to study you can be a prime target for bullies",0,0,age,age,False
16734,remember when u would get absolutely harassed by ur bullies at school and ur mom would just b like “haha it’s because they have a crush on u ”,0,0,age,age,False
16735,... Did he not bully you at the start of high school? I think that it seems fair but you can repent your sins by reciting a verse from the bible if you wish.,0,0,age,age,False
16738,"I think IT bloggers should blog like recipe bloggers with some childhood story and how it relates to running IT systems. ""This guy used to bully me in grade school, so I made all his password expire every week, here's how...""",0,0,age,age,False
16740,"No but there was a time a bully in elementary school would keep asking for half of my burger if i ever had one. I was scared of being targeted so id comply. To stop this, I ate the burger in a circle to make sure every eend had my bite marks.",0,0,age,age,False
16742,//I will try to remember that.,0,3,age,not_cyberbullying,True
16754,"@curryspcworld the advert your currently running on radio where the girl is ashamed of her laptop when she see's another student, is it not bad taste? encouraging people to go into debt so they don't get bullied, financial pressure on parents this time of year is already high",0,0,age,age,False
16778,"@bella_jella97 I'm in middle school, and yes I'm a bully victim too sorry! I know it's horrible!",0,0,age,age,False
16786,"She is a queen-bee, mean-girl thug of the kind found in high schools everywhere. The kind we lie to bullied kids about and tell them they “grow out of it.” They don’t.",0,0,age,age,False
16791,They are just against stupidity from a grade school bully president,0,0,age,age,False
16798,the amount of time I just spent fb stalking the girls who bullied me in high school...concerning,0,0,age,age,False
16813,Never. I’ve never loathed anyone more. Not even the girl who bullied me in high school,0,0,age,age,False
16814,"@howleriq you look like every bully, who is acting out because his parents are getting divorced, in every movie about middle school kids.",0,0,age,age,False
16815,this girl literally bullied the shit out of me and was just a snobby ass brat. ruined my high school years and i told my CHILDHOOD friend about her and what she did and she still hangs out and supports her... wtf? i’m so disappointed.,0,0,age,age,False
16818,"This paedo conso saw me today and asked why I had so much beards. From the way she was looking at me, I'm sure she wished school was on session so she could bully me to shave it. Obeya 1 : 0 Conso. .",0,0,age,age,False
16825,A cop from where I grew up in nh used to harass high school girls and make them suck his dick to be let go... He got killed by one of the kids he bullied. #makecopsillegal,0,0,age,age,False
16830,Love my soft high school bully looking son and his little buddy with an even littler ponytail.,0,0,age,age,False
16835,"No vote's meaningless. It's a right to vote to represent one's conscience. We must change to ranked-choice voting, though, so every vote counts to determine a winner. The present system gives all the power to only the two bigger bullies in the school yard. #RankedChoiceVoting",0,0,age,age,False
16850,"dear people who would bully me in middle school for being a directioner, if y'all thought i was normal again, well im not, i'm still obsessed :)",0,0,age,age,False
16854,Girls who hate her for no reason are the same girls that bullied other girls based on their looks in high school. Insecure of themselves,0,0,age,age,False
16866,//Can't reply at the moment so here is a video of my chickens. Their babies grew a lot since last time.,0,3,age,not_cyberbullying,True
16877,Yooo what happened to my tweet? Well anyway I followed some girl from high school and she blocked me cause shes a conservative and all I have to say is THANK YOU for doing the work for me. I would have definitely cyber bullied your ass after the first Trump retweet,0,0,age,age,False
16878,I also find it interesting that the ones who said that they were bullied in high school or are the ones now who are doing the bullying or are the “mean” girls,0,0,age,age,False
16886,"gibby and sam. jade will talk shit but she can’t back it up, while sam is completely about that action. plus, sam beat up carly’s school bully with ease. gibby practically destroyed nora twice so he’s a solid pick.",0,0,age,age,False
16889,"I know this is mean, but the majority of the girls in high school that bullied me for being “fat” are HELLA over weight now",0,0,age,age,False
16893,"My step-brother was dyslexic and bullied. I soon (as his only big sister) learned to stand up to the bullies who teased him, it was so bad he didn’t want to go to school. I think it’s why I still will fight quite strongly to this day for anyone being bullied or treated unfairly.",0,0,age,age,False
16896,Bullies from my school be like: welcome to my YouTube channel,0,0,age,age,False
16900,"this has always been silly to me. Schools have always been training grounds to how to deal with life, including bullies. But we have become a pathetic people too sensitive to deal with anything",0,0,age,age,False
16906,middle school me would bully current me,0,0,age,age,False
16909,thinking about how in high school i let a group of incels under 5’6 bully me,0,0,age,age,False
16914,"getting bullied on royale high because just saying "" INTO THE UNKNOW~~~~~~~~"" The boy said : Can you shutup? I wanna make she shush rn I just tell him a joke bout vsco girl i was like I gtg I have a big business doing a big hydro flask their was like WHO CARES??",0,0,age,age,False
16920,Maybe I faired better as girl? I have no idea. But I really only remember being bullied by asshole mid teen girls in Middle School. High School I wasn't popular but no one treated me like shit or anything either. I had my specific friend group I hung out with and that was it,0,0,age,age,False
16923,"vsco girls are the ones who bullied me in middle/high school for being unconventional and then as soon as being weird and quirky became a trend, they LOVED me",0,0,age,age,False
16924,Some girl who bullied me in high school posted a quote about not calling people racist on her story. It was attributed to Ronald Reagan. Cool stuff.,0,0,age,age,False
16930,Just found out that a bully who use to call me a dyke in middle/high school is openly gay now. Funny how times change. Anyways I don’t forgive you.,0,0,age,age,False
16931,"I remember I lowkey bullied this girl in 5th grade and she tried to get her high school sister to scare me. Like wtf are you really gonna do other than mean mug me at pick up, Lora!?",0,0,age,age,False
16934,"In elementary school, I was called “Moustache Woman” and “Unibrow Girl”... honestly it wasn’t even that bad. In high school, I was bullied for being a lesbian... and I’m not even a lesbian.",0,0,age,age,False
16935,"Frankie and Peaches help Ruby, the new girl at school, find the courage to be herself and stand up to bullies. The Pancake Girl is an inspirational story that shows how a small act of kindness can make a big difference in someone's life. #KidLit https://amzn.to/2YvUF7d ◄",0,0,age,age,False
16939,You like like every girl that bullied me in high school in the old pic,0,0,age,age,False
16940,i hate seeing girls that literally BULLIED me in high school now fawning over harry styles not cool man not cool,0,0,age,age,False
16941,Schools are opening and vow to keep us safe from covid but can't even keep us safe from bullies. Sign my petition!!!! #stopbullying #defundtheschools #defundschools Schools dont even teach us enough black history. I learn way more online than school,0,0,age,age,False
16946,"hey girl! it's me, the chick who bullied you in high school. hope you're doing well! OMG you and your family are so CUTE! anyway i'm selling these AWESOME wraps and i was just wondering if you",0,0,age,age,False
16949,"men & descent women reject anti male feminist misandry from gold digger Cortez. She acts like a cry baby in the school yard, blaming the bully boy with lies promoting herself &amp; motivating bias against the boy &amp; all boys - this is a Pelosi style hate crime against all men @POTUS",0,0,age,age,False
16950,I once mildly bullied a girl in our first year of high school in 1983. I also didn't defend her against other bullies. I remember that day and the incident vividly. I apologised to her c. 1992 at my sister's wedding. I am still mortified to this day,0,0,age,age,False
16953,"My girls are bullied and I have been to the school, changed schools and it still goes on. It’s everywhere. The most severe is my jr high child. This one girl is horrible. She bullies so many. She told my daughters ng to kill herself. She tortured, stalks my daughter. I texted her",0,0,age,age,False
16958,Lol we high key conditioned for it. I actually never wanted to be married but was bullied for being gay starting 6th grade cause I wasn’t hell bent over any boy. Then pressured to being more like a girl. + what you see on tv ++ your parents actually set you up the most for it,0,0,age,age,False
16971,if it's any consolation there's a good chance your high school bully is tangled up in a weird dietary supplement pyramid scheme that nobody's heard of,0,0,age,age,False
16973,"I've been bullied in high school myself by other girls. I always had no friends, I used to be super quiet and hide in the library so I wouldn't get my clothes ripped off me again. Glad to see this kid punch that fucker, I know what it is like.",0,0,age,age,False
16977,I'm glad to see all the bullies I loathed in high school finally got jobs. (I guess the mob didn't want them.),0,0,age,age,False
16978,Nigga nyc is bad! The all Black schools will bully u worse than these white kids about your Black features and color and they’ll be just as bad if u Lightskinned and “look/act/talk” white. Also if u are non-American in ethnicity (or have an accent or foreign look) tuh,0,0,age,age,False
16983,"Heyy anfal, children are innocent creatures and they will listen to you because you are the adult and they look up to you. As an adult you mustn’t promote such behaviors like being rude about someone’s appearance/ looks. If this goes on her daughter will be a bully in school.",0,0,age,age,False
16984,Tell me why I just remembered out of nowhere that like during my first ever week of college some dude told me I looked like the type of girl who bullied people in high school I’m triggered,0,0,age,age,False
16987,Im gonna bully my philosophy teacher with this question as soon as we get back to school,0,0,age,age,False
16988,"When I was 12 I shit my pants during baseball practice. I went and sat down to hide the big shit stain on my white pants. A baseball landed a foot from me and I refused to grab it. The biggest bully in school came over. Took one look at me...said ""dont worry I got it"".",0,0,age,age,False
16994,It’s insane to me how many girls are coming out about being slut shamed &amp; getting their nudes exposed yet a lot of them &amp; their bfs bullied me in high school &amp; teased me about it. No one spoke up for me. If you were silent when my name was mentioned you were a part of the problem,0,0,age,age,False
16997,that blonde cheerleader looks just like a girl who used to bully me in elementary school ldfjsldjf,0,0,age,age,False
16998,Don’t you remember primary school and bullies were given a time out?,0,0,age,age,False
16999,You can't convince us that LAFC is not subbing in two young actors in LA who exclusively play high school bullies.,0,0,age,age,False
17005,"At the rate that black people are getting murdered by cops, I feel like all them cops got bullied by black kids when growing up or got rejected by a black girl in high school.",0,0,age,age,False
17009,if a boy comes in with long hair you are supposed to look at him and assume he's a girl? I knew kids who were bullied in high school like that,0,0,age,age,False
17010,EDM twitter is worse than the bullies back in school that they claim to hate so much,0,0,age,age,False
17011,I knew this girl in high school who got bullied for wearing cat ears and a tail everywhere,0,0,age,age,False
17016,"My sis was a good kid, but she had issues into High School. Once she had gotten into a serious fight with a girl who decided to bully her. Nikki (my sis) won the fight and put her in line, but Principal Victoria was /pissed/, especially when my Dad said he wasn’t upset with Nikki",0,0,age,age,False
17020,@RepTedYoho I have to tell you Ted with the last name YOHO people shouldn’t expect more from you. You’re one of those guy that didn’t have a violin high school. School bully you &amp; put you in locker with your underwear in your head.Remember the name YOHO.ALEXANDRIA OCASIO CORTES !,0,0,age,age,False
17024,This girl who looked like a man bullied the fuck out of me in high school bc she was homophobic. I strongly suspect this is the problem.,0,0,age,age,False
17026,Eric ....Nadler is a very sick man who should not be in this position and he is as immature as a school yard mad dog bully. Everyone's got his number.,0,0,age,age,False
17029,"Seriously, Scott?! You honestly believe that if Joe Biden is elected this just goes away? It will get worse my friend! God, if a civil war breaks out next week? What would you do? Look at it like this. It's the high school bully scenario all over again.",0,0,age,age,False
17030,when the biggest bullies in high school wanna call out bullying,0,0,age,age,False
17038,I scrutinise pictures to check for people who used to bully me in school and evidence of erections. Social distancing... not so much,0,0,age,age,False
17041,Cody need to bring his fat ass to school !,0,3,age,not_cyberbullying,True
17049,"tw fatphobia + medical conditions + death / anyway remember when i was a freshmen in high school and this guy i was ""friends"" with said i would die of a heart attack bc of my weight. anyway i think, legally, i should be allowed to bully men",0,0,age,age,False
17050,My parents and siblings stay roasting me for no reason. Mind you I'm a master at the comebacks due to people TRYING to bully me at school before i shut them down . So my comebacks be making my siblings cry and my parents reevaluate their entire process leading to my existence.,0,0,age,age,False
17055,this is why we can’t have anything nice straight tiktok takes EVERYTHING from us and now no control- like if you’re gonna disrespect the boys atleast do it right. definetely the people who’d bully 1D fans in school for stanning them only cause it’s ‘trendy’ now,0,0,age,age,False
17060,"Considering brexiters will block anyone who won't follow their narratives, you get no moral high ground. Plus, you bullied a teenage girl. You don't deserve the respect to be listened too. Get over yourself.",0,0,age,age,False
17062,"At all the girls who bullied people in high school, that’s why your fat now",0,0,age,age,False
17063,Living out ur high school bully fantasies online is praxis now,0,0,age,age,False
17067,thinking about how my sophomore year a girl who bullied me in junior high wrote her final essay on my google drive then blamed me for not signing out then asked me to send it to her and i just said “sucks”,0,0,age,age,False
17070,"Laughing pretty hard at the girls from my high school reposting the “if you notice someone getting bullied please be their friend” post like they WERENT THE BIGGEST BULLIES IN HIGH SCHOOL. We see you, we remember.",0,0,age,age,False
17071,"I’m watching a review of Tall Girl, and as a certified Tall Girl This is the most overdramatic thing ive ever seen...in high school I got bullied for basically everything EXCEPT being tall.",0,0,age,age,False
17073,She's the first of our heroes to be ride or die Luna Lovegood. Anyone who can see that that girl is an absolute treasure is a High Quality Individual. Plus she stands up for people being bullied since BEFORE SHE WENT TO HOGWARTS when she yells at Malfoy for Harry. Heart of GOLD,0,0,age,age,False
17076,"I have some long, drawn out thoughts about Gabbie Hannah. She reminds me of the girl in high school that people bullied because it’s easy bully her. It’s a shitty thing to say, but it is very obvious that is what is happening. I can’t remember any specific information about what",0,0,age,age,False
17077,Made it a living hell and I'm sure I'd made my social skills less than optimal until high school. I was the bullied by the boy that liked said girl but I kiked that boys ass and then his friends asses. Ganing then 2 years of not talking to no one but one intendent don Pedro.,0,0,age,age,False
17085,@TedYoho AOC made you look like a bum baby shitting it’s pants in your apology. Totally lackluster. Totally missing the bigger point. You have respect. Middle school bullies have better tactics than you.,0,0,age,age,False
17091,"this girl who bullied me and called me fat bitch throughout high school literally is heavier than i was when she was making fun of me. i celebrated when i found out. that bitch used to take my lunches away telling me ""the pig needs to be controlled""",0,0,age,age,False
17096,I didn’t even know what call her daddy was before this week but I’m 100% sure that the girls on the podcast would have bullied me in high school,0,0,age,age,False
17097,"I had short hair in middle school and people would question my gender. In high school I got bullied for dating a girl, by the kids in school and parts of my family.",0,0,age,age,False
17103,I’m confused on where she even mentioned race in the tweet ¿ and also idk how someone who bullied a girl in high school for not wanting to do camo day for owl week can even speak,0,0,age,age,False
17109,You were bullied and humiliated by the pretty girl in high school and now you pay a gorgeous woman to degrade and belittle you. findom | finD | humiliation | paypig,0,0,age,age,False
17115,Yeah. its disgusting- that girl maybe a little kid who just wanted to play royale high and got bullied by those girls..,0,0,age,age,False
17120,"Sorry I don’t have any. A bully at my school took my iPad and deleted all my apps, including procreate :(",0,0,age,age,False
17126,"In high school I was a ""practice girl,"" meaning the dudes who bullied me went on to be charged with domestic violence",0,0,age,age,False
17133,"when I was in high school a stupid girl bullied me so badly and made me never want to show my face in school, then on her last day of school she came up to me to apologize and say “I was jealous of your style” lmao wut",0,0,age,age,False
17134,"I was always amongst those called to stay at the end of assembly coz of unpaid school fees. I even knew before they called the names that I was gona be there. Kids laughed but so what? We had bigger things to worry about, my dad also beat my mom so nje I was numb to bullies.",0,0,age,age,False
17138,"Still cannot believe in high school the girl who bullied me the most would consistently just name drop me on twitter and make fun of me, my singing, my talking about feminism etc. she treated me like garbage on public for social media for her friends to laugh at",0,0,age,age,False
17140,"the girl who abused me knew me because she used to bully me in school. fucking slut, the only reason she was never expelled was because her rich parents said that they would stop giving the school money. i hate priveledged sluts like her, they deserve absolutely nothing",0,0,age,age,False
17149,You seem really smart so I’m grateful for your valuable insight. Always happy to throw an ego boost to the bullies &amp; let em school me &amp; call me names. Hopefully it saves the poor ppl who have to deal w you in real life from some abuse,0,0,age,age,False
17152,I did think of bullying in schools and what bullies would do just to be spiteful,0,0,age,age,False
17154,"Do tall girls actually get bullied like this? The ones in my high school were all super popular and usually muscular af, so no one fucked with them",0,0,age,age,False
17155,"Your bullies at school might have thought the same.. ""No harm intended"" and just ""for fun"" Then why didn't you stay indifferent and why did you become stronger and resilient???",0,0,age,age,False
17164,the girl you bullied in junior high school,0,0,age,age,False
17168,"I had a very different high school experience. Thankfully. At my school, the culture of the school was very progressive. Matriculants would shame older boys trying to date younger girls, if you seemed lonely, people would invite you. If you bullied someone, you become an outcast.",0,0,age,age,False
17170,if i met middle school mia irl i’d bully her,0,0,age,age,False
17181,Again. That’s not leadership. It’s how to deal with a high school bully.,0,0,age,age,False
17185,@nightbarbie I was making a vid when this rude girl started changing the screen color I told her too stop kindly and she “no” then I said “but I got here first” the she said “too bad” and stared changing it. I get bullied a lot in royale high (I know it’s because im black),0,0,age,age,False
17190,I remember when these three girls bullied me on the bus in high school because of the boy I was dating... that was probably when I peaked now that I think about it.,0,0,age,age,False
17192,"I obviously don’t know either of them, but from what I’ve seen, Keira’s been hurt like crazy in the past and puts on a hard persona, while Alisha is the girl in high school who laughed and mocked those who were bullied by the ring leader.",0,0,age,age,False
17194,"I was the fat, glasses-wearing new girl every year of both Jr High &amp; High School. ""Hell"" doesn't even come close. This was late '70s-early '80s, before all this anti-bullying stuff started. If you talked to adults about being bullied, they told you to toughen up.",0,0,age,age,False
17204,having a mandala effect moment I remember this girl from my high school who was older than me and bullied me but now she doesn’t exist according to Facebook and Instagram,0,0,age,age,False
17212,Ya the girl who bullied and stalked me in high school looked like this dude,0,0,age,age,False
17217,"I got bullied pretty relentlessly in high school gym. Two girls, Myasia and Kaia, told the assholes bullying me to fuck off one day, then let me hang out with them in class the rest of the semester. They taught me how to braid my hair. They were so so kind to a weird anime girl.",0,0,age,age,False
17225,It would be a great public service if the high school bully bloc repurposed their equipment for good.,0,0,age,age,False
17227,My like? I agreed with what you said about outside agitators but why would you think that white supremacists are not college snd high school age? My daughter was recruited in high school. It was one of the worst moments of my life. She had been bullied by a group of black girls -,0,0,age,age,False
17241,Those girls from high school that bullied you because you were tall and too skinny. I have bought masks to match my outfits. Always have to be fashionable. #Fashionista,0,0,age,age,False
17248,"I hate him so much, if I was in school with him i would in fact bully him",0,0,age,age,False
17251,"Storm Trooping in Portland+! Political Reelection Ploy- Expedient-B.S. from you, a grade-school-yard bully. In April-May, YOU INCITED CRAZIES, MANY ARMED, TO RIOT &amp; ATTACK STATE HOUSES- ""LIBERATE,"" without rebuke, backing a dangerous early re-opening ""by Easter."" Law &amp; Order?",0,0,age,age,False
17258,mom jeans is racist  actually the correct statement is mom jeans kicked out a band member that bullied a girl in high school.,0,0,age,age,False
17266,I was bullied for having long hair in high school. The girl went as far as to put gum in my hair and said everyday I come show off my long hair. Hers was well...there wasn't much on her head. So it's very possible.,0,0,age,age,False
17268,"I will never call a trump disciple suppremacist Karen. I was bullied at school because my mother was my teacher I think to all the little girls who are name Karen. Childrens could be stupid, they're bullies who will try to find all the excuses to bully.",0,0,age,age,False
17272,Funny most of these thugs do this to people obviously not up to the task of fighting back...saw this in high school never worked out for the bully in the end,0,0,age,age,False
17273,"Media supported school yard bullies. Nothing more than low IQ pieces of shit. If you can't respect other people, and their property, you don't deserve to participate in the same society the rest of us civilized people live in. I said it, and I mean it.",0,0,age,age,False
17275,New school bully,0,0,age,age,False
17276,I was bullied for being the “poor girl” at my high school.,0,0,age,age,False
17279,"I got bullied as well, from primary school to high school, form both boys and girls. You don't see me being a dick because of that.",0,0,age,age,False
17286,This is what happens when you give uneducated X high school bullies football players with brain injuries and only 6 months of training a gun and A badge. It takes more training to cut hair....,0,0,age,age,False
17292,And you are? By your attitude it seems you were the bullied girl in high school who never received attention and thinks it's cool being an asshole online. Manners never existed. My acc is just as real and yours. Ya'll weird.,0,0,age,age,False
17296,"San Siro for god’s sake, but I didn’t want to be like my bullies or like the same music as them. That’s why i stanned 5sos, because they hated them back in elementary school. And now i feel so dumb, I could’ve easily just told my classmates that the boys wouldn’t be happy about +",0,0,age,age,False
17297,Every girl who bullied me in high school for being gay now runs a fitness/health Instagram account where they promote self love and positivity,0,0,age,age,False
17298,I regret moving to this school. So many bullies,0,0,age,age,False
17301,"A lot of then wont do anything. I was bullied all throughout high school. I actually dropped out a lot because of it. I was jumped by a group of girls I went to school with. All the principal said was ""What am I supposed to do about it?"" Uh.. Suspension? Expell them?",0,0,age,age,False
17305,"...that's literally not what I'm saying at all. I'm talking about the clip not trans as a whole. if wearing the color blue is that much of an issue, bullies in high school are gonna be devastating.",0,0,age,age,False
17310,"Those bullying case, remined me of the same thing that happened when i was in Junior High._. It's not me who get bullied but a girl from the other class.",0,0,age,age,False
17314,"Prolonged school closures have had a significant impact on children's health and well-being by lessening the exposure to this deadly highly contagious virus. My kids ain't going back to school right now, Forrest so save your breath. Go bully and kidnap protesters! #VoteBiden2020",0,0,age,age,False
17317,"But why couldn't they go to the same restaurant?, ""Rosa didn't do anything wrong"", ""Why did they bully them in school?"". Even after I explained what protests &amp; civil rights were she didn't understand why people were so mean (racist).",0,0,age,age,False
17320,"I was bullied in high school when I moved to the US from Germany, it took me putting a girl's head into a locker door to stop the torment.",0,0,age,age,False
17330,Me & my roommate were talking and I just remembered there was this one bitch in high school who was obsessed with me and would copy my every move. She wanted to be me SOOO BAD omg.,0,0,age,age,False
17337,"You are very ugly inside..u hate this guy so much it has made u act like a high school girl being bullied... states should fend for themselves then at last resort go to the fed..we have 50 states.keep having hateful people on your show joy, u should be ashamed acting like a child",0,0,age,age,False
17338,"Ran into the girl that bullied me in high school at the store this morning. I was wearing my Hogwarts sweatpants, flip flops, and a Neon blue wind breaker in case you were wondering how impressed she was with my glow-up.",0,0,age,age,False
17340,He was a friend of mine. And I saw him treat people with respect from all walks of life. What a cruel thing to say. Were you one of the bullies in your school growing up?,0,0,age,age,False
17343,"I’m sorry but it makes me laugh seeing all of these bullies/ bitches from school posting shit about “Got A Tattoo Which Means Bullying Is Bad!” And posting about how bullies “need to take a good long look in the mirror” Actually hilarious, seeing as they’re BULLIES...",0,0,age,age,False
17354,"I remember this girl in high school had a YouTube channel, and she would get bullied for it &amp; I never understood why. Now everyone wants to be a YouTuber",0,0,age,age,False
17357,@Simplydabest10 thats great! because if not the bully could've kept going & doing worse things ... I had a bully in elementary & jr high,0,0,age,age,False
17362,i had to buy baby food for my bearded dragon and the cashier at publix was a girl who bullied me in high school and. all i had on the belt was 3 jars of sweet potato baby food and i was like,0,0,age,age,False
17373,i just remembered this one girl in primary school i hated her so much a girl was my primary school bully,0,0,age,age,False
17378,even if a friend of mine (let alone an EX PARTNER) said they were now dating my high school bully i’d literally move country because that is so wrong and weird i would not know how to handle it,0,0,age,age,False
17380,Yeah feels p old school with the exception of the grappling hook,0,3,age,not_cyberbullying,True
17381,I had a classmate who was autistic and he became stressed and depressed and told his parents that he dont wanna continue his studies which also made him fear that if he continues school students are gonna bully him to death just because he is autistic..,0,0,age,age,False
17383,"Cass is like a school bully, out for Littany because she’s “weird.” ITS 2020 WEIRD IS COOL LITTNEY IS COOL #BachelorInParadiseAU",0,0,age,age,False
17389,anybody that enjoyed middle school was probably a bully,0,0,age,age,False
17392,I'm saying this as a person who is in a lacrosse team and in a school who some of my bullies play lacrosse,0,0,age,age,False
17398,what is your high school bully doing now ideally rotting in jail or something but he's part of the royal family so that's 100% not the case,0,0,age,age,False
17402,"Finally got the guts to tell a high school crush I liked him. Told me he sees me as a friend and said he liked a different girl who bullied me (He didn't know). I was crushed, but got over it eventually. We're still friends and part of our D&amp;D group.",0,0,age,age,False
17410,"I wasnt bully guilt shaming, i really do hope your family comes out ok. I see many others clinging to 98% recovery rate as if they couldnt possibly be the 2% to die. If you are so confident in opening schools, own up to the mortality rates as well, it has to affect some1s family",0,0,age,age,False
17428,My high school bully got married today and I just don’t understand why life isn’t fair,0,0,age,age,False
17437,"that's what progressive ideology preaches, IMHO, throw temper tantrums, burn, loot &amp; kill to get your way... Because... F the rest of us, it's All about them because that's what they learn in school these days... To be narcissistic bullies to get their way...",0,0,age,age,False
17441,"me and my mom are going to shave our hair, i know im probably going to get bullied for it but cancers been a big part of our family. every girl in my family has had cancer in the past meaning theres a high risk i will get it. doing this will help a lot of people including us",0,0,age,age,False
17445,"I was bullied for years, because I was the new kid. Later, in high school, I was the goth girl, the one alone who dresses in black",0,0,age,age,False
17446,i can’t believe this is the girl who bullied me in high school LMFAOOOOO,0,0,age,age,False
17447,Yeah I know what you mean. I knew when I got older my skin would clear up and it did. Weight changes over time and is something you can fix usually. I have definitely been bullied for being a girl/woman which really sucks but whatever I can’t change it. High school is over.,0,0,age,age,False
17451,when all my school friends thought i was a bully when they first saw me,0,0,age,age,False
17455,"The girls that make social media accounts posing as witches and selling merchandise, are the same girls that bullied me in high school for believing in astrology and earth magic.",0,0,age,age,False
17456,I will never forgive n forget those girls that bullied me in high school. Never,0,0,age,age,False
17465,some girls just straight up look like they would have bullied me in high school,0,0,age,age,False
17477,I love going to the fitness center at my university because I can see all the girls that are wearing gymshark and would have bullied me in high school,0,0,age,age,False
17478,The dumbest bully in the average grade-school playground can post crap that makes more sense than anything you offer here. Bye!,0,0,age,age,False
17489,the girl calling me disgusting for having an onlyfans is the same one that bullied me and knowingly slept with my boyfriend in high school but keep going off,0,0,age,age,False
17491,"True its a very lucrative grift! I must admit, I was paid 25 cents and some pocket lint by my school bully to grift the left. I never saw so much money in my life.",0,0,age,age,False
17494,"Light Skin girls get brutalized by Black girls all the time. When I was going to high school they would do very nasty stuff like cut their hair or put gum in it. Also, as someone who is ""light skin"", I got bullied pretty bad. They don't fight 1on1 that is for sure.",0,0,age,age,False
17496,Whenever I feel bad about myself I go on Instagram stories and look at all my middle school bullies who now are in pyramid schemes.,0,0,age,age,False
17501,"PE at school was torturous, teenage girls can be so nasty about someone for something as simple as them being bad at catching a ball. Sport should foster teamwork not encourage kids to bully each other",0,0,age,age,False
17512,the girls who bullied me in high school once went up to me and said that and i’ll tell you it was pretty devastating to my 16 year old self esteem its a decent insult,0,0,age,age,False
17527,i wish draco stans went to school w him he would bully y’all for breathing,0,0,age,age,False
17529,my chronic fatigue bullies me harder than every popular girl at my middle school combined,0,0,age,age,False
17549,"This U.S.A. 'playground' is full of bullies. Since parents had a hands off approach in raising these young people, I believe the school system might be to blame.",0,0,age,age,False
17550,Someone just asked me how my high school experience was.. “I bet you were one of the mean girls” they said uhhhhh no I was the one that got bullied by the mean kids,0,0,age,age,False
17553,"I was bullied by my own teacher until I fainted and had a fit in front of my classmates. Was told by the school nurse I could no longer take PE, because she was concerned about my mental health. Did they do anything about the bullies in my class or the teacher? Of course not.",0,0,age,age,False
17556,Amanda is a former shy fat girl from high school. She was bullied a lot in school. She reluctantly reunites twenty years later with her former best friend at their reunion. She claims her favorite snack is/was Zebra Cakes. Many people would say it is/was everything.,0,0,age,age,False
17557,It is also unacceptable Cortez calls our president a racist. She “feigns the damsel in distress” when it suits her. She is the bully on the high school playground. A fake excuse for an American.,0,0,age,age,False
17568,"Tall white girls get bullied just like everyone else does, but then high school is over and suddenly they're getting Victoria's Secret modeling gigs that present them as the epitome of beauty. The bullying doesn't stop for everyone. It just gets normalized.",0,0,age,age,False
17573,"There’s something comical about seeing a picture of the girl who bullied you throughout high school and has even attempted to have you uninvited or make you feel uncomfortable at events with shared friends well into your 20s, wear a “be kind, do good” shirt",0,0,age,age,False
17584,Lmao this is such a school bully pyramid scheme living room,0,0,age,age,False
17589,"Nah. Lilac was typically the kind of gal that Vanity would rape, bully and impregnate all the time. Vanity was barely able to love, so loving living onaholes was impossible to her But fucking them into submission would be enough for these sluts.",0,0,age,age,False
17591,his school bully got whacked :),0,0,age,age,False
17597,when she's a stereotypical school bully mean girl bad girl hybrid with a hint of m^rderer...,0,0,age,age,False
17598,"MLK and RFK scared the rich. Imagine at school if all the prefects or head boys were suddenly not allowed to bully, haze, get off on and in the real world have to pay a fair wage to and insurance for while adhering to an agreed upon workplace environment? JFK and 9/11 were clear",0,0,age,age,False
17606,"The school system makes it so that the very smart and exam capable, are given intellectual superiority and may bully others for being in lower sets.... .... This is very similar to how those who dislike/are bad at PE get bullied in PE",0,0,age,age,False
17610,That's the exact opposite of what I believe. I don't believe in emotional lying about swathes of people to bully and shame people out of working and having friendships with people you don't approve of over petty high school bullshit.,0,0,age,age,False
17622,"You haven’t seen the front line of ANY real conflict soyboy. You’re a joke, probably bullied in high school, but your parents told you that you were special, got to college, but no girls look at you, still playing Minecraft and eating hot pockets wanting to be relevant.",0,0,age,age,False
17628,I saw my primary school bully...he tried to smile at me... BITCH FK YOU ASSHOLE YOU CAN SUCK MY DICK LOL,0,0,age,age,False
17633,when the girl who bullied me high school requested to follow me on facebook i was like:,0,0,age,age,False
17635,I also remembered in high school this really sweet &amp; pretty girl who always stuck her back out always got bullied - granted fashion choices were questionable (one time she wore a cardigan as a shirt with only one button on the top buttoned). Bitch had scolisis. Fuck you guys.,0,0,age,age,False
17640,So the high school bullies get to be famous........,0,0,age,age,False
17642,i bet my mom was a high school bully,0,0,age,age,False
17649,"Trump wants to know why Fauci is 'more popular' than he is - Trump childishly complains that Fauci has ""higher ratings"" than he does.Really, Trump? Trump is a petulant, insecure school yard bully w the mentality of a 12 year old. @realDonaldTrump",0,0,age,age,False
17650,"sure, girl that bullied me in high school, i would love to like your business page on facebook! get fucked",0,0,age,age,False
17652,my school bullies following me here like they didnt just make fun of me less than a year ago&lt;3,0,0,age,age,False
17653,if i saw this type of person in school i would bully them too,0,0,age,age,False
17656,sounds like high school bullies never i want to see that,0,0,age,age,False
17657,"Yes nau first in FORMING naught boy everybody respect me for primary school, I turn myself to Time Prefect nobody fit sound pimp. When I reach Secondary school I was also the First in Coded Naughty Boy because na Private school and Dem dey strict pa. But I wasn't a BULLY OO....",0,0,age,age,False
17659,Throughout high school I kinda got bullied by girls because 1. I didn’t dress like one 2. I was in discovery mode about my identity and my sexuality and my hair was in a pixie cut 3. I refused to wear anything to show off feminine features of myself,0,0,age,age,False
17664,"This is also in keeping with his more general approach - he is an uncompromising bully on a lot of things (ie unions, the media, municipalities, school boards, etc) but has never been willing to pick a fight with the federal government (see the 2016 health funding ""deal"")",0,0,age,age,False
17666,one girl in my friend group used 2 bully one of our other friends back in high school so much n now that we all reconnected as adults they're bffs with matching tattoos but girl i could NEVER befriend someone who bullied me that bad.. that must be another level of maturity,0,0,age,age,False
17676,"I was the ugly duckling most of my life. I remember when I got held back in 3rd grad because I wasn't mature enough to be graduate at age 18- a couple of boys called me ”gorilla girl” because of my looks or I have autism. Even middle &amp; high school, other kids bullied me as well",0,0,age,age,False
17685,And a school yard bully.,0,0,age,age,False
17690,"Summary: high school student Tatara Fujita wants to be good at something - anything. Unfortunately, he's about as average as a slouchy teen can be. The local bullies know this, and make it a habit to get cash from him, but all that changes when the debonair Kaname Sengoku... 4/14",0,0,age,age,False
17691,"Why is @jamescharles acting Like a middle school bully after getting called out for his queer baiting nonsense? There's a reason most your fans are 13 year olds, time to grow up.",0,0,age,age,False
17693,"In high school, a girl who was closest me was stressful. Whatever I said, she evaluated it like 'hey why u thought u can say it in front of me? I'm pissed.' I just keep my mouth shut because she was the only person who talked to me at the time. I was bullied",0,0,age,age,False
17700,"Truth? Truth is not subjective. Nor is science. Unlike your vulgar abusive language. I bet Jesus is so proud of you for ""owning a lib"" . Ppl are dying as a result of misinformation. And your ""truth"" is name calling like a school yard bully.",0,0,age,age,False
17702,In elementary school it was the black girls who picked on me and bullied me. In middle school it was the black girls who made fun of me because I was smart. The white girls cheered me on. In high school it was the black boys who made my self esteem drop. 1/,0,0,age,age,False
17705,What was school hockey but an excuse for bullies to hit people with sticks? And any throwing game was throw things really hard at the victim or make sure they never got a chance with the ball F*ck PE,0,0,age,age,False
17741,"The fact that YTs are still calling others “nigger lover” is so disgusting. Drop some names and let black twitter take care of things. (Side Note: @HollywoodSzn is a friend of mine. He’s also pretty young so please forgive any mistypings, bc I advised him to share his story)",1,1,ethnicity,ethnicity,False
17742,& the place we call home (U.S) they kill/racism for being colored,1,1,ethnicity,ethnicity,False
17748,"GO TO HELL ! “@WhitePowerr_: Don't start with that ""I'm brown"" bullshit. You are black, you are a nigger. You are filthy &amp;amp; disgusting.”",1,1,ethnicity,ethnicity,False
17758,"thank u eya and i’m also grateful that i met u here as well, i’m pretty sure ur one of the first ppl i interacted with here and i’m grateful for that ilytttt",1,1,ethnicity,ethnicity,False
17765,can the first one be ur final carrd,1,1,ethnicity,ethnicity,False
17771,@brittd1178 all the blacks who followed her after she said #nigger? Y'all some dumb fucks. Why follow? It's like going back into slavery.,1,1,ethnicity,ethnicity,False
17777,@LivinLifeLifted no no no don't get mad because I said you can't fuck! Dumb nigger,1,1,ethnicity,ethnicity,False
17780,Ya just don't understand how happy that fuck ass dumb ass ugly ass fat ass annoying ass nigger makes me,1,1,ethnicity,ethnicity,False
17786,“Black QBs get paid less and they should accept every penny those grubby niggers get.” That’s how you sound you dumb fuck.,1,1,ethnicity,ethnicity,False
17792,"First of all congratulations for ur sucess.And let me one thing never be care about what's the other people are saying....just carry on ....and u must be a successful person in ur life,when u ignore these type of illiterate Thinkings...god bless u...",1,1,ethnicity,ethnicity,False
17796,"taylor doesn’t have to beg people to buy/ stream her music for it to be successful. she literally dropped a surprise album and sold 1.3M in the first day, literally no one else would be able to do that. plus scooter only uses jb’s twitter, not his instagram.. so ur already wrong.",1,1,ethnicity,ethnicity,False
17798,@MIfedi fuck you stupid nigger great class rot in hell dumb bitch some student athlete you are!!,1,1,ethnicity,ethnicity,False
17824,@UsherPassion shut the fuck up. A spic is a law enforcement term for Spanish person in custody dumb nigger. And actually the country is shit,1,1,ethnicity,ethnicity,False
17829,That is why I find the uneducated in the black community firstly calling themselves niger in the third person so disgusting,1,1,ethnicity,ethnicity,False
17840,Aint een black but the word nigger is disgusting and unacceptable Mfs should get they ass fuckin beat for using that word ever,1,1,ethnicity,ethnicity,False
17843,Because they can't play with white kids? I think we are going back in history. Is black baseball still called the negro league? No.,1,1,ethnicity,ethnicity,False
17847,"Negro translates to black in Spanish. His English is broken. I've been called a white person when I worked in Africa all the time. I don't see an issue, they were calling me by whatever was easiest for them. Same goes for the GK for Leeds",1,1,ethnicity,ethnicity,False
17856,"Observing niggers in west oakland, damn right when I thought they were stupid they brought it to a whole new low. NIGGER = dumb fucks.",1,1,ethnicity,ethnicity,False
17857,The fucking freaks literally think they are going to replace me with that spic pussy faggot garbage. Like steal my home and insert his disgusting freak nigger ass...and I’m the one with black heritage,1,1,ethnicity,ethnicity,False
17859,"It’s called Black consumption. It’s a ritual practiced by white supremacist. They did this to Nat Turner. The book, The Delectable Negro, talks about this.",1,1,ethnicity,ethnicity,False
17861,"HASN'T DONE ANYTHING FOR THE PAST 20 TO 30 YEARS FOR BLACK LIVES WHILE HE WAS IN CONGRESS EXCEPT FILL HIS POCKETS. ONCE THERE WAS A CIVIL RIGHTS HERO, THEN HE WENT TO CONGRESS IN THE DEMOCRAT PARTY AND DID NOTHING BUT LIP WORK. SORRY LEWIS RIP BUT TRUTH BE TOLD",1,1,ethnicity,ethnicity,False
17866,"Lol I've tried doing that when I was in the fandom. I even tried making friends. But because of the fact I was an ARMY first, I was called a dumb nigger, Fake fan, and an ape. So fuck that. I support EXO, but I despise the fandom",1,1,ethnicity,ethnicity,False
17870,This person in office didn’t make anything worse. How about asking your past potus Nobama who was the first black potus who did nothing about race. Even his home town Chicago was a mess then.,1,1,ethnicity,ethnicity,False
17884,Last I checked that would be categorized as filing a false report agin a Negro while white woman. Brother had to produce VIDEO That ain’t justice that’s called being Black in America and not an entertainer - entertain them and you’re kinda accepted.,1,1,ethnicity,ethnicity,False
17885,@LowKey_Bee fully support that man. ppl are dumb as fuck. some idiot was on here trying 2 tell me nigga and nigger don't sound the same!,1,1,ethnicity,ethnicity,False
17888,"I find it disgusting and strange how a black person can call another black person, or themselves, ""nigger"". Its degrading!!",1,1,ethnicity,ethnicity,False
17892,not how it went dumb nigger we killed you to choke me and beat the living fuck out of money please rt my family is dy,1,1,ethnicity,ethnicity,False
17902,"If the past couple of days/weeks/months/all of our lives has shown us anything, don’t nobody give a fuck about you if you’re a black man.",1,1,ethnicity,ethnicity,False
17904,Whew you could have said n word instead of typing it and cracker is not derogatory it doesn’t have the same history as nigger you dumb fuck,1,1,ethnicity,ethnicity,False
17906,"How any mature, educated person can ever call a black person a ""nigger"" is beyond me, it's such a disgusting malicious insult to use",1,1,ethnicity,ethnicity,False
17912,"A liberal blogger & another post says she had an anti-trump website in 2015. I am sorry, but back in the day, she would have made a very fine house nigger. Always been black people invested in white supremacy - disgusting. I am mixed race &amp; have insights she does not: a fool!",1,1,ethnicity,ethnicity,False
17922,I know a dumb as band member didn't say how much do u think about us a day I DON'T GIVE TWO FLYING FUCKS ABOUT U OR UR BOSS WHAT IS THE IMPORTANCE TO U OF KNOWING I EXIST U SOUND LIKE A MENTALLY ILL NIGGER,1,1,ethnicity,ethnicity,False
17929,"Its obvious u are SUPER DUMB!!!""@Shelly_Smyth: I would never fuck a black nigger they ugly and have aids""",1,1,ethnicity,ethnicity,False
17930,"Conor crossed the line. He tried to sell the fight, I understand that. But he insulted a man without reason. For example, if I say that black is nigger or being gay is disgusting - they will imprison me. I have insulted for no reason. Conor said that Khabib's father was a coward.",1,1,ethnicity,ethnicity,False
17933,Nigger means ignorant ...not knowing uneducated so if u claim to be a REAL NIGGER its like ur saying (hey I'm dumb as fuck iont kno shit),1,1,ethnicity,ethnicity,False
17934,@BigBlackKam u are really dumb as Fuck and know nothing. I was never in special ed classes. And ur black which is nigger. So bam whitepower!,1,1,ethnicity,ethnicity,False
17937,"My first UR hero... is Michael, also my first ssr hero. He really likes me and just keeps showing up in my destiny draws :)) not that I hate it. He is one of my primary units (except when he isn’t...)",1,1,ethnicity,ethnicity,False
17939,@_SherikAmour ur a straight up fucking uneducated rude-ass ghetto trash-digging NIGGER bitch.get a life loser u STUPID DUMB BITCH FUCK U.,1,1,ethnicity,ethnicity,False
17941,"@TreySongz. You bitch. fuck you. how the fuck you calling ""You people"" nigger you may be rich. But fuck you dumb ASS!!!",1,1,ethnicity,ethnicity,False
17942,Can u give me ur first daughter?she is very pretty.who is her dad?i don’t want second one.pls athu Peter parthueruparu.,1,1,ethnicity,ethnicity,False
17945,"@MarkKicksBalls fuck swimming, I didn't even play I ate then I went to watch my show you dumb nigger",1,1,ethnicity,ethnicity,False
17954,"In Kansas City there is a place called the, Negro League Baseball Museum. It was not created by white people.",1,1,ethnicity,ethnicity,False
17958,"I think people are upset about David Dobrik (and to be honest, white Youtubers/celebs) because they get a lot of passes for their ""past mistakes"". They can make half-ass apologies and they barely lose anything. But be black and allude to something about Jews and u lose everything",1,1,ethnicity,ethnicity,False
17978,“@somalisarecool: the black nigger race is disgusting”| aren't u black yourself?,1,1,ethnicity,ethnicity,False
17984,"@PARISDENNARD how can you sit there and let thump make a fool of you, you know how hard he's laughing when he see your dumb ass protecting him he be like look at my nigger behind closed doors smh Wake the fuck up !",1,1,ethnicity,ethnicity,False
17985,@eMcCrady_89 no racism. She's taking a pic of different colored Americans. It was her first time to the u s of a.,1,1,ethnicity,ethnicity,False
17987,When white ppl wanna say nigger they tell u an incident that involved racism so nigger will have to just be part of the story,1,1,ethnicity,ethnicity,False
18007,a lot of horny energy went into that first one also pumping ur bro is just part of the everyday workout routine &gt;:)c,1,1,ethnicity,ethnicity,False
18008,"I never hear hispanics calling each other brown yet the tell white & black like no problem . .. . I'm not in #hs anymore &amp; I don't wanna pick a fight...but u know... We should eliminate the ""colored"" phrases #racism",1,1,ethnicity,ethnicity,False
18009,"They'd take a 'so called' public figure, publicize him, make him a celebrity, give him a top head, a long coat, and then make him a 'negro leader!' guess who becomes the the chair? Steven Courier, the white man!",1,1,ethnicity,ethnicity,False
18010,I never said anything close to it being right. The past destroys nicks argument. I am very much for individual liberty and equality but we cant make shit up to suit the black community.,1,1,ethnicity,ethnicity,False
18019,When ur dad was the first one to show u how shitty men are RT if you agree,1,1,ethnicity,ethnicity,False
18026,"This Riley Cooper thing is dumb. He said nigger, get the fuck over it",1,1,ethnicity,ethnicity,False
18036,#WhatObamaTaughtMe black people are good at shit like killing osama bin laden like bush fuck you kill him u dumb nigger hater,1,1,ethnicity,ethnicity,False
18038,@_Kody_Jackson_ A NIGGER IS A BLACK PERSON THAT'S BEEN AROUND SINCE FUCKING OLD TIMES YOU SOUND DUMB AS FUCK,1,1,ethnicity,ethnicity,False
18053,"THEY'RE THE ""WHITE"" DUMB FUCKS OF TODAY WHO WANT TO ACT OUT THEIR PSYCHOTIC ANGRY-AT-WORLD STATE WITH ANYONE - INCL ""WHITE"" ""NIGGER LOVERS""",1,1,ethnicity,ethnicity,False
18058,shut the fuck up you dumb nigger,1,1,ethnicity,ethnicity,False
18065,@_leCREEP I DONT KNOW WHat THE FUCK YOUR TALKING ABOUT I KNEW NIGGERS WAS DUMB BUT NOT THIS DUMB !,1,1,ethnicity,ethnicity,False
18080,...the NIMBY centrist who's never once set foot in anything remotely resembling the hood. Funny thing is that Black folk built the whole gotdam cracker world. None of it would exist if White folks hadn’t dehumanized Black folks. And that's not just in the past... 7/x,1,1,ethnicity,ethnicity,False
18085,@sttsniko u were one of my first actually active mutuals n when I had like 200 followers n now u don’t even interact w me smh but anyways luv u hope ur doing well,1,1,ethnicity,ethnicity,False
18087,Just because i am quite most of the time doesn't mean i don't know what's going on. Dumb fuck niggers now u are about to taste the aftermath,1,1,ethnicity,ethnicity,False
18089,Bro the is nothing funny about white addressing the negro and the picture making fun of kids skin color. Imagine her making fun of son's skin color. If you are fine being called kaffer or nigro. That's fine,1,1,ethnicity,ethnicity,False
18092,DID THIS IGNORANT MOTHER FUCKER @BUCNASTY69 JUS TRY TO CALL ME A DUMB NIGGER...GET THE FUCK OUT OF HERE U STUPID BITCH...IM PROBABLY,1,1,ethnicity,ethnicity,False
18094,You have to be fucking disgusting to want to say forget about what we did to millions of Indians children being in women millions of black people Lillian's of so-called Mexicans &amp; still walk around with your head high and want to call somebody a Niger &amp; have Pride you're a devil,1,1,ethnicity,ethnicity,False
18096,Yh nigger I do my job.. And im still comfy on my ones And you can't bump me are you dumb.. I tell a fuck boy I'm not the one,1,1,ethnicity,ethnicity,False
18097,"First we was negros , then we colored then black now African Americans... just another fancy word to say in a Modern white society for what to called us ...",1,1,ethnicity,ethnicity,False
18100,put the controls like this after ur FIRST page that u want to keep on the top n then after u can just use one control like normal,1,1,ethnicity,ethnicity,False
18105,@_Learik_ lol it's an essay about racism andclearly I'm colored so it's fairly easy lol...what u up to?,1,1,ethnicity,ethnicity,False
18128,@LiizardPatroI @MLG_Codyy get the fuck on lizard squad I'm trying to play call of duty dumb niggers go steal something or shoot someone,1,1,ethnicity,ethnicity,False
18132,"You is my mf black queen, my mami, my wifey, my baby, my princess. I love you with all my heart and will do anything for you. I will get whoever hurt u in the past bc u deserve the whole world and much more we forever and I just wanna make and keep u happy. I love you so much ma",1,1,ethnicity,ethnicity,False
18133,I can't stand you niggers that expect black ppl to fail at everything...fuck off. You're black too you dumb fucks!,1,1,ethnicity,ethnicity,False
18135,“GOVERNOR COUMO MUST HAVE BEEN READING MY TWEETS AND I HAVE BEEN SAYING FOR YEARS WHAT IS BLACK AMERICA AGENDA” ? WHITE FOLKES GOT ONE FOR US MURDER &amp; INJUSTICE ! “WHERE IS OUR SO CALLED NEGRO CAUCUS THAT DOES ABSOLUTELY NOTHING FOR US” ? WE NEEDED A WHITE MAN TO ASK US FOR ONE ?,1,1,ethnicity,ethnicity,False
18139,Why the fuck was that nigger still standing there man nigga looking dumb an shit,1,1,ethnicity,ethnicity,False
18142,niggers are fucking STUPID I hate these fuck boy house niggers trying to stand in between me and some fucked up cracker.nigger u DUMB. MOVE,1,1,ethnicity,ethnicity,False
18146,OK ILL TRY MY BEST SBSN well since i said i can do the butterfly stroke its one wjere its rlly hard at first basically its like 3/4 things all at once when u start u do the first move n its like u pounce like a tiger put ur arms at ur sides and then do a couple of(1/?),1,1,ethnicity,ethnicity,False
18148,I mean fuck me y'all let white/nonblack animators say nigger or turn the other cheek when they are obviously fetishizing or demonizing black people in their work But hey they're popular or got a new job or built up a disgusting fanbase you don't want the Dwama :(((,1,1,ethnicity,ethnicity,False
18152,"Just read about them black teens killing that white man ""for fun"". Shit is disgusting... I hope them niggers get the death penalty.",1,1,ethnicity,ethnicity,False
18155,"#WordsISayWhenImMad fuck you,you're bitch ,moron,bitch ass nigger,dumb ass",1,1,ethnicity,ethnicity,False
18157,"Weird how BLM wont mention anything about the black children shot this past weekend but wanna run up on a church. Its sooooo fake it hurts. Im on a copious amount of drugs and even i can see it, i dunno how this became acceptable but its sad as fuck.",1,1,ethnicity,ethnicity,False
18160,Shut the Fuck Up “@mirandaNwalton: I love my black friends but least they don't act LIKE niggers. Unlike these dumb ass mother ass fuckers.”,1,1,ethnicity,ethnicity,False
18164,"I don't need to acknowledge anything. I stand by what I've said. It's not only black people who are treated like dirt so why can't you people see past that. It's not only black people,",1,1,ethnicity,ethnicity,False
18172,"Fired“@ColtyyOG: @TumblrG0d_ why do u even take selfies ur a disgusting nigger, ur so black ur like extra darkskined”",1,1,ethnicity,ethnicity,False
18177,"his whole page is disgusting. I've known quite a few Black guys who are turned on by whites calling them a nigger. I don't mean to fetish shame anyone, but whew chile...",1,1,ethnicity,ethnicity,False
18181,Who egged my truck foreal I'll bang you on spot you stupid dumb niggers your going no where come square up right the fuck now,1,1,ethnicity,ethnicity,False
18183,"As a white who understand the pain caused by apartheid racism, i feel sorry that you paint all whites with the same brush. Millions have accepted that there are black/white/colored/Indian and Asian racists living among the rest of us. Open your eyes otherwise u r no different.",1,1,ethnicity,ethnicity,False
18185,"Agreed. The Defacto Negros who are surrogates and custodians of white supremacist ideology must not only be called out but cast out. There will be no wave—riding, no grifting, or shifting of the energy. Not a drop is to 2 be wasted. We got mountains to move.",1,1,ethnicity,ethnicity,False
18192,"11 ♡ hii!! first of all, ure so gorgeous omggg i hope no one tell u otherwise!! i luv all of ur love memes hehe and also ur layout is amazing!! i love how classy u are when it comes to reacting some bad twt pls take care and stay safe!! ily",1,1,ethnicity,ethnicity,False
18193,RACISM is when u select ur white cloth to wash first before the colored n dyed ones. Say NO to racism... Wash them all 2gether!,1,1,ethnicity,ethnicity,False
18194,U know the backlash I get for being darkskin with waffle colored children? Inner racism is worse than others!,1,1,ethnicity,ethnicity,False
18204,Fuck you where we're you when you were playing games dumb whore your a bitch say it to my face nigger!!!!!,1,1,ethnicity,ethnicity,False
18206,"Shouldn't have said nigger dumb ass female Long face-""Ok nigger"" what the fuck",1,1,ethnicity,ethnicity,False
18208,I have decided to start a series called reading Negro on my Instagram I will read random chapters out of books that I’m currently reading starting tomorrow with “ things that make white people uncomfortable” by Michael Bennett chapter pending,1,1,ethnicity,ethnicity,False
18212,"@GOP i never thought I'd see the day, congress would tolerate a US President, dividing the country with hate and disrespect. This is beyond sick and disgusting! For a black farmer to have""FUCKING NIGGER"" spray painted on his property is disrespectful and not at all acceptable.",1,1,ethnicity,ethnicity,False
18221,“@hugh_hefner_jr: @CallMeSimba_ fuck you bitch. Can't text a nigger back. We done” bitch I did text your dumb ass back. Faggot,1,1,ethnicity,ethnicity,False
18226,Tired of being around uneducated dumb niggers. Sit yo stupid ass the fuck down and watch yo mouth. Been seen but not heard Lil bitch nigga,1,1,ethnicity,ethnicity,False
18229,Well if ur smart u would look up where the redskin mascot got its name. Lemme iterate... one of the first American Indians that played football inspired the name and okayed it and was greatly appreciative ab his culture being noticed,1,1,ethnicity,ethnicity,False
18231,"Do you stand by jay calling people coon or uncle tom cause that's disgusting. That man is a hair away from saying"" you're too light skinned to know the struggle"" I love being mixed cuz I get to be called nigger by racists and then told I'm not black enough by racists, fun times.",1,1,ethnicity,ethnicity,False
18234,For ur first one this is great way better than my old ones,1,1,ethnicity,ethnicity,False
18241,@squirrel_germs nope fuck you and everything you stand for dumb black cracker nigger..,1,1,ethnicity,ethnicity,False
18249,"Nigga at da end of the day we all would be gone, or somewhere else. and speakin about it is not gonna fucking matter!",1,3,ethnicity,not_cyberbullying,True
18259,YOU ARE DUMB AS FUCK LMFAOOOO. NIGGA IS THE RACIAL SLUR FOR BLACK PEOPLE. Where do you think nigger comes from? so it must be okay to call you a nigger then right,1,1,ethnicity,ethnicity,False
18262,Giving people power over you by getting offended by a word is dumb as fuck. Calling your friends your “niggas” when slave owners used the term is dumb as fuck. Getting mad when someone uses the word “nigga” when the intent is not to offend is dumb as fuck. Nigger this nigger that,1,1,ethnicity,ethnicity,False
18263,We’re in full agreement on that. I don’t have rose colored glasses. I agree . I also never said anything to the contrary. What I and everyone else will tell u is that ur not entitled to ur own definition of racism.,1,1,ethnicity,ethnicity,False
18270,"I haven't dug deep into it but this is what I do know. I don't put anything past anyone, especially those in positions of power. The reason why they get away with such outrageous shit is because people don't believe people will go that low.",1,1,ethnicity,ethnicity,False
18275,"“yall so disgusting that even if another race mixed with the TINIEST bit of nigger, they considered black y’all can have them”-white people",1,1,ethnicity,ethnicity,False
18276,"Negro is trending and white people are like “it’s not that bad, it’s not the N word” but Nick called y’all savages and y’all went and told on him.",1,1,ethnicity,ethnicity,False
18279,I actually got called negro by a white person i dont know how to feel,1,1,ethnicity,ethnicity,False
18285,"I'm so teary eyed right now, I'm watching ""The Hate U Give"" again, and its just so crazy the world today, SOOO crazy. And not enough people recognize the racism &amp; discrimination towards colored people, specifically black people. The hate given is a problem. We need to do better.",1,1,ethnicity,ethnicity,False
18287,It would have been awesome if we could have won but fuck you bess you dumb ape nigger #GoBrowns,1,1,ethnicity,ethnicity,False
18293,"Calling out Rochester Hills, MI where the first incident happened..the poor young man was just seeking directions and while the ""man?"" of house shot at him the woman screamed ""Why did 'they' pick my house""? Racism is ugly and the people who ascribe to it ignorant fools",1,1,ethnicity,ethnicity,False
18301,Oh damn I thought you were siding with me. The fact that man can refer all the negative things about black ppl as a nigger is disgusting as a white man. And here you 2 coming w/ anger towards me for as a black man find this kind offensive is what’s wrong with this country now.,1,1,ethnicity,ethnicity,False
18302,"BITCH FUCK YOU AND YOUR WHOLE ENTIRE LIFE. CHOKE ON A DICK AND I HOPE YO MAMA DIE. BITCH !!!!!!!!! ""@tayyoung_: FUCK OBAMA, dumb ass nigger""",1,1,ethnicity,ethnicity,False
18307,"Unfollow me if u support trump, racism, or if you THINK that a white persons life is valued MORE than a colored person, YOU HAVE MY BLESSING SWEETIE. #AllLivesMatters",1,1,ethnicity,ethnicity,False
18310,If someone I didn't know and trust called me a dumb nigger man or woman I would slap the shit out of the girl and best the fuck out of him,1,1,ethnicity,ethnicity,False
18324,"me with zim, first week: ur so smart uwu. me with zim, one month: dumb",1,1,ethnicity,ethnicity,False
18329,@Z_Barros cuz she gon talk 2 da cock nigger what the fuck are you talking about homo ugo hold a conversation with a dumb bitch u dumb bitch.,1,1,ethnicity,ethnicity,False
18330,If harry actually doesnt like brunettes i will fly to wherever the fuck he is and slap him across his face thats so shallow dumb nigger,1,1,ethnicity,ethnicity,False
18336,"(Acts 29:16816) A world gone ""haywire"" by the white devil's species of Satan, not God's people, but the devil's spawn seed children of Satan, as God called the white people because they do not look like God looks, Divine Dark Skinned ""Golden"" Negro, see Revelation 1:14-15,",1,1,ethnicity,ethnicity,False
18340,"Again Negro...I Feared For His Life....that’s called empathy, compassion....humanity...My first thought was not and still is not: Golly, This White Woman Must Have Mental Health Issues.....Racist behavior does not equate to or excuse the behavior of being Racist.",1,1,ethnicity,ethnicity,False
18362,Some scam psychic site gave me a free trial two weeks ago... It said don’t change anything because by the 22nd you will already have someone you are content with. Well two weeks later and past the 22nd and I couldn’t be happier with the girl I have right now.,1,1,ethnicity,ethnicity,False
18366,"Here is a “?”, dumb fuck. In my eyesz you are this. Care to contradict me, try it. Do you have at least 47 years to kill? Bottom fucken line nigger this was a set up. I will kill you if you as so much smell wrong.",1,1,ethnicity,ethnicity,False
18376,Fuck dumb nigger that gave me this charlie horse is preventing me to fall asleep,1,1,ethnicity,ethnicity,False
18393,@MarvinJRees you shouldnt have taken the statue away from colston. Black lives matter. If anything in honour of it you should have kept it there. To makeup for the past.,1,1,ethnicity,ethnicity,False
18395,Black Footballer: *Makes any error* Racist White Twitter: You're the reason we need slavery back nigger. It's genuinely enough. So disgusting,1,1,ethnicity,ethnicity,False
18398,I will fuck this dumb nigger up!,1,1,ethnicity,ethnicity,False
18401,"So I am not from U.S I'm not up to date with what's going on there considering my location and Nationality, but after a small research I did, this lady didn't do anything wrong, then is she in danger just because she is colored and a U.S representative from Somalia? Racism?",1,1,ethnicity,ethnicity,False
18403,@AlexGnap1: @FeelMyMusic_843 shut the fuck up you dumb nigger ur gonna be the one takin it deep and why yo racist ass follow me? Bitch ass,1,1,ethnicity,ethnicity,False
18405,"Still, Davis, who is gay, said he pays a social premium for supporting Trump. “I’ve been called Uncle Tom, Uncle Ruckus [a character from the ‘Boondocks’ comic strip], traitor, house Negro, Oreo — white on the inside,” he said. “Literally everything but a proud black man.”",1,1,ethnicity,ethnicity,False
18412,"Warmest?? Da fuck? Funny how your bitch ass said the man was everything short from being a ""Nigger"" and this is the bullshit you pull? Save the tweet, dumb ass and resign!",1,1,ethnicity,ethnicity,False
18415,"Stupid ass, pervert, dumb mahfucker!!! you talking nonsense. The best thing you could do rn is to fix up your life. Get the fuck outa Speedsta's dick Nigger!!!",1,1,ethnicity,ethnicity,False
18418,"No. Because again racism has to do with policy, not individual feelings. So no theres not enough colored racists because of there were, policies would be VERY different and beneficial to them... but u know not enough",1,1,ethnicity,ethnicity,False
18421,yes im a black girl yes i cant braid anything past a dookie braid yes we exist,1,1,ethnicity,ethnicity,False
18431,"@Bigolbootay you're vile,dirty,disgusting and black, so keep walking nigger and get in the back",1,1,ethnicity,ethnicity,False
18435,"@WTHJoel @TommyGunReef dumb nigger, there's nothing wrong with being gay. The fuck is wrong with you?",1,1,ethnicity,ethnicity,False
18436,Ahhh bby I feel you May whatever you decide to choose be what is best for you Ameen if the first one is ur dream job then I’d say it’s worth waiting for,1,1,ethnicity,ethnicity,False
18445,"it's extremely gross how instead of taking accountability and moving on, she's goading her followers to attack you. has she not learned anything in the past two months? telling people to attack a Black woman is racist af",1,1,ethnicity,ethnicity,False
18448,"@Walken4GOP one day you tell niggers to get a job, the next you criticize Obama for giving them jobs. Make up your mind you dumb racist fuck",1,1,ethnicity,ethnicity,False
18466,I have interest in reclaiming Abeed or Nigger. As a Black man raised in both cultures I find both words disgusting &amp; hate hearing them!,1,1,ethnicity,ethnicity,False
18470,... that they were litlerally called “Negro Nights” in white venues in the 60s! ALSO was interesting to learn that Black venues would have nights for just white people....,1,1,ethnicity,ethnicity,False
18483,"Imagine you're a colored negro child and you're visiting your friend and he says it's called the ""white house"". Scarred for life. gg #u_u",1,1,ethnicity,ethnicity,False
18484,If @LewisHamilton is so concerned about the Black Lives Matter why is he still driving for a company that used and abused Coloured people in the past ? Wouldn't have anything to do with the Multi Millions he is getting would it? #HypocracyAtItsFinest #CantHaveItBothWays,1,1,ethnicity,ethnicity,False
18491,“@TaylahRomney: Really whoever made that picture should honestly go die. Dumb niggers”fuck you bitch!,1,1,ethnicity,ethnicity,False
18501,"“U dumb nigger the state doesn’t determine who is Indigenous and being mixed doesn’t make me less Native! Anyways I’m Native just bc I was born Brown it doesn’t matter that I have no tribal affilations, connections, relationships or care to find them! Fuck what anyone says!”",1,1,ethnicity,ethnicity,False
18504,Every day Trump proves how a Black man was the better President of the U.S. Ah...but that pesky racism is the new rose colored glasses.,1,1,ethnicity,ethnicity,False
18512,Outside of Keivan's house screaming like an animal and kicking the fuck out of my dumb ass bitch nigger ass car.,1,1,ethnicity,ethnicity,False
18515,I can hold my liquor. Dumb fuck. You never even seen me drunk. Idiot. Nigger.,1,1,ethnicity,ethnicity,False
18526,"Considering that some dumb fuck white guy in my 2nd block called a kid a ""dumb nigger"" under his breath yesterday....",1,1,ethnicity,ethnicity,False
18527,"@BarackObama can’t believe you would cheer for team called the “white” Sox. I call for imediate pressure &amp; change, in hope that they will change their name to black Sox. I can’t believe you would support a team of “ WHITE” Sox.... you claim to support negro leagues.",1,1,ethnicity,ethnicity,False
18539,"So after losing my first set 2-0, I won my next one 2-0, my next one after that 2-0, and then won the match in my next set. But then I got disqualified for having an unstable connection when I wasn't seeing lag on my end during the lag test. Nintendo fix ur game's ugly online",1,1,ethnicity,ethnicity,False
18540,"Why don't u deal with the issue first? People are dying in S Kaduna but bc of your political mind u want people to keep dying so they can focus on taraba and other states,someone's father was shot on the head in southern kaduna,with ur political mindset jus pray it isnt u one day",1,1,ethnicity,ethnicity,False
18552,Never thought of that . I was thinking they were going to put Black Panther Enforcers at polling stations to intimidate . But I wouldn't put anything past them .,1,1,ethnicity,ethnicity,False
18553,Nigga just fuck off u dumb ass. Go fucking rape ur dad. And go pick some fucking cotton u gay nigger!,1,1,ethnicity,ethnicity,False
18556,@Kapn_Karl it's disgusting and degrading. Notice I said nigger. Not black people. (Difference),1,1,ethnicity,ethnicity,False
18561,@stfuckme WHO THE FUCK R YOU . GET YO SKINNY ASS OFF MY PAGE BEFORE I REPORT YO ASS AS SPAM AND DONT CALL ME A NIGGER U DUMB BITCH,1,1,ethnicity,ethnicity,False
18563,"So,there are other,Id say more accurate,reasons for these tropes that exist,such as ""white savior"" and others like ""magic negro""(?)I think its called That are not about race,but movie formulas Art can be interpreted in any way Yours is one But I dont think add up as factual",1,1,ethnicity,ethnicity,False
18575,"My opinion on him won’t change based on this one incident the blokes got 771 kids from 138 women and he’s a woman beater, only cares about racism when it suits him, and then picks fights with people twice his size and tries to backtrack with a half arsed apology the next day",1,1,ethnicity,ethnicity,False
18579,I’m not paying anything to anyone! Get over the past! It’s amazing black politicans want to keep their own people in chains! They are the enemy of the black community!,1,1,ethnicity,ethnicity,False
18594,Something YOU don’t care about. I don’t know one black person who would be fine being called a negro by some old ass white man or any white person period.,1,1,ethnicity,ethnicity,False
18602,"Ah, because “profit “ has always been priority one . Whether good bad or indifferent it costs more to have 3 colors rather than one. So now u have the answer. See, no racism here either. We should build a statue for Johnson for making the first black colored bandage",1,1,ethnicity,ethnicity,False
18603,@ChronicBudz BITCH IMMA CUT YOU THE FUCK UP IN PIECES AND SEND YOU ACROSS THE FUCKING WORLD YOU DUMB BITCH NAPPY ASS NIGGER BITCH ASS HOE,1,1,ethnicity,ethnicity,False
18604,I absolutely hate that “ dumb ur racist bf” thing like why were u dating one in the first place ?? Maybe cuz u are too??,1,1,ethnicity,ethnicity,False
18607,No one is trying to convince black people to stay stuck in the past. Black people are well aware of the past and how it affects the present. The problem is white people who won’t acknowledge it or do anything about it. (Hint: that’s you.),1,1,ethnicity,ethnicity,False
18608,Holy hell nigger you're dumb as fuck stick to football and bananas bub,1,1,ethnicity,ethnicity,False
18612,"This person called someone a nigger, and kept telling everyone how violent, murderous and disgusting black people are. What did the driver do? Nothing. Why? If you see something say something right? I saw something. I said something. Nothing was done.",1,1,ethnicity,ethnicity,False
18615,"Eating. Literally. When I met all of my cousins significant others for the very first time they all said so ur “Dania, the one who loves food” or whenever I meet my parents they say this as well",1,1,ethnicity,ethnicity,False
18617,"the first is saying there’s an update, and the 2nd one is like an error... it happened to me and I had to make a new Japanese Apple account (the first time I did it wrong and didn’t agree to the Japanese terms of agreements) but ur android so I’m not rlly sure",1,1,ethnicity,ethnicity,False
18627,who the fuck made up the -er rule on nigger.. had to be some dumb ass niggers.,1,1,ethnicity,ethnicity,False
18632,@Greasybonifa why don't you shut the fuck up you dumb ass nigger and go eat your fried chicken and dump the rest of the grease in your hair,1,1,ethnicity,ethnicity,False
18634,Fuck that dumb sand nigger bitch,1,1,ethnicity,ethnicity,False
18638,R u kidding me right now... an older Asian woman against 4-5 MEN aggressively coming at them WHILE she asked them 2 leave her husband alone. If this was a colored person in Obama/Democrat Admin y’all be screaming RACISM,1,1,ethnicity,ethnicity,False
18651,RACISM is wen u select your white clothes to wash 1st and save the black and colored ones for last,1,1,ethnicity,ethnicity,False
18652,Aibor. I said STRAIGHT 3 times and this nigger still says CHECKERS. Ay fuck can't be dealing with deaf and dumb people right now.,1,1,ethnicity,ethnicity,False
18664,Why you feel dumb as fuck nigger boy,1,1,ethnicity,ethnicity,False
18667,"@TheTriviaJockey hey you dumb fuck definition of nigger: a person of any race or origin regarded as contemptible, inferior, ignorant, etc.",1,1,ethnicity,ethnicity,False
18669,The first thing to do as part of removing the racial discrimination in US to prohibit anyone says ‘colored pple’ &amp; that starts with stand up comedy where it’s doers never stop saying ‘colored pple’ and the black pple have to stopped calling themselves ‘nigger’ Stop racism now !,1,1,ethnicity,ethnicity,False
18680,Them gunshots rang off and so did I some white family called the cops and said a Negro was huffin and puffin on they porch after midnight and they came right on and got me lmao,1,1,ethnicity,ethnicity,False
18686,"The police have taken great strides to address issues of the past. Body cams mean evidence can’t be disputed. Yet the black community haven’t changed a bit. If anything they’ve got more criminal, more violent, more anti-police. The problem is in the community. Not in the police.",1,1,ethnicity,ethnicity,False
18687,"No it isn't. It's a crayon color. Who told you you were black? Because before that they called you negro, colored, and currently ""African American"", which is just the name of two continents, the latter of which being a white man's name.",1,1,ethnicity,ethnicity,False
18690,@WSOPTournaments the owner is a dumb nigger who is a dumb ass sketchy faggot who is just gonna fuck you over eventually don't do his tournys,1,1,ethnicity,ethnicity,False
18692,Fuck off dumb slut that's by you have a nigger nose,1,1,ethnicity,ethnicity,False
18695,"Twitter is not only lagging, refusing to load anything but is now also momentarily freezing and showing nothing but a black screen why has Twitter barely been working for the past week or so I'm going to lose it.",1,1,ethnicity,ethnicity,False
18697,Yep of course at it's always me. Always. I'm the dumb fuck up cunt nigger. That's fine I'll be that.,1,1,ethnicity,ethnicity,False
18702,First of all.. it's disgusting that a room full of white women would identify with a song written by a shadow. 2nd thing don't put the word nigger in a song if you don't want people to say it. Songs are ment to be sung. It's bullshit.. ok for black but not white,1,1,ethnicity,ethnicity,False
18703,The black one up top on the right doesn’t even mean anything and you can tell that the black one on the bottom is photoshopped but for the other two they look real but it was like 4 years ago and he has apologized let shit from the past go,1,1,ethnicity,ethnicity,False
18707,dumb nigger stop stealing other people's ideas and make your own fucking music you fuck,1,1,ethnicity,ethnicity,False
18712,My school thought they were slick making some dumb Twitter to see my tweets. Fuck you niggers.,1,1,ethnicity,ethnicity,False
18715,"@SandraRose the allegations of her throwing a ""nigger style"" wedding for her son &amp;making her black staff use separate restroom is disgusting",1,1,ethnicity,ethnicity,False
18727,"You are. I said that she wasnt a nigger. Thats not a racist thing to say. Saying that a black person is not a nigger, is not racist. In fact it is defending the fact that the word ""nigger"" is a disgusting and terrible thing to call anyone. I would never call a black person that.",1,1,ethnicity,ethnicity,False
18730,"But does any little boy, regardless of color, deserve to be told “no, you can’t wear that sweater because you’ll promote racism” meaning that the US doesn’t think certain colored people should be able to wear the same clothes as another color, if u say we’re all equal, mean it",1,1,ethnicity,ethnicity,False
18733,"@Little_McGeorge unless there's more than one, then it's, ""All of you dumb niggers shut the fuck up""",1,1,ethnicity,ethnicity,False
18738,Avoid relegation and a cup final in one season any team would snap your hand off at that in ur first season back in the prem UTV,1,1,ethnicity,ethnicity,False
18744,So you think White people who called Black people Negros in the 1800s did not think Black people were inferior to them?,1,1,ethnicity,ethnicity,False
18745,ur not the first one telling me that tho,1,1,ethnicity,ethnicity,False
18747,They better take out cambell second half I can't stand the dumb ass nigger! Put gradkowski in! Fuck man,1,1,ethnicity,ethnicity,False
18751,"You first choose one of your claims, Harvard or something else. That's what the argument was about. U contradicted ur own statements, u can see in the below imahes. goodbye",1,1,ethnicity,ethnicity,False
18755,"I beg everyone that if you EVER see a black person being treated horribly by the police &amp; you can't so anything, RECORD IT. honestly, that would help so much. if the couple driving past didn't record that incident, then that man would have lost his life without anyone knowing",1,1,ethnicity,ethnicity,False
18759,LMAO RT @2shorth: Racism is when u select ur white clothes to wash before d black colored ones. Don't be a racist; wash them all together,1,1,ethnicity,ethnicity,False
18761,"Nah, ur racism will do that to u. We're black people, not colored people. Do u think we are living in the 50s and 60s? Get over ur ignorance already.",1,1,ethnicity,ethnicity,False
18772,Probably one of the many times I declined white tears and doofy negro acceptability action. Or maybe when I called that black(he don't deserve the capital B) man something with a hard R. Truthfully it could be many things lol,1,1,ethnicity,ethnicity,False
18787,"According to my wife when they detained her, ""Lock picks arent allowed on the plane cuz you can open the cockpit door with them"" She was detained for about 45 minutes until a supervisor set the asshole straight She felt that racism was involved in the incident.",1,1,ethnicity,ethnicity,False
18793,"so I saw this video where this woman was calling a black man a ""disgusting racist nigger"" and I'm like the amount of ignorance is just",1,1,ethnicity,ethnicity,False
18796,how different would u say this one is from ur first fragnance (ari) ?,1,1,ethnicity,ethnicity,False
18803,@AYE_JIMENEZ: @DevinFinnPV you're a dumb nigger. Literally. You are the definition of a nigger.. uneducated as FUCK woahh. Chill with that,1,1,ethnicity,ethnicity,False
18805,"@showtimetesfay: dumb fucks these days, I wish he would call me a nigger to my face aye yo wtf going on fam?!?",1,1,ethnicity,ethnicity,False
18806,Mfs are def showing their whole anus. So. I’m good on going to find out what dumb shit they have to say. Cause. It’s just more asshole shit. I do wish he’d not use that picture I took of him as his avi because nigger what the fuck you hate me and everything about me hate that too,1,1,ethnicity,ethnicity,False
18811,niggers is STUPID as fuck.. any thing negative is good and vice versa.. anything positive is negative.. dumb ass niggers,1,1,ethnicity,ethnicity,False
18812,@Titan_EpicDuel Fuck you you obese nigger...we didn't get 4 million influence in a war rally you dumb obese fucking crack head..drink bleach,1,1,ethnicity,ethnicity,False
18816,@CantEverOutdo you were being a bitch to my buddy so fuck off you dumb ass nigger. You think you go hard cuz you can sing a song? Haha bitch,1,1,ethnicity,ethnicity,False
18819,"And mx is not the first group to have an English album or songs, they never got backlash for having one because so many people before them had some, even bts had some song in English before them it was the fact the u guys let it get too much into ur and started provoking us.",1,1,ethnicity,ethnicity,False
18832,"Jackasses, u can't alter history. U can learn from it and be far better ppl. The pt is not to idolize these statues but to remind white Americans that racism is divisive and colored Americans to stop blaming the past but work harder for the future.",1,1,ethnicity,ethnicity,False
18835,Have u seen this COLORED'S ONLY white kids not welcome for tutoring in aurora does anyone else notice the uptick in racism against whites?,1,1,ethnicity,ethnicity,False
18842,LEMON THE WAY ILY u were one of the first accs i followed and you’ve been one of my favs to see on the tl and to talk to SINCE :(( ur so funny and always a MOOD i will miss u muchly ugh,1,1,ethnicity,ethnicity,False
18843,"Who might help in that situation for that time .. but no one ever says ... hey do u wana sell herbalife ... I will buy you ,your first starter pack then you will see for ur self ...",1,1,ethnicity,ethnicity,False
18851,"I'm a baseball history buff. There was a minor-league baseball team called the Atlanta Crackers (this was a white team). Eventually, the Negro league team, also located in Atlanta, took on the name of the white team. The Negro league team was called the Atlanta Black Crackers.",1,1,ethnicity,ethnicity,False
18854,"*Nigga RT @kaygeeTk: I fuck your bitch in your house, and I cum on your side of the bed, bitch ass, , punk ass, dumb ass , basic ass NIGGER.",1,1,ethnicity,ethnicity,False
18855,lmao I loved that scene it was so funny my moms first kdrama and she goes “so ur not the only crazy one”,1,1,ethnicity,ethnicity,False
18860,"Racism is when u wash all your white clothes. First before the colored ones. Stop racism now, wash them all together.",1,1,ethnicity,ethnicity,False
18872,"hey man, yall should have thought about that before voting for and supporting a noted long time racist, who hired steve bannon to construct a campaign of racism instead of fighting that, u go after the colored lady who fights against racism typical racist behavior",1,1,ethnicity,ethnicity,False
18873,@BrianaRoyal YOU DUMB AS FUCK !!! nigger goes towards the black race.. Maybe yo mirror dirty. Cause damn shole aint white !,1,1,ethnicity,ethnicity,False
18874,"Most Chicago homicide victims over the past decade are Black, police data show. It starts at home, people. It does no good to mob the country when you can’t even run your own life and home. Pretty simple. None of us are owed anything. Work for it.",1,1,ethnicity,ethnicity,False
18878,"Yo the amount of times I'm seeing people tweet ""dumb nigger"" because Obama won, are you fucked bro?! Racism is old af grow the fuck up!!!",1,1,ethnicity,ethnicity,False
18881,WHERE THE FUCK ARE YOU RUNNING YOU DUMB NIGGER,1,1,ethnicity,ethnicity,False
18884,um what?? you was first who replied to me when no one mentioned you. and maybe if you open ur eyes you’ll se that you’re tagging me? and its ur friend started it all when. so don’t even try thank you,1,1,ethnicity,ethnicity,False
18888,Racism won't stop if u still select ur white clothes to wash them first be4 the black and colored 1s. SAY NO 2 APARTHEID! Wash them 2gether.,1,1,ethnicity,ethnicity,False
18892,"Last time I checked, I never really said anything, I just asked a Question. When you are still learning how to talk as a Child, you say anything, when you move past that, you start talking and looking for Spotlight, then when you Grow to Maturity you Reason then Talk.",1,1,ethnicity,ethnicity,False
18895,If you call me nigga or nigger I’m gonna knock your Muthafuckin teeth all the way out yo dumb ass mouth.. Fuck your thoughts And your feelings! That word is Not for your use..,1,1,ethnicity,ethnicity,False
18901,"And barely anything you said there was true. I never said ""racism is the only reason"" for poor black people, very bold assumption. I understand it's complex, but I take into account how past actions shape current society, whereas you choose to ignore that, and blame black people.",1,1,ethnicity,ethnicity,False
18903,"Remember that Xbox One X I just picked up? Yeah, it's broken already. Outputting a black screen and I can't get past it. I was using it about 2 hours a go playing Forza 7 and now it won't even show anything on the screen.",1,1,ethnicity,ethnicity,False
18905,"you sound dumb, nigger. Shut the fuck up",1,1,ethnicity,ethnicity,False
18914,"TIL there's a white British DJ called ""Joey Negro"" and I'm very depressed",1,1,ethnicity,ethnicity,False
18921,"So you're fired up. And ready to go huh? “@tayyoung_: FUCK OBAMA, dumb ass nigger”",1,1,ethnicity,ethnicity,False
18923,What have you learnt from past history? If you had learnt anything then you would understand why we need movements like Black Lives Matter. Enjoy your bubble of ignorance while it lasts,1,1,ethnicity,ethnicity,False
18926,Y the fuck hoe ass got that dumb ass voice mail gets me every time ..I b like hello hello ..change that shit nigger @A_Humble_Ngga,1,1,ethnicity,ethnicity,False
18929,Most disgusting thing in the world is hearing lil white girls say nigger as an insult to a grown black man. The fuck is wrong witchu.,1,1,ethnicity,ethnicity,False
18937,"@SwagDonors ""Outsiders"" vision is colored by racism. I have a doctorate degree &amp; I'm a publ author but the ""outsiders"" see me as a NIGGER",1,1,ethnicity,ethnicity,False
18945,niggers are so dumb as to argue over the number of people in america. who give a fuck if im off a few. DUH! BITCH argue bout some REAL shit!,1,1,ethnicity,ethnicity,False
18962,if u could go back and relive the first time hearing one of ur fave songs what song would it be? Mine would be hearing Murder on my Mind for the first time in the kitchen at Shade at 10:30 in the morning while being hungover af trying to portion nasty salsa,1,1,ethnicity,ethnicity,False
18973,personally. fuck cuba. idk why that dumb nigger tried n make us friends with them. they almost nuked us back in the day ):| mf. russia tried to use them to nuke us but they bitched out in the end,1,1,ethnicity,ethnicity,False
18978,It’s been extra loud tonight. Guessing it’s some sort of performative display by the white & non-black people in Seattle reminding us whose country this actually is. Not like anybody protesting to protect Black Lives was run down and murdered in the past 24 hours or anything.,1,1,ethnicity,ethnicity,False
18986,"The most disgusting word out there has to be Nigger, it's pisses me off when black people say it as well. No one is ""allowed"" to use it.",1,1,ethnicity,ethnicity,False
18993,If you dont wanna get called a NIGGER then dont call that person a CRACKER dumb fuck,1,1,ethnicity,ethnicity,False
19010,"YOU ALL ACT LIKE DUMB NIGGERS,EVEN YOU WHITE FAGGOTS.PLEASE KEEP THE FUCK AWAY FROM ME AS BOILING POINT BEEN REACHED !",1,1,ethnicity,ethnicity,False
19021,what i wanna know is who edited the first one to take my watermark...like i’m not mad but ur a lil bitch,1,1,ethnicity,ethnicity,False
19026,"MFs was screaming ""Nigger"" at the top of their lungs for shock factor and wonder why ion fuck with them like that anymore",1,1,ethnicity,ethnicity,False
19033,ur favorite choreos of 2020? — OOO I LOVE THIS QUESTION well obviously i haven’t seen them all right but the ones that come to mind first are itzy - wannabe stray kids - god’s menu iz*one - secret story of the swan (g)i-dle - oh m…,1,1,ethnicity,ethnicity,False
19035,I don't know why u hanging on the critics... First of all did u watch all the movie above.. Only one u supporting WW is bcs of critics... Don't u have ur own opinion or own brain..?,1,1,ethnicity,ethnicity,False
19040,Yea he still said fuck nigger Stupid ass dumb ass ugly ass nigga,1,1,ethnicity,ethnicity,False
19046,@amazon I CANT BELIEVE UR DEPRIVING ME OF MY ALBUM FUCKING OOPMA LOOMPA LOOKING BITCH FUCKING LET ME ORDER MY ALBUM AGAIN IF UR GONNA TAKE IT FROM ME AND NOT EVEN GIVE ME THE FIRST ONE I HATE IT HERE I JUST WANT THE SEUNGMIN HOODIE PC FUCK YOU,1,1,ethnicity,ethnicity,False
19049,"...did a white woman really just send me a video at work calling Black liberals house negros and telling me that the woman in the video ""gets it right."" Did she also send me the link to a children's book called The Police &amp; say that's the message that matters not Black Lives?",1,1,ethnicity,ethnicity,False
19054,Mind blowing & disgusting that racism and anti-blackness is actually so normalised in our society to the point that an Italian court could decide that it is acceptable to refer to a black woman as a “nigger”. Yet there are still people that believe racism is an American problem.,1,1,ethnicity,ethnicity,False
19056,I guess when u have bernie colored glasses u ignore headlines and racism,1,1,ethnicity,ethnicity,False
19064,"It's truly disgusting that ""nigger"" is the only racial slur people are supposedly not allowed to use. That basically means black people are somehow more important than the other minorities, or that the discrimination they've faced is somehow worse, neither of which is true.",1,1,ethnicity,ethnicity,False
19065,"Twitter do the stuff, this guy SMH he said nigger in danish. It disgust me that this guy even have the nerve to write it and post it on his snap. I took this pic and blocked him After, it’s disgusting because he knows what’s going on rn. #BLACK_LIVES_MATTER",1,1,ethnicity,ethnicity,False
19066,happy birthday to one of my first best friends on here. i love you with my whole entire heart. ur the best bub i’ve ever had. im so grateful to have someone so adorable and so precious like you. thank u for always having my back. i appreciate u a lot. have the best day ever !,1,1,ethnicity,ethnicity,False
19067,"I had to be a black father in my past life . Naw..my first life. Cuz I fuckin hate washing dishes! And black daddies don't do the dishes lol it's just so many other ways to use us around the house.. gimme anything else, literally. Lol",1,1,ethnicity,ethnicity,False
19070,"This is disgusting @NFL.. Smh. Just another way white people in power try to remind u no matter how much money u make, now matter how much u do things the ‘right way’, black people will never be more than niggers in their eyes. #NFL #KneelingBan",1,1,ethnicity,ethnicity,False
19072,When white people see you boy you a nigger dumb fuck,1,1,ethnicity,ethnicity,False
19076,Y do all these bitches have to b fake as fuck dumb as fuck an can never get a lie stright that's y niggers like me stop carein,1,1,ethnicity,ethnicity,False
19080,FIRST THIS DUMB NIGGER BITCH DAVITA SMITH TALKING ABOUT FUCK TRUMP AND NOW TALKING ABOUT GIVING HIM MY ACCOUNT KEY AFTER I ASK FOR SUPPORT TO OPERATE MY BUSINESS SPORTS BETTING THRU 2017 RULE REGULATION BUT ALSO MY LIFE THRU TRYING TO FRAME ME OFF ANYTHING SHE FILED,1,1,ethnicity,ethnicity,False
19084,!!!!!!!!!!!!!!!!!!!!!!!!!!!! AT FIRST I WAS KINDA INTIMIDATED FOR A WHILE BUT YOU WERE STILL SUCH A HUGE INSPO TO ME!!!! and now ur one of my bakudeku friends and honestly seeing you and the others talk abt it on the tl is SO FUN i love it never change,1,1,ethnicity,ethnicity,False
19089,When black ppl call someone a nigger even if they're kidding it's annoying and they sound dumb as fuck. Know where tf you came from,1,1,ethnicity,ethnicity,False
19092,Dumb fucks will join an Internet hype to kill meek mill but could care less about their number one receiver calling people niggers,1,1,ethnicity,ethnicity,False
19094,"Finally a decent black guy that was killed by the police is trending. Now they can't make any excuse about past crimes, drug use or wild behavior. This black kid was a regular guy that never did anything to deserve what he went through.",1,1,ethnicity,ethnicity,False
19098,@LaraLeaTrump u a stupid cracker fuck you yo daddy yo mama i should put this nigger dic in yo mouth dumb ass bitch i hope yo hole family die,1,1,ethnicity,ethnicity,False
19104,"Why attack me instead of racism? But as you ask, at the time &amp; in this post I criticise(d) use of ‘nigger in woodpile’ remark. BUT the Tories acted. This incident far far worse. But no response from Labour. As you know, power is &amp; establishment matter. Parties should act.",1,1,ethnicity,ethnicity,False
19105,Fuck you ya dumb ass uncle tom bitch ass NIGGER,1,1,ethnicity,ethnicity,False
19121,"“@tayyoung_: FUCK OBAMA, dumb ass nigger” God Bless child of God!! I hope God has mercy on your life for that racist comment.",1,1,ethnicity,ethnicity,False
19124,what dimension is ur phone? first one or the second one,1,1,ethnicity,ethnicity,False
19125,"The courtroom is disgusting. They don't say ""nigger"" but Black Africans are treated like that. You know what I mean.",1,1,ethnicity,ethnicity,False
19126,"She's riding a tiger now and she can't get off. She made her name by selling herself to whites as a ""different kind of negro"" (as Malcomn put it). She even married a white boy. Now she must sound as ridiculous as possible to please them or be called a sellout. Tough.",1,1,ethnicity,ethnicity,False
19133,If y’all want anymore white ass crazy drama it’s this show on Hulu called Taken at Birth about this white doctor who sold 200 babies out the back door of clinic door in this small town. Not a negro in sight!!! Just a good old hot aryan mess,1,1,ethnicity,ethnicity,False
19139,Check this. Not everyone can say all lives matter. You are a so called white ur lost u can’t say all lives matter. U a negro&amp;don’t know black is the dominant&amp;only color bet not say it cause u haven’t earned knowledge2know. Only us caught in between dumb is &amp; dumb does can say it!,1,1,ethnicity,ethnicity,False
19148,"It's saddening how when our brothers make it out of systematic racism system, they some how forget their past. I hear so much about Black statistics but some how we never hear anything about white statistics. As if whites aren't dealing with the same reality that Black people",1,1,ethnicity,ethnicity,False
19149,sorry if I reply to one of ur retweets instead of the actual tweet- retweets are obvi usually the first on my feed so uh-,1,1,ethnicity,ethnicity,False
19158,Man fuck y'all niggers than. I'll take my little dumb ass to sleep.,1,1,ethnicity,ethnicity,False
19159,this is a prime example of why I don't fucks with dumb niggers,1,1,ethnicity,ethnicity,False
19163,"This is called “signaling”. When revolution kicks off, those closest to white supremacy but are still negro have to turn up the boot (b***y) licking to show they aren’t like those unruly field negroes",1,1,ethnicity,ethnicity,False
19164,"Yet @BubbaWallace cries when people call him a joke. And, what is interesting is @BubbaWallace has not said a word about all the black lives lost over the past week around the country. But no one is allowed to say anything about Wallace. That’s taboo now.",1,1,ethnicity,ethnicity,False
19165,Wha you already did ur first one,1,1,ethnicity,ethnicity,False
19168,"This dumb nigger just said ""your a clown if you try to hook up old school European cars"" dumb fuck get ya culture up",1,1,ethnicity,ethnicity,False
19169,"@_Dward24 Shut the fuck up you dumb ass nigger. You wanna try and kill me? Dumb ass, you wont get through my lawn. Dumb Wellfare fuck",1,1,ethnicity,ethnicity,False
19176,fuck you bitch ass trick ass dumb ass nigger ass fuck bitch cock sucker ass muncher dumb hoe gay faggot slut auto correct.,1,1,ethnicity,ethnicity,False
19178,"@Tidal_Salty you have a lot of balls liking this. You are my nigger and tygers dumb ass white friend, you are the only person to come close to the level of crust that man has. Fuck you.",1,1,ethnicity,ethnicity,False
19183,Yachty said “this white little bitch call me nigger” fuck this shit dumb live,1,1,ethnicity,ethnicity,False
19187,"It is called context. He has said ""Fat Negro"" and ""Stupid Negro."" He adds race to his insults when they are Black. He doesn't insult White people with ""Fat Caucasian"" and ""Stupid Caucasian."" He only uses the word defensively that should tell you he purposely uses it as a slur.",1,1,ethnicity,ethnicity,False
19201,Non black Calgarians say nigger more than black Calgarians and it’s always been disgusting...,1,1,ethnicity,ethnicity,False
19203,"@Latenty @trace724 SHUT THE FUCKING FUCK UP AWFUL STATIC IDIOT, IF U EVER INSULT ME AGAIN ILL SHIT IN UR MOUTH DUMB NIGGER IDIOT SLAVE",1,1,ethnicity,ethnicity,False
19204,"for around four day's now are causing the fan above the stove turn loudly. What the fuck, these dumb Niger's are so fucking stupid.",1,1,ethnicity,ethnicity,False
19214,"It was a typical Northern gang up against GEJ and some dumb fucks in the Niger Delta here didnot see this, but time will tell",1,1,ethnicity,ethnicity,False
19219,@iDrag4RihRih yeah I'll cry but you still wouldn't say that to a nigger face you MUTHAFUCKIN BITCH ! You fake as fuck ! Dumb ass hoe,1,1,ethnicity,ethnicity,False
19220,witnessed a black guy being called a nigger when all he was doing was standing with dog minding his business. Absolutely disgusting,1,1,ethnicity,ethnicity,False
19221,The Internet at my house is being a dumb nigger.. Fuck modern technology,1,1,ethnicity,ethnicity,False
19224,ur the one i was gonna ask in the first place..,1,1,ethnicity,ethnicity,False
19225,@WhyTFYewMad nope! :) I would hate to be a NIGGER black skin is disgusting it looks like shit that will never wash off. Hehe,1,1,ethnicity,ethnicity,False
19228,Now this nigger talking about what me and that woman was talking about on death floor pertaining to that horse her brother's sat her on and that scarlett fever she died of. What the fuck me and her conversation had to do with this dumb nigget Indian I don't know.,1,1,ethnicity,ethnicity,False
19229,"Or he could dump his sponsors & start racing for another brand, after they were linked to slavery in the past! But he wont do that cos black lives only matter to people like him when it doesn't cost anything Practice what you preach, you tax dodging #hypocrite @LewisHamilton",1,1,ethnicity,ethnicity,False
19231,"I try not to. I was called a cracker, a racist, and a black woman I was trying to take up for was called a coon. By a man who said she was a house negro simply because her boyfriend was white. This country is going crazy and I’m blaming the mainstream news and local 4 it all.",1,1,ethnicity,ethnicity,False
19235,I must say something here. I have in the past been stopped walking through a predominantly black neighborhood and asked why I'm there. Not justifying anything. Saying the pendulum swings both ways. It's all wrong and needs to stop. My incident happened in NE Portland OR.,1,1,ethnicity,ethnicity,False
19236,"Black history is American history, and if the past few weeks have demonstrated anything, it's that we need to engage and reckon with that history, in all its glory and pain. #TellTheFullStory #SavingPlaces",1,1,ethnicity,ethnicity,False
19240,no nigger ape man I am not 'closed' and you do not get to 'just rape me' because of dumb fuck officials!,1,1,ethnicity,ethnicity,False
19255,This is why you need a gun best equalizer helping send dumb fucks like these to hell where they belong if them be some white be Damn Sure be like Niggers like that make our race look bad 19m blk rep detroit,1,1,ethnicity,ethnicity,False
19256,"I can't fight you, but I told you not to fuck with my brother. Now your dumb nigger ass is gonna get your ass beat!",1,1,ethnicity,ethnicity,False
19265,According to @nflcommish and @NFL Black coaches are just a prize to them and you’ll get rewarded if you hire a nigger. I said what I said. That’s disgusting and insulting to POC,1,1,ethnicity,ethnicity,False
19267,@JojoBB18 dumb nigger bitch was stupid and slow as fuck. Wasted an hour cause of that nigger.,1,1,ethnicity,ethnicity,False
19268,"Dude Going Off On My Page Talking About Why Be Ignorant , Called Me A Nigger And Called Me A Dumb Fuck ... &amp; All I Can Do Is Laugh ^_^",1,1,ethnicity,ethnicity,False
19274,"Find me examples of other equally famous white political figures saying ""negro"" in recent years and not getting called on it and you'll have a start.",1,1,ethnicity,ethnicity,False
19277,"biden hasn’t even been president yet, you’ve been president for the past 4 years and you haven’t done anything for black people either! or any people of color for that matter!",1,1,ethnicity,ethnicity,False
19280,i appreciate the gesture but this is a white man who called himself JOEY NEGRO has it really taking until NOW to realise that that’s not right or have you just realised you’ll get called out for it now regardless of who you are,1,1,ethnicity,ethnicity,False
19281,"For years I thought the whole flat earth thing/moon landing was fake is a jew psyop. The greatest accomplishment of white mankind is called a hoax, or the total result of one negro bitch with a slide rule.",1,1,ethnicity,ethnicity,False
19291,"Al Davis could rise from the dead, say ""Fuck All Niggers,"" and I'd love my team, but Mr. Davis would be dumb for that.",1,1,ethnicity,ethnicity,False
19297,"Every stat someone throws out is from 1890, 1950, 60, 80.... im sorry if you want to live in the past, how can anyone ever grow or anything change? Just because some white folks or some black folks act stupid doesn’t mean an entire race of folks are “bad” or violent! Stop with it",1,1,ethnicity,ethnicity,False
19304,"It it is. Black/ African American are on plenty applications, “NEGRO” is not, for good reason might I add. You’re weak. You let these white peoples tell you it’s alright to be called a NEGRO by them. You are weak. You are lost. Have a good day weakling",1,1,ethnicity,ethnicity,False
19319,"Really don't understand what the word racist means anymore. Black rappers can say nigger and it's fine, yet anyone else is racist and disgusting ? Muslims can publicly incite hate here, and we (the British population) are expected Just shrug it off and accept it as ok?",1,1,ethnicity,ethnicity,False
19326,I am utterly disgusted at the response @LSU has had with a recently accepted young white man screaming NIGGER on social media. This is disgusting and I am embarrassed to have a PhD from this school that clearly does not care about its Black students.,1,1,ethnicity,ethnicity,False
19336,I know you lot won’t cancel brother nature despite how disgusting his tweets were cause Justin bieber was caught on camera calling black people niggers you still supported his music,1,1,ethnicity,ethnicity,False
19341,@No_Niggers you a dirty ass bitch and if i knew who you were i would find you and stomp your face in you dumb cunt! fuck you hoe!,1,1,ethnicity,ethnicity,False
19346,"There's also 15000 members of the royal family pal and sheff United owner is a ""minion"" in that family. I get what you're saying though but personally think anything to do with PIF will be run past MBS personally.",1,1,ethnicity,ethnicity,False
19347,"Dude, first learn a bit about politics and its tools. reality and facts coming with it is one thing, illiteracy &amp;centuries full of hate or breaking treaties wont help to live in peace.dont u learn anything of ur own history?",1,1,ethnicity,ethnicity,False
19348,I wish I was colored just for 2day :'( *Dame u cape town racism *,1,1,ethnicity,ethnicity,False
19349,Nigger's are so dumb... Make a bitch change the game... Fuck my life lol,1,1,ethnicity,ethnicity,False
19351,So I'm sitting here like dumb nigger I give the fuck everyone.... I MISS U MOM 6years without u and still feel alone in this world,1,1,ethnicity,ethnicity,False
19352,Dude put a swastika on pewdiepie cause he called a bitch ass gamer a nigger(probs wasnt even black)...View whores these days man. Disgusting,1,1,ethnicity,ethnicity,False
19354,. They’re Called “NEGRO” spirituals for a reason. White people y’all are honestly funny asf,1,1,ethnicity,ethnicity,False
19355,"Negro is worse than nigga as Eazy-E once said, it matters how you say nigga which even from a white person can be friendly. Negro is literally how slave owners called black people",1,1,ethnicity,ethnicity,False
19358,"Straight old white men are disgusting!!! I have been called an idiot, a bitch, special needs, a negro lover AND greasy in 5 minutes. Do you know how ignorant , racist and disrespectful you have to be to say that to an 18 YEAR OLD??",1,1,ethnicity,ethnicity,False
19359,"I care bc why would watch someone whos white say the n word for no reason knowing that back then my people used to be spat at and being called nigger, negro, nigga. And those words being used in a degrading way. White ppl shouldn’t bc how yall did use it. And we picked it up",1,1,ethnicity,ethnicity,False
19368,"Keisha Bottoms blew it; she has made this incident a black/white issue instead of the criminal activity it clearly showed. Biden can't pick her now as she is showing a weak side tainted by racism, and he can't alienate a percentage of his base.",1,1,ethnicity,ethnicity,False
19371,@Mvrqo why are you black you disgusting nigger,1,1,ethnicity,ethnicity,False
19378,"I get so confused when other PoC or racist and call us Niggers. You dumb bitch, them white folks STILL don’t give a fuck about you. You’re just cutting yourself off from those that would potentially help you when the YT’s get ahold of that ass.",1,1,ethnicity,ethnicity,False
19383,"@GarronPresident some dumb redneck fuck at the bonfire, I was the only black person there so they decided to just start calling me nigger.",1,1,ethnicity,ethnicity,False
19391,White lady this is not racism. I’m pretty sure YOU know racism. READ THE DEFINITION. Putting a C next to names on Apartment applications for “colored” THATS racism. Guess who did that? You hv no life but Trump so I know you know the answer. So u support a racist. #BIDEN2020 MF,1,1,ethnicity,ethnicity,False
19395,"They tell us it's woman's health care! Remember planned parenthood was originally called "" the Negro project ""! Most top black democrat leaders made millions from abortions! It's not woman's health care to kill a Born baby as the governor of Virginia wants people to believe!",1,1,ethnicity,ethnicity,False
19403,@weakestreed ..u know in the same whites will face racism if the work in a colored country,1,1,ethnicity,ethnicity,False
19409,"I understand. Times change. We never intended it as racist. More than 50 years I ate those negro kisses and not once I thought about it. What's wrong with the kiss of a Negro? Later they came also with white Chocolate, we called those: White Negro kisses",1,1,ethnicity,ethnicity,False
19416,p: >>522464 >>why the fuck did you ask? you dumb nigger. Yeah! Do you want to be polite or photographer?,1,1,ethnicity,ethnicity,False
19420,"Hahah bro past few months, is anything really black and white? What is honor among thieves? If it at all we are giving too much importance to their supposed principles",1,1,ethnicity,ethnicity,False
19424,I actually picked up the Scum Villain one first bc of ur Binghe posts/art,1,1,ethnicity,ethnicity,False
19428,Lmaooo “ one of those “....: Lmao AHT AHT!! ... if I got ur number why I need to text n ask for permission first!?,1,1,ethnicity,ethnicity,False
19429,"i still can’t believe that a fan fiction about harry styles became a published book and a movie(s) and i also can’t believe that i read it when i first got wattpad without knowing who one direction were. tbfh, it romanticizes a toxic relationship don’t base ur standards off it.",1,1,ethnicity,ethnicity,False
19436,"you should dumb nigger, you should. Stay th e fuck away from mme but you think ur above3 the law.",1,1,ethnicity,ethnicity,False
19437,"I just walked past one oyinbo guy who was chilling with a black babe. Mama just cast full stare ontop yours truly, na him I look am back o. Next thing, Baba dey ask me “are you missing anything, dude?” O boy sorry e hear. Ask the babe. E no sure for you like that?",1,1,ethnicity,ethnicity,False
19438,Don't sleep with me? Then don't speak with me. And never talk bad bout niggas that eat with me,1,4,ethnicity,other_cyberbullying,True
19449,I think It’s a shame how this colorism thing is really up in the air right now when WE((BLACK PEOPLE))are at war !!! These mfs don’t give a fuck what shade of black y’all are..YOU STILL A NIGGER IN THESE PEOPLE EYES MAN. y’all letting this dumb shit distract y’all #blm,1,1,ethnicity,ethnicity,False
19450,"I called a customer a dumb fuckin bigot tonight for callin bone thugs n harmony ""nigger music"" fuck u n ur retarded ass family open ur mind",1,1,ethnicity,ethnicity,False
19463,Lol fir me its the taking ur time to reply when u hit me up first. Its one thing if I crash your day. It's another if u crash mine. Lol,1,1,ethnicity,ethnicity,False
19465,and the fact that i was used as a “good example of a nigger” because i’m “a hard working black person” is actually fucking disgusting and i can’t stress enough how fucking infuriating it is that the friends who this was said to told me this fucking months later.,1,1,ethnicity,ethnicity,False
19468,The black on black crime epidemic in Chicago has become a deadly crisis. Riots have been terrorizing Portland for the past month. Local Democrat government in Chicago and Portland refuse to do anything but attack Trump for offering and trying to help restore law and order.,1,1,ethnicity,ethnicity,False
19469,"Fuck the dumb ass lady who doesn’t even know how to drive, fucking nigger",1,1,ethnicity,ethnicity,False
19475,"Let’s be honest w/ ourselves here, their kitchen table talk is just as damaging to the Black community as white ppl saying Nigger at theirs. It’s just as disrespectful and just as disgusting.",1,1,ethnicity,ethnicity,False
19481,Nigga and nigger are not the same thing. One means my bother my friend the other mean you stuip dumb fuck,1,1,ethnicity,ethnicity,False
19485,what's sad is that somewhere in Detroit @RealBenCarson is being called #Coon or a #Sellout,1,4,ethnicity,other_cyberbullying,True
19486,@Tyrese you're a bitch ass stupid dumb ignorant burnt mudda cunt what the fuck is wrong with you nigger? WHAT THE ACTUAL FUCK DUDE??,1,1,ethnicity,ethnicity,False
19493,"My dad used the word “nigger”. He wouldn’t let us have black friends over. It’s disgusting, but the point is, when people grow up like that, they have to have a little life experience to see how wrong it is.",1,1,ethnicity,ethnicity,False
19495,the only thing i’m in two minds about is the word “negro” idk how i’d feel if a white person called me that,1,1,ethnicity,ethnicity,False
19498,"I watched a documentary about James Baldwin called “I Am Not Your Negro” and it was heartbreaking, eyeopening, and challenging. I seriously would encourage everyone I know to watch it. I think it’s a great piece for any to see and challenges a lot of white america’s biases.",1,1,ethnicity,ethnicity,False
19500,"On God Bitch Ass , Fuck Yo Dumb Ass Weak Ass Nigger !",1,1,ethnicity,ethnicity,False
19522,I got suspended for 8 days for call a kid a big dumb nigger and I push him what bull shit fuck my school,1,1,ethnicity,ethnicity,False
19525,@FBITanKoLa i never cover anyone if there a dumb nigger and r that poor fuck them,1,1,ethnicity,ethnicity,False
19527,"And I didn't have anything to do with that &amp; totally agree that should never have happen! There are millions &amp; millions of black people who are way more successful than me! We still have some who dwell in the past both white &amp; black, they need to let go!",1,1,ethnicity,ethnicity,False
19529,GGHUW WTF I WISH I COULD HAVE IT WITH ME RN! IS THIS UR FIRST TIME MAKING ONE BECAUSE THIS IS SO CLEAN,1,1,ethnicity,ethnicity,False
19533,"Fuck money, cars and sex now a nigger will call me dumb",1,1,ethnicity,ethnicity,False
19534,i like the first one but if ur feeling confident go for the second option !,1,1,ethnicity,ethnicity,False
19535,"That's a Virginia State Trooper. They have a boner for pulling people over for anything, ESPECIALLY if they see the driver is black. Once I was going 10 over the limit and the trooper put his siren on just to drive RIGHT PAST ME to pull over the black driver in front of me.",1,1,ethnicity,ethnicity,False
19545,don't try to turn this into an immigration issue. we could care less where he's from. we don't want him to speak for us. @triggerasaurus,1,4,ethnicity,other_cyberbullying,True
19564,It was aye. Fella came forward days later. The other lad; utterly disgusting. As bad as throwing cups of shite at Utd fans eh? Or calling some black kid a nigger on twitter just because he had the audacity to be racially abused by one of your fans. Or wearing a Suarez t-shirt.,1,1,ethnicity,ethnicity,False
19568,"“@trevorstahl_: This nigger in front of me just said dub step can kill you, shut the fuck up you sound so dumb”*dumb",1,1,ethnicity,ethnicity,False
19569,Your mad dumb if you really asked that. How I’m the fuck do you not know why people would get offended by YOU or other white people saying nigga or nigger?,1,1,ethnicity,ethnicity,False
19571,"He spent his first few years completely invisible. I think its not just about GOP and his wife's influence, he is driven by hate and resentment about anything that reminds him his past - being poor, black, female. He will make folk pay for Anita Hill and his childhood forever.",1,1,ethnicity,ethnicity,False
19572,@TheJoseShow95 fuck you cock head nigger bitch. i will suck your dick for $20 and then beat you in that gay faggot ass game you dumb spick.,1,1,ethnicity,ethnicity,False
19581,"Saw a skinny white guy making out with a fat black girl today, it was fucking disgusting-@Joebabe4 #NIGGERS",1,1,ethnicity,ethnicity,False
19583,Racism is when u select yur white clothes to wash first before the black and colored ones....Don't be a racist! Wash them all 2gether!!.,1,1,ethnicity,ethnicity,False
19585,if u didnt say shit like that in the first place then alycia wouldn’t have seen it. y’all are the roots. it’s all ur fault. grow up. being a minor ain’t an excuse i’m one too and i know better.,1,1,ethnicity,ethnicity,False
19586,"It just depends on who you asked. Would I look at a white person crazy if they called me a negro? Yes but, the reaction wouldn’t be as visceral if they called me the n word. Once upon negro was the politically correct term. The United Negro College Fund is still a thing too",1,1,ethnicity,ethnicity,False
19587,niggers think MLK did everything tho.. he was the whole damn movement by his lonesome to some y'all dumb fucks,1,1,ethnicity,ethnicity,False
19592,As the news piece and card say you dumb twat nigger or golly was the name of your mascot... Learn to read you retarded 7 fingered fuck wit !!!,1,1,ethnicity,ethnicity,False
19596,Then why comment this in the first place? “Oh i lOok sO cOol hAting oN kReek”. BOIEEEE! ALL THE COMMENTS BE HATING BOUT UR ATTITUDE. If ur going to br rude just shut ur mouth and mind your own business. If you see one of his tweets just keep scrolling. Now bai im outta here,1,1,ethnicity,ethnicity,False
19597,"So then, that makes Tim Tebow what??? This is the perfect example of when there's fake outrage about an incident: Instead of the dozen ways to respectfully state it ; he picks the most deplorable comments! He'll claim ""no racism intended"". Yeah right.",1,1,ethnicity,ethnicity,False
19600,"Might wanna read past the fake news. This dude started the fight, no one said anything about Black Lives Matter to him, and he’s looking for sympathy after getting his ass kicked.",1,1,ethnicity,ethnicity,False
19601,"Totally acceptable take, however the white woman tweeting in this thread literally comparing him to a house negro is racist and should be called out. That she feels validated your tweet and liked it means you’re condoning her behavior by semi agreeing instead of calling it out",1,1,ethnicity,ethnicity,False
19608,"When I was in grade 1 some white girl in grade 5 called me a negro, at the time I didn't completely know what it meant, she said it was another name for black ppl",1,1,ethnicity,ethnicity,False
19616,"white people are oppressed. they get called karen, cracker, and get told they can’t dance. it doesn’t matter if negros went through 100+ years of slavery and segregation. oppression against white people is just as bad",1,1,ethnicity,ethnicity,False
19619,@ChaseNCashe fuck that dumb nigger say that shit in the bay area hell get shot,1,1,ethnicity,ethnicity,False
19621,My bro got married to a mayonnaise colored lady and they had a kidney Kentucky. Awesome. Now the crew going to visit and we can smell the racism in the air. The wind just blew by us and said “ niggers “.,1,1,ethnicity,ethnicity,False
19622,u literally cant say anything thts not praise to them as a black person or they will indirectly call you an untreated nigger its rly disgusting ...,1,1,ethnicity,ethnicity,False
19626,"Our history goes back over 1000 years, why do BLM just concentrate on the recent past. They are not interested in anything but black slavery. Nothing else matters to them 1500s-1700s, white slavery...couldn't care less.",1,1,ethnicity,ethnicity,False
19637,@SLUM_DOGG oh little nigger shut-in wants to play dumb now. so u that fat fuck Marvin j of apple or what? i thought u where my daddy?,1,1,ethnicity,ethnicity,False
19649,"I finished Ready Player One, and just,,, problems y'all. Protag is a MARY SUE (HTH u gonna consume all of 80's culture by 18yo? And never fail a crucial test?) Transphobia (""are you a woman? ... never had a sex-change?"") Diet Racism (""chocolate-colored skin"")",1,1,ethnicity,ethnicity,False
19652,I honestly feel offended when I hear some dumb fuck talk about being the best rapper in naija.......this nigger right here is the G.O.A.T when it come to rap in Nigeria and I dare say Africa he is simply unequalled. And that's a fact.,1,1,ethnicity,ethnicity,False
19654,"imagine cuddling to ur bf's chest, tonight &amp; him just wrapping one arm around u &amp; softly rubbing ur arm &amp; then him burying his nose into ur hair &amp; planting soft kisses on ur head. him playing with your hair w/ his other arm until u fall asleep but yes, read the first word, again.",1,1,ethnicity,ethnicity,False
19656,"@RepMarkMeadows i watched from Canada. You are fake. I am white was born on an island first white baby born there in Milne Bay in 1947. I am disgusted by the USA and its racism. You of all people why was your ""Prop"" standing, no chair? R u to ashamed to talk about your colored .2",1,1,ethnicity,ethnicity,False
19658,ur dumb as a nigger if u believe that — I'm white you stupid fuck http://ask.fm/a/5ko83c5h,1,1,ethnicity,ethnicity,False
19665,"Lmao I'm not giving orders, end of the day I can't make you do anything. I'm literally saying instead of focusing and two people, everyone needs to realise when they dig into all youtubers past that they have all said shit racist or problematic. Because they are humans.",1,1,ethnicity,ethnicity,False
19672,Trump is really giving license to people to officially rewrite the past and make it so no Democrat ever did anything bad we can just blame it all on the Republicans right. I only bring this up because this is how DNC delegates are acting,1,1,ethnicity,ethnicity,False
19678,"not really, a black person saying the n word is normal because it doesnt have to do with anything from the past, a white person saying it is racist because it incourages rewriting the history and all that shit so no my guy you cant be racist toward your race.",1,1,ethnicity,ethnicity,False
19693,@Theos_Tweets7 hey bitch ass nigger twitter only allows u 140 words if u get it u get it if u Don't Fuck off Dumb ass,1,1,ethnicity,ethnicity,False
19697,"And I'm not dismissing you for being white, but I'm dismissing you saying that it is not offensive and ""the same as black"" because it is not. If a black person is called a negro by a white person by any means, it is racist, point blank period.",1,1,ethnicity,ethnicity,False
19698,"Having a discussion on “go back to where you came from” itself is hatred, racist, and most likely it happened to a good amt of POC. I would say majority isn’t a hoax. To pick a small incident that is a hoax is defending racism and hatred.",1,1,ethnicity,ethnicity,False
19699,"Fuck all you black as niger, what's my agenda none of ur damm business, you just pick my damm cotton. You dumb black blasters. It's a",1,1,ethnicity,ethnicity,False
19704,"HOLY CRAP BATMAN, THOSE NIGGER WINCHES GOT US LOOKING LIKE COMPLETE IDIOTS IN THE PRESENCE OF MUSLIMS! LET US USE THE DUMB AS FUCK RAP",1,1,ethnicity,ethnicity,False
19713,Words to never say in the getteo cracker wacker fuck your couch oh and Nigger ya dumb,1,1,ethnicity,ethnicity,False
19721,JULIA IS OFFICIALLY ONE YEAR OLDER FOR ME !!! HAPPY BIRTHDAY !!!!! lit rally one of my closest and first twt friends you make my days better and ur an icon never change you're the bestest and ilysm @xuxislayer123,1,1,ethnicity,ethnicity,False
19733,Where I come from the word nigger offends me you're fucking white you dumb fuck,1,1,ethnicity,ethnicity,False
19734,"negro in Spanish is not a slur it's a colour and adjective, the word for black. like ""blanco"" is white. ""moreno"" means tanned and is often used as an euphemism to avoid saying someone is black. black spanish people would be upset if you called them moreno and not negro.",1,1,ethnicity,ethnicity,False
19738,"Racism is when u select yours white clothes n wash them first b4 de black n colored ones, SAY NO TO RACISM n wash them all @de same time",1,1,ethnicity,ethnicity,False
19744,I'm confused on why you say fuck a nigger? Ain't ya daddy black? Bitch are you dumb or are you dumb? Fuck outta here.,1,1,ethnicity,ethnicity,False
19745,@lakimcardasian who you think you are when you defend rocky it first breaks the stuff of others and is so Nigger that it will not replace it and then beaten up with a bunch of junk Dumb guys i do not respect you for a fuck.,1,1,ethnicity,ethnicity,False
19752,"You did not just call me a dumb nigger, who the fuck do you think you are. #assholes",1,1,ethnicity,ethnicity,False
19754,"“...the negro is not equal to the white man; that slavery, subordination to the superior race, is his natural and normal condition.” - Alexander Stephens, Confederacy VP Nancy Pelosi just called for his statue, and others, to be removed from the Capitol.",1,1,ethnicity,ethnicity,False
19762,"God RT @AntiDARKSKINNED: Don't start with that ""I'm brown"" bullshit. You are black, you are a nigger. You are filthy &amp; disgusting.",1,1,ethnicity,ethnicity,False
19764,Why is it when your in a great mood some dumb ignorant fuck has to try n jack shit up?!?!....I will NOT have a nigger moment!!!,1,1,ethnicity,ethnicity,False
19770,first impression: i like ur name :D your nickname in my head: max?? closeness ratings [1-10]: 1 do i like you: sure lol i dont know u you are my: ??? ever had a crush on you: no should you post this too: if u want one random thought: hello,1,1,ethnicity,ethnicity,False
19773,@TuckMyJPP YOU CAN BE A NIGGER LOVER ALL YOU WANT BUT KEEP YOUR DISGUSTING BLACK FRIENDS FROM TALKING TO ME YOU MARIACHI BAND BITCH.,1,1,ethnicity,ethnicity,False
19774,"Thanks for adding more ammo to my #NeverKamala stockpile. Why would I a black woman, trust or believe anything a woman like Harris would say or do with a past, as such, along with questionable ties to WS and wealthy donors? With my money?! To help the poor?! #MakeItMakeSense",1,1,ethnicity,ethnicity,False
19775,"And then Shane being part of it, like I loved Shane in the past, and as a young fan at the time I didn’t think shanaynay was racist and I thought black ppl were ok with it coz no one said anything, according to what I was exposed to. And now it’s like....",1,1,ethnicity,ethnicity,False
19776,FUCK YOUR BREAKING NEWS.. real spit my dumb ass niggers,1,1,ethnicity,ethnicity,False
19782,name a one direction song that starts with the first letter of ur last name,1,1,ethnicity,ethnicity,False
19783,it's been a long long time but ur one of the first mutuals i had on this hell app and i'll always be grateful,1,1,ethnicity,ethnicity,False
19809,"never said that dumbass, i’m saying stop talking out ur ass and making up shit first off; no one frm the beginning this happened ever said that megan started it an deserved it. women jus love making shit up to make men look like we support this misogynistic behavior",1,1,ethnicity,ethnicity,False
19820,omg I’m in love with ur fancams! mostly the first and last one can i know what app u use to make them pls ?,1,1,ethnicity,ethnicity,False
19826,Nicole it’s like anything else the buck got past.Obama’s racism didn’t show until Trump took over as president then his racism showed.the idea that he’s part black nobody was going to go against him he wanted to keep being an ass kisser,1,1,ethnicity,ethnicity,False
19832,"For that u have to play that y no one knows ur name first learn football,There is different between playing and watching from outside",1,1,ethnicity,ethnicity,False
19837,U do for white folks what U don't/ won't do for non colored folks in similar situations. Ur racism/bigotry shows more and more with ur passing days!!,1,1,ethnicity,ethnicity,False
19839,how have you been on twitter these past few months and not read anything omg they said read black radical theory so start there,1,1,ethnicity,ethnicity,False
19840,"@Blklivesmatter and @ash_antifa if your going to go after “slave owners from the past” I would think ya started with #DemocratsTheEnemyWithin and chase them out first!! The Democrats @HillaryClinton was the last one to go to a former kkk funeral, ur going against wrong people.",1,1,ethnicity,ethnicity,False
19850,"No! I don't have to do better! His use of the term nigger was gratuitous, disgusting and offensive to myself and most black people! Stop making excuses for him! White people are not allowed to use that word under Any circumstances! What would Dr. King say about his use of it?",1,1,ethnicity,ethnicity,False
19858,your not gonna know him dumb fuck like your such an annoying nigger who thinks they know everything,1,1,ethnicity,ethnicity,False
19862,i'm sick of these niggas they had the easiest road ever,1,3,ethnicity,not_cyberbullying,True
19867,@Cameron_Mentel when you said “you’re letting the niggers run the school” is what I keep replaying in my head and I’m still sick from it and that was MY freshman year YOU DUMB FUCK YOU RUINED MY HIGH SCHOOL EXPERIENCE YOU AND YOUR RACIST FRIENDS WHO ARE ALL NOW TRUMP SUPPORTERS.,1,0,ethnicity,age,True
19870,then he seen me in the truck w / MY dad &' gone say while she in the truck w / that old ass nigger NEWSFLASH its MY dad YOU DUMB FUCK !,1,1,ethnicity,ethnicity,False
19873,See the issue is no one else tells any other group to get over a past atrocity.... but when it comes to slavery or anything concerning the Civil Rights era folks are quick to tell black people to let it go.....I think you guys should stay in your lane..,1,1,ethnicity,ethnicity,False
19874,"Is that Natalie Portman? Sad. I loved her in Black Swan, Leon: The Professional, etc. But her politics is so divisive that I can't watch anything from her from the past or the future. Oh well. #IStandWithTucker",1,1,ethnicity,ethnicity,False
19883,"For example, systematic racism, as you called it, happened to pretty much all migrants in the U.S. Like the Irish, who were white, were considered to be colored and had many problems in society because of it. There are Cubans who are white that had problems establishing life too.",1,1,ethnicity,ethnicity,False
19884,RT @DopeDistrict: @CarioAmsterdam NEGER AND NIGGER ARE EXACTLY the same you dumb fuck! don't be justifying a racist remark,1,1,ethnicity,ethnicity,False
19886,@GloGang_Ricoo what's your@point ? I live downtown come at me man ill fuck your face up dumb nigger,1,1,ethnicity,ethnicity,False
19887,"Fake dumb ass niggers doing fake things, dumb ugly bitches running around like lose dogs, does it fucking looks like we doing two or give a fuck about two just always talk shit something that has nothing to do with any of you gosh.",1,1,ethnicity,ethnicity,False
19895,Saw countless posts for Floyd and Brooks but haven’t seen anything for the young black princes and princesses who’s lives have been taken in just this past week due to senseless violence by their own neighbors. RIP Secoriea and Natalia. Two of many that have been lost too soon.,1,1,ethnicity,ethnicity,False
19898,"Black army has been experiencing racism for a long time from KArmy. They are now speaking against the discrimination. Karmy goes as far as calling them niggers, go back to picking cotton etc... It's disgusting",1,1,ethnicity,ethnicity,False
19915,"@d800man ~ Ok nigger lover, you're not black. WHO GIVES A FUCK YOU DUMB NIGGER? YOU ACT LIKE A NIGGER.",1,1,ethnicity,ethnicity,False
19922,"@angelxroblox tysm for the detailed commission i think ur the first person that doesn’t over price it bc i found one that’s like 50 robux for the same thing! anyways tysm for not getting mad when i had no funds and i happily payed the gamepass way, i’m super happy again, TYSM",1,1,ethnicity,ethnicity,False
19926,"The instrument is being used on both sides. Right wing extremists searching for “black pages” in the past of opponents. And left wing extremists, who are calling anything they don’t like “racism”. There seems to be no reasonable middle in any discussion anymore.",1,1,ethnicity,ethnicity,False
19932,"Yes! I heard of it after it had been out for awhile. I downloaded the first couple of episodes and got hooked. I may dl it again, hard to find good shows except on premium networks like HBO. The seasons only run usually about ten shows. One good day or a couple nights, ur done",1,1,ethnicity,ethnicity,False
19934,"Racism is so deep in Latin America, like even tho must of us are brown, having white skin is standard for beauty being called “negro” it’s an insult, you grow up wishing you were white, you grew up with zero representation because your skin color is not “attractive”, because it’s",1,1,ethnicity,ethnicity,False
19940,fuck you this is not the person I think it is you dumb nigger,1,1,ethnicity,ethnicity,False
19944,"@yofavoriteEXgf its only #rare cause niggers are dumb , they throw on some axe and be out the door like fuck it",1,1,ethnicity,ethnicity,False
19958,fuck you thought I was a dumb nigger right? Wrong bitch.,1,1,ethnicity,ethnicity,False
19970,UPDATE: She opened her text msgs to show me an issue she’s having with sending pics & a msg she sent to her friend says “she’ll finally have the chance to fuck a nigger”. SO THIS CALL IS OVER. I HUNG UP. I HOPE YOUR MAN IS FUCKING EVERYTHING W/ A PULSE DUMB BITCH!,1,1,ethnicity,ethnicity,False
19975,"How is this racist? Because it’s in black and white? I swear, the haters will find anything to complain about.",1,1,ethnicity,ethnicity,False
19976,First impression: hmm another Serbian your nickname in my head: none closeness ratings [1-10]: idk? do i like you: sure you are my: mutual ever had a crush on you: no should you post this too: if u want to one random thought: ur cool,1,1,ethnicity,ethnicity,False
19977,"I'm done being PC, this nigger is a dumb fuck....I said it, and I mean it.",1,1,ethnicity,ethnicity,False
19985,"Jeff, please, stop calling that a ""dumb move"". ""Nigger"" is one of these powerful words just like ""cunt"" or ""fuck"" etc.",1,1,ethnicity,ethnicity,False
19993,these dumb nigglets ~ as i said before the fuck offs see what i type as i type it~only an ignorant nigger falls for repeated spell *checks*,1,1,ethnicity,ethnicity,False
19994,first one’s ur brand,1,1,ethnicity,ethnicity,False
19997,The Lord God Almighty knows that I just hate dumb people that always running their mouth and do not know what the fuck they are talking about ! I have my son in here with me that wad born in the Dominican Republic and spent 7 1/2 yearsin Haiti ! That's a damn lie nigger........ pic.twitter.com/umpi1wyqcv,1,1,ethnicity,ethnicity,False
19998,YOU THE ONE CALLED ME A DISGUSTING BLACK NIGGER,1,1,ethnicity,ethnicity,False
20008,"Kanye West called the white girl ""brave"" for ""speaking out"" &amp; ""speaking truth"". But, grossly chastised the intelligent black woman for doing the same. To borrow a lexicon from Malcom X: ""during slavery you had two Negroes. You had the house Negro and the field Negro.""",1,1,ethnicity,ethnicity,False
20009,"If you were racist in the past why would you not want show people publicly that you support them? Like the only thing j* has done was preached about how we need better shade ranges, he hasn’t done anything for the black community &amp; just says sorry for his racist past over &amp; over.",1,1,ethnicity,ethnicity,False
20010,"First one to say it. It’s not about who she is at all (for me) it’s the fact that if u younger, u get ur young ass to da back and let the older ones sit ina front",1,1,ethnicity,ethnicity,False
20012,"Good so when you are called negro by a white guest I expect you to smile. I remember when Karen was a regular word, but white people out here were crying. Are you for real this tone deaf or just protecting your chicken?",1,1,ethnicity,ethnicity,False
20014,No actually. Trump lowered the black unemployment rate to a record low these past 4 years meanwhile no democratic president in the past 40 years has done anything for them other than try and pass the crime bill that would lock more of them up,1,1,ethnicity,ethnicity,False
20020,"You’re too kind. But you forgot the “because of black people” part. If I’ve learned anything in the past three years it’s that there are far too many americans who can’t pick that up. Please, show no mercy. Be explicit. Spell it out.",1,1,ethnicity,ethnicity,False
20027,"Look up something called the cornerstone speech. ts foundations are laid, its cornerstone rests upon the great truth, that the negro is not equal to the white man; that slavery—subordination to the superior race—is his natural and normal condition.",1,1,ethnicity,ethnicity,False
20028,"it’s okay, i’m completely on ur side with this. it’s fucking disgusting and people shouldn’t publicize this stuff at all. keep it in ur head and don’t talk about it. no one cares, first of all, and second of all, it can hurt others or make them uncomfortable. so just stop, please",1,1,ethnicity,ethnicity,False
20031,"Some people will do anything to try and invalidate your experiences. I was in a relationship with a non-black man at 18 and suddenly I’m not allowed to speak about MY experiences dating black men, despite the fact I’ve been dating black men for the past 10 years. Hilarious.",1,1,ethnicity,ethnicity,False
20032,"Black people, please STOP acting dumb as fuck in public. You look like a dumb ass coon nigger just like they want us to act. It's STUPID!!",1,1,ethnicity,ethnicity,False
20044,"how are u gonna tell the PERSON WHO MADE THE MEME ""um no we're gonna drag ur name in the dirt forever and you'll be the only one to blame for coming up with this in the first place """,1,1,ethnicity,ethnicity,False
20045,There’s the one letter difference so might be cuz my mind just missed the i the first time I saw ur name lol,1,1,ethnicity,ethnicity,False
20046,You said that roger stone number just happened to pop up on the Lottery seriously that statement in itself was shameful white people have ever right to say negro as a matter fact In America history black people have been called negro for decades,1,1,ethnicity,ethnicity,False
20047,"Tom, with so many people supposedly in favour, why has it taken an incident in foreign climes, for the racism issue to pick up speed? I think it is let down with so many black players jumping on the bandwagon. Why have they been silent for so long?",1,1,ethnicity,ethnicity,False
20048,"@Twin_Ec_ @yeesii___ fuck you dumb ass broad, he's free to hold his opinion. I hope niggers in your town see this and anally assault you",1,1,ethnicity,ethnicity,False
20052,What the fuck was that?! Fuckin disrespectful people I swear. No one gets away with calling me a bitch! Dumb ass nigger.,1,1,ethnicity,ethnicity,False
20066,me recording thinking i was abo it ti get a UR. i had my eyes closed for the first one but then i lost all hope,1,1,ethnicity,ethnicity,False
20067,"Ik, but ur still not getting my point. This is our first time where we finished outside the top 6 in 25 years. One season being 8th doesn't overshadow over 100 ones. I can't predict the future, nor can u. But all ik is that under Kroenke we aint moving forward.",1,1,ethnicity,ethnicity,False
20069,Embarrassing ... Did anybody else pick up on the region so many of the GOP members of the committee come from ... Another incident of BLIND racism infecting our politics ...,1,1,ethnicity,ethnicity,False
20071,it's really tiring hearing people say anything but 'I'm sorry and I'm guilty for hurting you all' a lot of folks say they are pro black live matter but truly acknowledging your own past actions or internalized racism is the best way to really grow as a person,1,1,ethnicity,ethnicity,False
20079,There isn’t? Then why was my son not qualified for the United Negro College Fund? Because he’s white. That’s racist! If there was a United WASP college fund then they’d be called racist!,1,1,ethnicity,ethnicity,False
20085,The fact that y’all really be on here referring to other Black people as “nigger(s)” even ironically is disgusting g.,1,1,ethnicity,ethnicity,False
20086,IT'S UR FIRST TIME MAKING ONE WHAT DID THEY EXPECT,1,1,ethnicity,ethnicity,False
20088,We were one place off play offs last season. We’vePlayed the entire season with no defence what’s ur point. We had 3CBS leave and played people out of position all year. Someone said Ole done better in the league than Mourinho in his first year even tho Mourinho got more points,1,1,ethnicity,ethnicity,False
20092,black women go crazy for this nigga and it’s funny bc he don’t like you or your nigger naps!! find a new nigga to get ya pussy wet over!! nigga not even cute he look like a whole crackhead and that’s bc he is one!! y’all bitches dumb as FUCK,1,1,ethnicity,ethnicity,False
20095,"So you are saying That only black crimes aren't solved because black people are notorious for not having trust in police. So I guess with all the black on black crime in philly the past weekend, the police shouldn't do anything to try to solve it because black people hate them.",1,1,ethnicity,ethnicity,False
20101,no ur the one who replied to this dead thread first,1,1,ethnicity,ethnicity,False
20104,And the past is the past. Unless you think reparations and more free gimmies are gonna change anything along with 'abolishing suburbs' where a lot of my black friends live is retarded.,1,1,ethnicity,ethnicity,False
20105,"I was really close to laying out the new black secuirty guard today, stupid dumb fuck nigger pissed me off.",1,1,ethnicity,ethnicity,False
20108,Some niggers are so fucking dumb these days why the fuck the got to be like this¿¿¿¿¿,1,1,ethnicity,ethnicity,False
20109,"WOW I start yelling because char is starting the abuse and all of a sudden I get from him ""yer no better than some dumb as ducking nigger bitch"", "" you never shut the fuck up like some black bitch"". Wow just wow.",1,1,ethnicity,ethnicity,False
20124,Because a famous white guy went on a black radio show and called him a negro,1,1,ethnicity,ethnicity,False
20125,People don’t even know what there saying anymore. You sound stupid as fuck. Hahaha but that’s ok even though you and me don’t understand each other I’m just going to stop getting beat for some dumb nigger. I’m not even saying I’m rases because I love black people and white evenly,1,1,ethnicity,ethnicity,False
20139,"`` its my power- Ack! Every time i use it it hurts physically. I need something. . . anything to stop this headache! ´´ He fell to his knees, just when a sudden black pointed rock had shot up. Almost past his face. ! `` okay we need to hurry!´´ https://twitter.com/HISMUSICIAN__/status/1282478848127442944",1,1,ethnicity,ethnicity,False
20147,A waste of space. Idiot dumb jock nigger stupid Dorkien ass hole ugly fuck boy lame ass.,1,1,ethnicity,ethnicity,False
20171,"tbh, sequels always ruin the fun for me whenever i loved a film/book esp if ur rooting for the main love interest in the first one. like can they just experience a normal relationship hurdle w/o any cheating involved? that and not constucting another unnecessary love triangle",1,1,ethnicity,ethnicity,False
20177,“@brittd1178: Everybody get out and vote so we can get this nigger out of office!” Bitch you dumb as fuck,1,1,ethnicity,ethnicity,False
20186,"Yes I did and it caught my attention. You know, racism manifests itself at so many levels.The reason Josephine Baker fled the U. S. was because Europeans saw her as an incredible performer as apposed to here in the U.S. Here she was just a colored dancer. Great work Laura.",1,1,ethnicity,ethnicity,False
20190,"You dumb bitch. My grandpa told me he was called a nigger multiple times in times of segregation bc if you weren’t white you wasnt right simple as that, as much as y’all want it to be “yours” YALL aint entitled to shit especially a fucking word of SLANG get the fuck over it",1,1,ethnicity,ethnicity,False
20209,@LoLosWay I don't want to see a pic of your dumb nigger ass bitch fuck off,1,1,ethnicity,ethnicity,False
20228,"I wanted to write more about how ur post made me feel but words are failing me. The song!, you gave a whole new meaning for this song! I know exactly what you meant when you kept saying ""I know I'm not the one fighting cancer"". The first thing that popped into was ""She gets it""",1,1,ethnicity,ethnicity,False
20235,@mysanityis Go on TMZ She is ranting about a girl being black and disgusting and a nigger and no one likes her cuz shes black,1,1,ethnicity,ethnicity,False
20242,"i'm cackling at home about a machine deciding that a book about a character described as ""long and brown"" (d'artagnan in 'the three musketeers') written by an author who was called 'that negro' by balzac is, yes, full of only white characters. gotta give it a new cover.",1,1,ethnicity,ethnicity,False
20246,i wanna make a list of fit people but u can’t add loads them by search so i’ll have to remember each name one at a time so whoever’s the first on it is gonna be like wtf ur weird,1,1,ethnicity,ethnicity,False
20255,DEANGELO WHY ARE YOU SUCH A SORRY SACK OF DUMB FUCK?!?? I HATE YOU NIGGER!,1,1,ethnicity,ethnicity,False
20263,"man this is some BS. its not who I am. get the fuck out. if you say the ""N' word ooo for you dumb fucks its nigger your racist dont say ooo thats not me it was a mistake. get the fuck out of here",1,1,ethnicity,ethnicity,False
20264,"Computer caught a virus, my dumb nigger of a dad reset the whole thing, ALL MY FUCKING CLIPS ARE GONE. WHAT THE FUCK.",1,1,ethnicity,ethnicity,False
20281,Humans r colored like our ancestors where pieces of bread and how toasted u look is determined by hot their country was. We r all bread and the sun is our toaster. That’s my take on racism dont @me,1,1,ethnicity,ethnicity,False
20282,idk if uve ever been slapped with a ruler by ur teacher but id let hisoka do it to me maybe even twice tho i think it would be an instant kill after the first one,1,1,ethnicity,ethnicity,False
20286,I can't believe that fuck ass white boy called me a dumb nigger over some shit I said about Joe Pa! GTFOH! it's not that serious!!,1,1,ethnicity,ethnicity,False
20289,"Yea yea, you're just another ugly dumb fuck nigger.",1,1,ethnicity,ethnicity,False
20291,Was just walking to school rn and saw a fricken black ass nigger talking to a cop and the cop wasn’t shooting that burnt toast head ass bitch smh this is why America is falling apart this is easily the most disgusting thing I’ve ever seen #fuckniggers #wtfamerica,1,1,ethnicity,ethnicity,False
20293,"Umm Note that the White (person) 1) decided you need saving, 2) decided she is capable, 3) did not ask but informed you of her messianic capacity. This is called patronizing the Negro. Secret racists r vulnerable to this delusion.",1,1,ethnicity,ethnicity,False
20294,Miller has advised him he hasn’t exterminated enough black and brown people yet??? (I no longer put anything past this vicious and cruel administration.),1,1,ethnicity,ethnicity,False
20299,I have a Noval idea . Let’s abolish UNITED NEGRO FUND a all black support system run by all blacks supporting only black students the new law created years ago during miss burning called for racial balance 25% black 75% white this is law so U.N. F. Must accept 75% white or face,1,1,ethnicity,ethnicity,False
20301,"King’s okay with these “Negros” attacking a white boy, but called out drop kicking the little black girl (he was attempting to drop kick the white boy but missed).",1,1,ethnicity,ethnicity,False
20303,You’re ignorant. I haven’t done anything to keep a black man down. Blaming today’s white man for past white men is like Americans hating little Japanese kids for Pearl Harbor. Your hate is noted and I can’t do anything about it but racism is racism. The fact that I had a black,1,1,ethnicity,ethnicity,False
20307,"@Jess_da_mess_ I BET YOU DONT HAVE A GED OR H.S.D,YOU SOUTH NIGGERS IS DUMB AS FUCK",1,1,ethnicity,ethnicity,False
20309,"black people ""niggers."" This is absolutely disgusting and twitter should NOT be used for this type of behavior. If you all get a chance,",1,1,ethnicity,ethnicity,False
20311,first impression: i rlly like ur vibes your nickname in my head: frankie do i like you: yes!! you are my: one of my moots what color do you remind me of: beige ahaha should you post this too: if u want! :),1,1,ethnicity,ethnicity,False
20312,` some niggers is real dumb they buy cars and trucks ` cause a bxtch look good in she know how to fuck .,1,1,ethnicity,ethnicity,False
20315,Nigger just took it tooooo far by calling me a dumb ass. Fuck you @IM_TUPAC.,1,1,ethnicity,ethnicity,False
20318,@RealKevinNash they used to stand for something but they fuel racism more than anyone! Isnt zimmerman colored? Stay inside during bcr dont u,1,1,ethnicity,ethnicity,False
20320,@Usher fuck me dumb nigger,1,1,ethnicity,ethnicity,False
20336,"I the sims but the community is so fucking annoying, ""EA fix ur game these bugs make it unplayable i want a FARMING PACK"" ok first of all those bugs are probably one of the 80,000 mods you have that's been outdated since last yr and ur trying to run the game on a chromebook so",1,1,ethnicity,ethnicity,False
20343,"Get off ur ego trip, take off ur rose colored glasses &amp; get real! U’ll be lucky if ur in office next year! Ppl r fed up with ur lies, bullying, cheating on us &amp; Melania, immaturity, inability 2 work a full day, ur bone spurs, bigotry &amp; racism! We r tired of U! Impeach 45!",1,1,ethnicity,ethnicity,False
20353,"A guy on Grindr asked for nudes, and when I refused to send them he told me he hoped the police would shoot me up for being a “black ass disgusting nigger”",1,1,ethnicity,ethnicity,False
20354,"Aha This Bitch Said ""FUCK OBAMA, dumb ass nigger"" Is It That Serious? Aha",1,1,ethnicity,ethnicity,False
20356,so at first i thought this is me trying would be one of my favs and now it’s like bottom 5 and this is why u should never rate tracks until at least ur 20th listen,1,1,ethnicity,ethnicity,False
20358,"Black people aren’t necessarily racist against white people. Any prejudice or dislike from what I’ve seen is more like a PTSD or trauma situation than anything, based on past experiences. But I’ve seen white people hate black people just because.",1,1,ethnicity,ethnicity,False
20361,"And his dumb ass - blind, deaf and dumb family hugged the bitch! This is why the world has no respect for us as a people! That Christianity got these niggers all the way FUCK UP MENTALLY!!!",1,1,ethnicity,ethnicity,False
20366,I keep seeing black people tweeting and referring to themselves/all of us as niggers as a joke. This is disgusting.,1,1,ethnicity,ethnicity,False
20367,"He's had such a privileged upbringing is laughable! He doesn't represent the hardworking Black UK people only his public image, ego and selfishness! I haven't seen him do anything in the past that's lifted up young Black people! The bandwagon passes and the celebrity jumps on",1,1,ethnicity,ethnicity,False
20371,The pure hatred some of you niggers have for black women is disgusting. Like truly seek help.,1,1,ethnicity,ethnicity,False
20373,The black lady is freaking out cuz she's prego by a guy who wears a cupcake belt n think his gay what the fuck dumb nigger lady,1,1,ethnicity,ethnicity,False
20376,Niggers crying over a dead Pakistan kid doing better then them let’s blame it on fake crow Jim dumb crack lies so fat old niggers can pretend to be white trash look at me I’m working like a big boy and girl still fuck up because the black community is full of bums baked crumbs,1,1,ethnicity,ethnicity,False
20382,@StarWarsFagg0t You = Nigger = dumb fuck cause i already knew that,1,1,ethnicity,ethnicity,False
20384,Dumb tight right now lil nigger tim just sold me a half bag of haze and I lost a 50 dollar bill. Fuck my life,1,1,ethnicity,ethnicity,False
20386,"It's right up there with the thinking that ""A Charlie Brown's Thanksgiving"" has racist over tones. because the colored child sat by himself @the table. If U read about Charles Schultz.they would see that Schultz WANTED 2 add the character but was afraid to because of racism.",1,1,ethnicity,ethnicity,False
20390,@LilKimStepChild how the fuck is a nigger gonna live in a rich city and not be a celebrity. Bye dumb ass,1,1,ethnicity,ethnicity,False
20395,"Errtime we argue I keep realizing you’re a dumb fuck , is there such thing as a factory fault human being Mara ?Have u ever in ur life heard that men are suffering cos they are factory faults ?It’s a joke nigger ,but single mothers ?O serious jo gore u see them as 1 thing ?",1,1,ethnicity,ethnicity,False
20407,@alexhahn_ DONT YOU TELL A NIGGER TO FUCK YOU SON OF A BITCH YOU DUMB ASS RETARD SUCK MY DICK FIRST AND THEN COME TALK TO ME MOTHER FUCKER!!,1,1,ethnicity,ethnicity,False
20419,"nahhhhh wtf don't say nigga/nigger if you ain't black whether its in a song or not you, have NO right saying that no matter the context. if you know the history behind it why tf say it. then have the fucking guts to say that saying black lives matter is disgusting wtf man",1,1,ethnicity,ethnicity,False
20423,He’s saying that the network was indirectly calling him a nigger dumb fucks,1,1,ethnicity,ethnicity,False
20424,I CANT UR ONE OF MY VERY FIRST MOOTS,1,1,ethnicity,ethnicity,False
20426,omg ur the first one who got it right,1,1,ethnicity,ethnicity,False
20430,"we- it was ur first @has to sit on this chair, that blue spiky one",1,1,ethnicity,ethnicity,False
20435,To see if something special was keeping him so resilient. They also tortured our albino brothers and sisters “white negros” as they called them baffles why their skiln lossed it’s melanin over time. Know your history and what they did to us teach your babies,1,1,ethnicity,ethnicity,False
20447,"I will never forget in year 5, two white girls in my class called me a negro in the playground and when i said i was gonna tell they started crying and guilt tripped me into not saying anything... and i really stayed “friends” with them and everything",1,1,ethnicity,ethnicity,False
20452,'That nigger dumb as fuck in class but he can cover a pass rush' coaches at universities,1,1,ethnicity,ethnicity,False
20455,“@Haerr33: Da fuck RT @brittd1178: Everybody get out and vote so we can get this nigger out of office!” Something a dumb hoe would say,1,1,ethnicity,ethnicity,False
20459,"they my favirote and they cant even melt the damn cheese..awe fuck bin laden, these dumb azz nigger here...lmao",1,1,ethnicity,ethnicity,False
20463,"@tayyoung_: FUCK OBAMA, dumb ass nigger oh so you tough now... &amp; you do realize the man is half white too dumb ass!",1,1,ethnicity,ethnicity,False
20470,If you were so smart you would have realized I was busting you for a typo. I fuck with dumb niggers all day. White power!,1,1,ethnicity,ethnicity,False
20487,"Again, an ""unruly"" or ""group of teens"" means they are all black. Also described in the article is several groups battling. This is called negro tribal warfare. There are no pictures because they don't want you to notice, had it in fact been white people the article would've said.",1,1,ethnicity,ethnicity,False
20488,"My problems have NOTHING to do with certain people feeling entitled and when you call them out get called a “nigger” , you sound dumb as fuck",1,1,ethnicity,ethnicity,False
20493,YESSS UR THE FIRST ONE I MET,1,1,ethnicity,ethnicity,False
20509,"He didn’t even acknowledge calling me “[his] resident Negro”. At all. My white showrunner touched me, called me a Negro, used the n-word, my white co-workers didn’t back me up, a white producer told me to keep it under wraps for sake of the show and I FUCKING DID!! (7/8)",1,1,ethnicity,ethnicity,False
20511,"lmfao you call my brother a ""nigger"" , but then turn right around and try to fuck my BLACK cousin? makes a lot of sincee, dumb ass.",1,1,ethnicity,ethnicity,False
20517,"Cause if you aren't hitting it, you're just a dumb fuck my nigger.",1,1,ethnicity,ethnicity,False
20526,ur gna be the first person i dm one sec,1,1,ethnicity,ethnicity,False
20529,"Right now, it's hard to say anything is ""just sports"" though I've certainly held that opinion in the past. This was @BubbaWallace responding to a complete racist POS who has been throwing hate at a ton of black athletes right now... hiding behind, ""it's just sports"".",1,1,ethnicity,ethnicity,False
20533,first impression: who added this person to the gc? your nickname in my head: penguins closeness ratings [1-10]: 7 do i like you: as a friend yes you are my: friend ever had a crush on you: no should you post this too: you already have one random thought: why is ur name penguins?,1,1,ethnicity,ethnicity,False
20542,It's called white supremacy,1,3,ethnicity,not_cyberbullying,True
20547,"It’s crazy when uu stop doing ur shii for one only person . But they person never take you serious! It’s like if I don’t text first , they won’t text me .. If u sad they jus will say what’s wrong :( but i know when people care or no . onmm but dis typee hurt so much !",1,1,ethnicity,ethnicity,False
20555,"So mandem walk up on him like ""wah? who saying nigger to who called u a Nigger? you fucking dumb i will fuck u up in this bitch"" *coughs up flem Some random lady starts to hold me.. the fear of God I seen in his eyes when i started to wild out Her: See what u done U racist bih",1,1,ethnicity,ethnicity,False
20565,Stop trying to deflect with nonsense. All that viral tweet did was spread more hate between BM & BWnarrative. I dont get any joy out seeing viral tweets generalizing black people its disgusting. The first thing white people see are niggers. Now yall have minds made up about BW&amp;BM,1,1,ethnicity,ethnicity,False
20574,"@DB_nation10 You dumb fucking nigger, learn how to construct a proper sentence when you're going to insult someone. Now, go fuck yourself.",1,1,ethnicity,ethnicity,False
20582,I use to be wilding on his dumb ass my mother &amp; sister use to be don't do that to him lmfaooo fuck that nigger,1,1,ethnicity,ethnicity,False
20595,"u ever sit in back of bus, drink out colored fountain, sit in colored waiting rm. I guess u lived racism. I really did.",1,1,ethnicity,ethnicity,False
20601,"Heyy nourzz, first i miss u loads and second ur really one of the special people I met at uni and a person with the cutest and most adorable soul lysm",1,1,ethnicity,ethnicity,False
20602,Leaving your impression on people is the most important thing. Be that nigger like they say down south that made them feel dumb as fuck..,1,1,ethnicity,ethnicity,False
20606,"I prefer my racism belligerent and out right ,like when old people call u colored in 2017 that's truth I don't like to be played with",1,1,ethnicity,ethnicity,False
20607,"Just like a white person can’t call me a Nigger, they dam sure should not be calling me a Negro. I gave you a list of identifications that we have been called in order by history. UNCF is a black organization founded in the 40s. You can’t call me a negro! PERIOD!",1,1,ethnicity,ethnicity,False
20611,first impression: i wish i looked like youuu ur nickname in my head: khush ? do I like u: yesss ever had a crush on u: naah what color u remind me of: bright yellow just like the one which spread happiness,1,1,ethnicity,ethnicity,False
20613,"I don’t believe in racism of any kind. But I do find it ironic with all the riots, protests and murders happening as result, this is the one incident you pick up on. He was trespassing. Lucky he did not get shot, no matter what color he is.",1,1,ethnicity,ethnicity,False
20631,some white guy called me beautiful negro princess,1,1,ethnicity,ethnicity,False
20632,", I hate FuckNiggas , like if you gon talk$hit you Might as Well back it up ..",1,4,ethnicity,other_cyberbullying,True
20633,"I love U for getting the wrong idea. Don't get me wrong. But don't you think the color ""black"" is just so carnally wrong it would be better to be called a ""negro""?? I mean, your souls aren't darker than white peoples. Why own it more than necessary. That's the attitude cops hate.",1,1,ethnicity,ethnicity,False
20634,"Nigger means ignorant, unknowing.. IGNORANCE COMES IN ANY COLOR! You dumb fuck. &amp; you look like that ignorant fuck, now.",1,1,ethnicity,ethnicity,False
20635,ur gnna be one of my first moots there since it’s new drop ur @,1,1,ethnicity,ethnicity,False
20647,@phvntvsmvgoriv @sundsuu Would you prefer I say Massa. Oh I don't wana speak ill of my masse da white man. #housenigga #coon,1,1,ethnicity,ethnicity,False
20648,"Fifty years ago I got a lecture about don't say ""negro say black"" 'cause it sounds like the n word. Now, I guess it is African America. Have you ever even been to Africa? I've been called white (also cracker and honky) and it has never left a bruise.",1,1,ethnicity,ethnicity,False
20650,"God fucking damn, you niggers are all the same. Dumb ass fucks who can't afford to live tje right way, always stealing, lying, doing wrong.",1,1,ethnicity,ethnicity,False
20652,"I just had to report someone for the most disgusting, racist, &amp; prejudice tweets I have ever seen on Twitter… calling a black a NIGGER?",1,1,ethnicity,ethnicity,False
20654,"I’m sick of y’all saying:”She was young” the time she was going around mocking black people, I was being bullied and called a nigger via internet. I’m a year older than her. Stop justifying her disgusting actions. You don’t know what’s it like to be called burnt and runaway slave",1,1,ethnicity,ethnicity,False
20655,"i hate white people who say nigger so nonchalant then say ""oh I was kidding"" I'll slap the fuck outta you don't be dumb",1,1,ethnicity,ethnicity,False
20664,There's a thing called fuck off you dumb nigger,1,1,ethnicity,ethnicity,False
20674,"so i’m assuming you’re still hurt by rms whole black hair incident, correct ? or do we pick and chose whose racism matters.",1,1,ethnicity,ethnicity,False
20676,How the hell are you going to call Kenya a nigger ? She's by racial you dumb fuck ! @skyleraye,1,1,ethnicity,ethnicity,False
20683,"Osmosis, just another dumb fuck. Only got here job by being a woman. Why not pay back the idiot repubs and nominate a dem nigger.",1,1,ethnicity,ethnicity,False
20691,"Ive been called a ""House Negro"" by several people on the left lmao, most of whom are white",1,1,ethnicity,ethnicity,False
20698,"just learned of the white DJ called ""Joey Negro"" and apparently it was only yesterday that he decided not to go by that name anymore lmaoooo",1,1,ethnicity,ethnicity,False
20700,"Your 3rd eye is not a sixth sence you DUMB FUCK! Its your pineal gland, dumb nigger!",1,1,ethnicity,ethnicity,False
20701,You are literally saying blood alone and nothing else is what makes someone who they are unless that blood is nigger blood and in that case claim anything else if yr mixed bc being Black is disgusting I guess,1,1,ethnicity,ethnicity,False
20710,"we are well past the point where arming ourselves for self defense would be justified. I'm not going to say anything illegal should be done, since that would violate tos, but if you are going to be dragged off to a cia black site and have gods know what done to you...",1,1,ethnicity,ethnicity,False
20713,"niggers are those who are igrant dumb fucks, who belive the are smart, when really they're doing the chasing [eg, drunk rat towards my rite]",1,1,ethnicity,ethnicity,False
20726,Ur supposed to take pictures for proof even if it’s ur first one dude,1,1,ethnicity,ethnicity,False
20734,Coming outside for a grocery run is making me grateful to be quarantined after all. This white man just called a group of black women “fucking niggers” because HE bumped into them. I’d be fine being quarantined forever because people are disgusting!,1,1,ethnicity,ethnicity,False
20736,We’re in a society brain washed by the past and brain fucked by the present. I’m not black but I will do anything just to make the world equal for people of colour for people with different believes and from different countries I would sacrifice my life for you. FUCK RACISTS,1,1,ethnicity,ethnicity,False
20748,"I just defined it. It comes from a long line of names from slavery nigga, shine,negro, colored, minority we called ourselves black in protest of names given to us by our slavemasters. What name do south African refer to themselves as to show difference from white south Africans?",1,1,ethnicity,ethnicity,False
20753,My dad comes home and goes u dumb nigger.. I was like what?! I'm layin on the floor what did I do ?! He goes fuck u bigger.. #someonesmad,1,1,ethnicity,ethnicity,False
20759,"Man I hate when a nigga cock blocking at the function , I'm tryna get laid tonight .!",1,4,ethnicity,other_cyberbullying,True
20760,"Ok. So I should look past the anti-Semitism, I should look past the hatred towards white people by the leader of the organisation, I should look past the fact that they don't give a shit about the children that have been killed during BLM protests by other black p. Anything else?",1,1,ethnicity,ethnicity,False
20770,It is very easy to pick out individual anecdotes. Any race could do this and pretend racism was institutionalized. The odd incident is not indicative of the wider morality. When did the police start ruling any crime suicide or otherwise? That is the job of the courts.,1,1,ethnicity,ethnicity,False
20782,@ThugLifeElmo The shit you post is dumb as fuck! You can tell your a stupid nigger,1,1,ethnicity,ethnicity,False
20791,Nigga isn't a disrespectful word but if you intentionally call a black person a nigger you are just ignorant as fuck. Dumb slut,1,1,ethnicity,ethnicity,False
20792,Look at you. Now look at us. All ya'll niggers look dumb as fuck.,1,1,ethnicity,ethnicity,False
20796,Lrt that's kind of scary but I suppose it is easy to play dress up online in general... once people started Black fishing I dont put anything past them,1,1,ethnicity,ethnicity,False
20801,"Call me disgusting then! Because if any non BLACK person, especially a white one, calls me a nigger I’m going to slap the dogshit out of them too...it’s a new day for the Karens around the world.",1,1,ethnicity,ethnicity,False
20803,just like u colored love to yell racism when u don't get ur way.,1,1,ethnicity,ethnicity,False
20810,both of them give off middle schooler energy except the first one is being forced to take a pic with ur cousins and the second one is during a school field trip,1,1,ethnicity,ethnicity,False
20811,So when she called all the members in her group Niggers that was a term of endearment? When she laughed at Normani being called a Nigger that was a term of endearment. I’m the one being negative for pointing out RACISM? Fuck off with that dumb shit.,1,1,ethnicity,ethnicity,False
20817,What's going on in Baltimore is stupid as fuck. Dumb niggers rioting will definitely fix the problem. Ignorance at its best.,1,1,ethnicity,ethnicity,False
20822,Anything having to do with DEI or Black feminism. Hell I feel like that's all I've been doing for the past month or so with all the white folks that have been reaching out to me.,1,1,ethnicity,ethnicity,False
20823,"Crazy how so many black people are homophobic but as soon as someone calls them a nigger they ready to raise hell shit doesn’t make sense to me, you can’t oppress a group of people and then be butthurt about being oppressed y’all be lookin dumb as fuck",1,1,ethnicity,ethnicity,False
20826,"Just wanted to say that I like the profile pic, ur the first person I found with the same one as me",1,1,ethnicity,ethnicity,False
20832,"Ebert always got it, and if these past couple of months have proven anything it's that proximity to black folks does mean you'll get it.",1,1,ethnicity,ethnicity,False
20835,"My goodness""@ChewCanSam: Somebody get the camera off that dumb nigger before I flip the fuck out, Subban is a stupid piece of shit""",1,1,ethnicity,ethnicity,False
20838,"She did say she was misunderstood. You know black twitter and Facebook. You have seen EFF storming peoples homes for things like this.Knowing white people and how paranoid they can be , you can understand the way she might have thought after.Hope i dont get called a house negro.",1,1,ethnicity,ethnicity,False
20841,"These are the same dumb fucks that say all lives matter. The term Karen is an actual name on millions of birth certificates, nigger isn’t",1,1,ethnicity,ethnicity,False
20852,Get the black vote. They’ve done it in the past and never passed anything to actually help the black community or minorities for that matter. Only passed things that make it harder for them. 2 party system teaches us to be divided and someone in the middle is best for US.,1,1,ethnicity,ethnicity,False
20853,“@madaysun: When I'm calling people Pakis and Niggers then you can all call me a racist.” Well that's just dumb as fuck,1,1,ethnicity,ethnicity,False
20865,"They commit more crimes and get shot less. When whites die no one gives a fuck. When 1 black dude dies every one mourns. Blacks are privileged. You can run in circle, keep giving those privileges to the colored and then you will see what real racism is.",1,1,ethnicity,ethnicity,False
20870,Nigga. NONE OF THAT IS RELATED TO THE CONTENT WE WERE SPEAKING ON!! We are SOLELY TALKING ABOUT PEOPLE AIRING OUT THEIR PERSONAL DETAILS FOR FAME AND CLOUT!!! If you don’t have anything EDUCATED TO SAY then SHUT THE FUCK UP DUMB NIGGER!!,1,1,ethnicity,ethnicity,False
20875,"dumb nigger you’re the one that replied to me, i suggest you fuck off before i dox you.",1,1,ethnicity,ethnicity,False
20877,"To be honest, I only like Obama cuz he a nigga, and he the first nigga at this level, that's bout it ..",1,1,ethnicity,ethnicity,False
20880,Man shut up this isnt a history lesson about your past. I personally never said you owe me nothing what your family being broke got anything to do with me. Save that hard work dedication shit for somebody who dont know. Google black wall street Tulsa ok,1,1,ethnicity,ethnicity,False
20881,"excessive police brutality experienced by *peaceful* protestors these past months, then frankly you don’t want to see anything get better. you are just trying to defend a broken status quo that targets black people and minorities with prejudice and excessive...",1,1,ethnicity,ethnicity,False
20884,“@jeff_x3: Dumb nigger I just repeated what I said-.-”fuck you and that word!,1,1,ethnicity,ethnicity,False
20885,@WhitlockJason u a house nigger!! You're a disgusting black Man U should be ashamed of yourself going on there talk down on JH DICKHEAD,1,1,ethnicity,ethnicity,False
20891,"They want that White . All this time we been telling them they are the 's, but that wasn't good enough. These some of the same Negro's that called Bill Clinton the first black president because he played the and did dumb . I call it, ""White Jesus Syndrome""",1,1,ethnicity,ethnicity,False
20895,keeth i stg. he literally struggles to stream n acts paranoid that hes going to say the nigger again n he almost did 2x. he didnt stream for a yr. he could've made an effort to not say the nword in private but he didnt n its a dumb fucking decision. i dont personally give a fuck,1,1,ethnicity,ethnicity,False
20896,"Haven't you learnt anything in the past 4 years? The blue (actually black) one will enable rich, connected, entitled people to enjoy the same freedoms we all enjoyed as part of the EU. The rest of us won't be able to afford it.",1,1,ethnicity,ethnicity,False
20897,Why does this dumb ass nigger dog insist on stepping all over my computer. Fuck off ho3.,1,1,ethnicity,ethnicity,False
20906,"No name calling? Re watch it. 6 seconds in “here’s the idiot that called me a nigger”. The black lady is in the cop station yelling and dropping f bombs. Not calm. However disgusting, calling someone racial slurs is not a crime.",1,1,ethnicity,ethnicity,False
20911,"I hate when my brain starts thinking about dumb things that I don't want to think about. Fuck you too, nigger.",1,1,ethnicity,ethnicity,False
20915,"i'm colored and totally disagree wz u. you must be a racist against whites for sure. racism is in BOTH way, remember that.",1,1,ethnicity,ethnicity,False
20919,"My hubby predicted krazyvKanye is running to get black votes away from Biden. I said, I didn't think so, but after reading this tweet, I don't put anything past bunker boy. He is desperate. We must keep out eyes on the truth. #VoteBiden2020",1,1,ethnicity,ethnicity,False
20931,So some so called christian bitch called me a nigger behind my back and thought she was slick but one of my employees heard her say it.....yeah lemme catch you outside my store bitch and see what the fuck I say! Jesus cant save you now you rasict bigot dumb bitch!,1,1,ethnicity,ethnicity,False
20932,What they have turned into is beyond anything in the past. It’s right down evil. The activist The rioters Black Lives Matter universities brainwashing our children Hollywood sponsoring the evil and bail for the destruction of those who did it. Deaths of police officers.,1,1,ethnicity,ethnicity,False
20934,A BUNCH OF DUMB NIGGERS WITH A BUNCH OF DUMB NIGGER WORDS AND ACRONYMS. FUCK MY GENERATION. OH MY GOD.,1,1,ethnicity,ethnicity,False
20946,@junogoddess2 Shut the fuck up dumb ass. If u got attacked by a nigger you'd want to kill him too trust me. Plus it was self-defense u fuck.,1,1,ethnicity,ethnicity,False
20957,"Racism is when ɣõu̶̲̥̅̊ select ɣõu̶̲̥̅̊r white clothes and wash b4 u wash d black/colored ones!Say ""NO"" to racism! Wash all together!!!",1,1,ethnicity,ethnicity,False
20965,"poc tell y'all constantly that there's a racism problem in [xyz] community but when we get the ""oh, we never see that"" card do u know how hard it is to say ""of course you don't because you're not a colored person.""",1,1,ethnicity,ethnicity,False
20970,what do you mean her past lol she does this on a regular basis. all she did was post a black square on ig that doesn’t mean anything especially when she continues to be racist and offensive bye,1,1,ethnicity,ethnicity,False
20975,"Not pulling a race card when i have a kid clearly calling me a nigger, u dumb fuck",1,1,ethnicity,ethnicity,False
20980,"@RecycledTexan I give one fuck about impressing a ""WHITE NIGGER""! This is your language, it's in your dictionary ""PALE NIGGER""! R U DUMB?",1,1,ethnicity,ethnicity,False
20981,"Wouldn't put it past him to start pushing Goya beans as a Corvid vaccine ""The numbers are amazing - None of the Doctors have ever seen anything like it. Why not try it (what harm can it do?). Try Goya black beans today. You won't regret it."" Cc #Trump",1,1,ethnicity,ethnicity,False
20984,"Why isnt anyone demanding Netflix be taken down cause of a documentary called ""I'm not your negro"" isnt that racist? Or is it only racist if a white person reads the entire title? Or is negro okay to say? @netflix I'm confused.",1,1,ethnicity,ethnicity,False
20987,first of all ur one to talk,1,1,ethnicity,ethnicity,False
20988,"lets get one thing straight. if i hear anyone say nigger, even if youre black, youre dumb as fuck, must actually be a cotton pickin nigger and i will beat your face in till there is nothing left. beel has spoken. bitch",1,1,ethnicity,ethnicity,False
20992,"F*cowards. Not a 1 on 1 fight. This is the definition of Nigger. There are black Americans and there are this trash. Gotta attack in a pack, that's how animals act. Disgusting, like to see them show the Aryan Nation gang this then release these nothings in prison.",1,1,ethnicity,ethnicity,False
20994,Fuck off dumb nigger go rob some more houses and try mine so I can make sure its the last one you rob,1,1,ethnicity,ethnicity,False
21006,The cure for corona virus we had known about for 15 years when we had the first strand of it which is almost the same as the one now rt if ur happy mask wearing time is over,1,1,ethnicity,ethnicity,False
21007,@HorizonUtero yeah he's a dumb as ugly ass black nigger fuck him,1,1,ethnicity,ethnicity,False
21017,White privilege she said it's white privilege. . &amp; tim Scott is what Malcolm x called the house negro. He left us out in the field while he &amp; boss eating &amp; doing good at the big house. Where is his reaching hand? What has he done lately?,1,1,ethnicity,ethnicity,False
21019,No not really i will admit some peoples lives are affected by the past but using the past as an excuse for crappy behavior and being lazy isnt good all black Americans can do anything a white american can,1,1,ethnicity,ethnicity,False
21020,She was like what does that mean? I just told her she will understand when she gets older since her mom once again has to explain racism. They are sick I’ve heard white people call dogs niggers when the owner is black as well it’s disgusting,1,1,ethnicity,ethnicity,False
21022,ITS ONE OF THOSE “if ur first @doesn’t reply in 5 mins they have to change their layout” HAVDHDBJ,1,1,ethnicity,ethnicity,False
21027,"An Arab dating a Black person is literally like dating trash, according to the rest of their Arab counterparts! I heard Arabs say that it’s disgusting! Yet, they wanna say ""negro, nigga, nigger"". All these variations, but the last thing they wanna be is black!",1,1,ethnicity,ethnicity,False
21028,"Done reading CNN for now our world is crazy as hell and the ""niggers"" are dumb as fuck",1,1,ethnicity,ethnicity,False
21030,The owner or CEO of twitter is a pedo. IG is another one letting these racist and pedos post whatever they want but if anyone post anything pro black or the truth about the past/what’s going on now it’s fact checked and censored or taken down ASAP,1,1,ethnicity,ethnicity,False
21036,"What it is called a ""negro"". Asking the white master coming to show him the holly path to follow. Sad",1,1,ethnicity,ethnicity,False
21038,People really still don't know the difference between nigga and nigger holy fuck are people still that dumb?,1,1,ethnicity,ethnicity,False
21039,He’s a hypocrite. And proved he’s racist as well. He was offended a black lady called him out. For calling a lady negro. If a white person did that he would be villified,1,1,ethnicity,ethnicity,False
21041,➳ first impression: Another sweet dolly.. ➳ ur nickname in my head: Hiffi ➳ u are my: One of my loveliest apis.. ➳ to be honest: I like ur profile alooot.. ➳ should u post this too: Suree,1,1,ethnicity,ethnicity,False
21042,Fuck you dumb nigger I should hang you by my cherry tree-Me to you in 2017,1,1,ethnicity,ethnicity,False
21045,"The events of the past are truly indicative of who Trump really is. His attempts to portray himself as anything other than a racist dog do not and will not work on Black voters. You Karen, are clearly afraid of the truth .",1,1,ethnicity,ethnicity,False
21051,listen. ur the one who said she was bad in the first place. u did this to me,1,1,ethnicity,ethnicity,False
21066,"Some dumb FUCK: ""There are kids starving in Somalia"" Me: ""well if the little NIGGER was here i would give hIm the rest of my sammich...",1,1,ethnicity,ethnicity,False
21067,@AyooLEEEEISH You sound dumb as fuck being a nigger has nothing to do with skin color. I'm not black either I'm African that's just a label,1,1,ethnicity,ethnicity,False
21072,"U tell ppl its ok if someone ridiculed ur race cuz your soul chose to be born as minority, as colored. What a joke? You told ppl who had to live with racism to not respond with anger / fight against it cause it doesnt solve anything. What bull is this! Miss Malaysia? U kiddin me?",1,1,ethnicity,ethnicity,False
21075,@goldchaneI I would never lay my hands on a woman like that u dumb ape nigger fuck,1,1,ethnicity,ethnicity,False
21081,yess exactly the police can murder black people and we can be okay with it because it’s in the past and they’re dead now. exactly. what if i kicked your ass? you can’t say anything because it’s in the past now.,1,1,ethnicity,ethnicity,False
21082,@Lilcruz2 you really tryna get me in trouble on twitter😂😂😂 #coon,1,4,ethnicity,other_cyberbullying,True
21086,The BLM at it again.They don’t understand history.Frederick Douglass was a spokesman for the Black People.They are just ripping and tearing at anything that represents the past.,1,1,ethnicity,ethnicity,False
21087,"“@tayyoung_: FUCK OBAMA, dumb ass nigger” &lt;=====THIS LITTLE DUMB Hoe! Bitch go in YOUR room and let yo daddy skeet on ur face!",1,1,ethnicity,ethnicity,False
21088,Who the fuck comes to someone's house unannounced at almost 2am? Dumb ass nigger.,1,1,ethnicity,ethnicity,False
21089,"To add to how tone deaf this is he called him Eloquent and clear, using the same coded language white people do to praise what they perceive to be a ""good negro""",1,1,ethnicity,ethnicity,False
21090,FYI I'm black. There is a thing for white culture called the magical negro. White people love the idea that there is an unusually talented or gifted Black person who saves the day. This has pretty much been about the only type of film with AAs in it that gets academy awards,1,1,ethnicity,ethnicity,False
21094,U are not a self made nigger and u have tattoos all over ur neck u are dumb as fuck the only job u will ever get is at a butchery,1,1,ethnicity,ethnicity,False
21108,"i’ve noticed it’s a trend on here y’all have to belittle accomplishments and make ppl feel like shit for simple stuff like graduating/going back to school, getting your first apartment (or a new one), buying a used car, etc. take that shit elsewhere. fix ur spirit.",1,1,ethnicity,ethnicity,False
21109,"So a random Iowa fan pulls up in his car and sees me in a Michigan State shirt and says, "" Fuck you and Michigan State you dumb nigger..""",1,1,ethnicity,ethnicity,False
21111,But... he’s right. Atlanta is full of so called shoot em up negros and a Wendys was the best you could do? The hood want respect from everybody but only want to do it to each other and never White Supremacy.,1,1,ethnicity,ethnicity,False
21112,"After black soldiers fought in WWI, many of them came home refusing to acquiesce to whiteness. They would do crazy stuff like look white men in the eye and call them by their first names. They called themselves the ""new negro"" - who thought of themselves as equal to whites.",1,1,ethnicity,ethnicity,False
21113,@KeithBishop64 Very true. It was a nice show to watch until the racism incident. Did Ricky pick anybody who wasn't white?,1,1,ethnicity,ethnicity,False
