row_id,y_true,y_pred,true_label,pred_label,is_error
1,3,2,not_cyberbullying,gender,True
3,3,3,not_cyberbullying,not_cyberbullying,False
5,3,3,not_cyberbullying,not_cyberbullying,False
11,3,4,not_cyberbullying,other_cyberbullying,True
12,3,4,not_cyberbullying,other_cyberbullying,True
15,3,5,not_cyberbullying,religion,True
24,3,3,not_cyberbullying,not_cyberbullying,False
26,3,5,not_cyberbullying,religion,True
29,3,3,not_cyberbullying,not_cyberbullying,False
30,3,3,not_cyberbullying,not_cyberbullying,False
48,3,3,not_cyberbullying,not_cyberbullying,False
64,3,0,not_cyberbullying,age,True
66,3,4,not_cyberbullying,other_cyberbullying,True
70,3,3,not_cyberbullying,not_cyberbullying,False
73,3,3,not_cyberbullying,not_cyberbullying,False
74,3,3,not_cyberbullying,not_cyberbullying,False
77,3,4,not_cyberbullying,other_cyberbullying,True
81,3,2,not_cyberbullying,gender,True
90,3,3,not_cyberbullying,not_cyberbullying,False
95,3,3,not_cyberbullying,not_cyberbullying,False
111,3,4,not_cyberbullying,other_cyberbullying,True
113,3,4,not_cyberbullying,other_cyberbullying,True
114,3,0,not_cyberbullying,age,True
131,3,4,not_cyberbullying,other_cyberbullying,True
132,3,3,not_cyberbullying,not_cyberbullying,False
137,3,4,not_cyberbullying,other_cyberbullying,True
145,3,4,not_cyberbullying,other_cyberbullying,True
153,3,3,not_cyberbullying,not_cyberbullying,False
155,3,3,not_cyberbullying,not_cyberbullying,False
158,3,0,not_cyberbullying,age,True
159,3,4,not_cyberbullying,other_cyberbullying,True
164,3,4,not_cyberbullying,other_cyberbullying,True
167,3,4,not_cyberbullying,other_cyberbullying,True
170,3,3,not_cyberbullying,not_cyberbullying,False
175,3,3,not_cyberbullying,not_cyberbullying,False
180,3,3,not_cyberbullying,not_cyberbullying,False
185,3,3,not_cyberbullying,not_cyberbullying,False
187,3,3,not_cyberbullying,not_cyberbullying,False
195,3,5,not_cyberbullying,religion,True
208,3,3,not_cyberbullying,not_cyberbullying,False
212,3,3,not_cyberbullying,not_cyberbullying,False
220,3,3,not_cyberbullying,not_cyberbullying,False
236,3,5,not_cyberbullying,religion,True
248,3,3,not_cyberbullying,not_cyberbullying,False
252,3,3,not_cyberbullying,not_cyberbullying,False
262,3,3,not_cyberbullying,not_cyberbullying,False
264,3,3,not_cyberbullying,not_cyberbullying,False
268,3,2,not_cyberbullying,gender,True
278,3,4,not_cyberbullying,other_cyberbullying,True
288,3,3,not_cyberbullying,not_cyberbullying,False
302,3,3,not_cyberbullying,not_cyberbullying,False
303,3,4,not_cyberbullying,other_cyberbullying,True
309,3,4,not_cyberbullying,other_cyberbullying,True
313,3,3,not_cyberbullying,not_cyberbullying,False
315,3,4,not_cyberbullying,other_cyberbullying,True
328,3,3,not_cyberbullying,not_cyberbullying,False
341,3,4,not_cyberbullying,other_cyberbullying,True
367,3,3,not_cyberbullying,not_cyberbullying,False
370,3,3,not_cyberbullying,not_cyberbullying,False
374,3,4,not_cyberbullying,other_cyberbullying,True
375,3,3,not_cyberbullying,not_cyberbullying,False
376,3,5,not_cyberbullying,religion,True
377,3,2,not_cyberbullying,gender,True
381,3,3,not_cyberbullying,not_cyberbullying,False
388,3,3,not_cyberbullying,not_cyberbullying,False
404,3,3,not_cyberbullying,not_cyberbullying,False
407,3,3,not_cyberbullying,not_cyberbullying,False
409,3,3,not_cyberbullying,not_cyberbullying,False
413,3,3,not_cyberbullying,not_cyberbullying,False
425,3,2,not_cyberbullying,gender,True
433,3,3,not_cyberbullying,not_cyberbullying,False
437,3,2,not_cyberbullying,gender,True
443,3,3,not_cyberbullying,not_cyberbullying,False
464,3,4,not_cyberbullying,other_cyberbullying,True
473,3,3,not_cyberbullying,not_cyberbullying,False
474,3,3,not_cyberbullying,not_cyberbullying,False
475,3,3,not_cyberbullying,not_cyberbullying,False
481,3,3,not_cyberbullying,not_cyberbullying,False
492,3,3,not_cyberbullying,not_cyberbullying,False
497,3,3,not_cyberbullying,not_cyberbullying,False
508,3,2,not_cyberbullying,gender,True
510,3,3,not_cyberbullying,not_cyberbullying,False
516,3,4,not_cyberbullying,other_cyberbullying,True
520,3,2,not_cyberbullying,gender,True
521,3,3,not_cyberbullying,not_cyberbullying,False
530,3,4,not_cyberbullying,other_cyberbullying,True
547,3,3,not_cyberbullying,not_cyberbullying,False
555,3,3,not_cyberbullying,not_cyberbullying,False
558,3,3,not_cyberbullying,not_cyberbullying,False
563,3,3,not_cyberbullying,not_cyberbullying,False
565,3,2,not_cyberbullying,gender,True
570,3,3,not_cyberbullying,not_cyberbullying,False
577,3,3,not_cyberbullying,not_cyberbullying,False
578,3,4,not_cyberbullying,other_cyberbullying,True
580,3,4,not_cyberbullying,other_cyberbullying,True
586,3,3,not_cyberbullying,not_cyberbullying,False
589,3,3,not_cyberbullying,not_cyberbullying,False
590,3,2,not_cyberbullying,gender,True
593,3,3,not_cyberbullying,not_cyberbullying,False
605,3,3,not_cyberbullying,not_cyberbullying,False
612,3,3,not_cyberbullying,not_cyberbullying,False
613,3,2,not_cyberbullying,gender,True
618,3,3,not_cyberbullying,not_cyberbullying,False
626,3,4,not_cyberbullying,other_cyberbullying,True
627,3,3,not_cyberbullying,not_cyberbullying,False
633,3,4,not_cyberbullying,other_cyberbullying,True
637,3,4,not_cyberbullying,other_cyberbullying,True
652,3,3,not_cyberbullying,not_cyberbullying,False
660,3,4,not_cyberbullying,other_cyberbullying,True
668,3,2,not_cyberbullying,gender,True
678,3,3,not_cyberbullying,not_cyberbullying,False
679,3,3,not_cyberbullying,not_cyberbullying,False
683,3,2,not_cyberbullying,gender,True
696,3,4,not_cyberbullying,other_cyberbullying,True
702,3,4,not_cyberbullying,other_cyberbullying,True
720,3,3,not_cyberbullying,not_cyberbullying,False
721,3,3,not_cyberbullying,not_cyberbullying,False
722,3,3,not_cyberbullying,not_cyberbullying,False
724,3,3,not_cyberbullying,not_cyberbullying,False
726,3,3,not_cyberbullying,not_cyberbullying,False
730,3,4,not_cyberbullying,other_cyberbullying,True
738,3,3,not_cyberbullying,not_cyberbullying,False
747,3,4,not_cyberbullying,other_cyberbullying,True
748,3,2,not_cyberbullying,gender,True
751,3,3,not_cyberbullying,not_cyberbullying,False
753,3,3,not_cyberbullying,not_cyberbullying,False
763,3,3,not_cyberbullying,not_cyberbullying,False
766,3,3,not_cyberbullying,not_cyberbullying,False
769,3,3,not_cyberbullying,not_cyberbullying,False
770,3,4,not_cyberbullying,other_cyberbullying,True
775,3,4,not_cyberbullying,other_cyberbullying,True
776,3,3,not_cyberbullying,not_cyberbullying,False
780,3,4,not_cyberbullying,other_cyberbullying,True
785,3,4,not_cyberbullying,other_cyberbullying,True
789,3,4,not_cyberbullying,other_cyberbullying,True
800,3,4,not_cyberbullying,other_cyberbullying,True
801,3,3,not_cyberbullying,not_cyberbullying,False
806,3,3,not_cyberbullying,not_cyberbullying,False
808,3,3,not_cyberbullying,not_cyberbullying,False
811,3,4,not_cyberbullying,other_cyberbullying,True
812,3,3,not_cyberbullying,not_cyberbullying,False
815,3,5,not_cyberbullying,religion,True
817,3,3,not_cyberbullying,not_cyberbullying,False
824,3,4,not_cyberbullying,other_cyberbullying,True
829,3,3,not_cyberbullying,not_cyberbullying,False
830,3,4,not_cyberbullying,other_cyberbullying,True
834,3,3,not_cyberbullying,not_cyberbullying,False
843,3,3,not_cyberbullying,not_cyberbullying,False
845,3,3,not_cyberbullying,not_cyberbullying,False
846,3,3,not_cyberbullying,not_cyberbullying,False
848,3,3,not_cyberbullying,not_cyberbullying,False
857,3,4,not_cyberbullying,other_cyberbullying,True
859,3,4,not_cyberbullying,other_cyberbullying,True
867,3,3,not_cyberbullying,not_cyberbullying,False
868,3,4,not_cyberbullying,other_cyberbullying,True
869,3,4,not_cyberbullying,other_cyberbullying,True
877,3,4,not_cyberbullying,other_cyberbullying,True
892,3,3,not_cyberbullying,not_cyberbullying,False
894,3,3,not_cyberbullying,not_cyberbullying,False
896,3,3,not_cyberbullying,not_cyberbullying,False
905,3,3,not_cyberbullying,not_cyberbullying,False
926,3,3,not_cyberbullying,not_cyberbullying,False
929,3,2,not_cyberbullying,gender,True
936,3,2,not_cyberbullying,gender,True
942,3,4,not_cyberbullying,other_cyberbullying,True
943,3,2,not_cyberbullying,gender,True
945,3,5,not_cyberbullying,religion,True
949,3,3,not_cyberbullying,not_cyberbullying,False
955,3,4,not_cyberbullying,other_cyberbullying,True
959,3,3,not_cyberbullying,not_cyberbullying,False
960,3,3,not_cyberbullying,not_cyberbullying,False
962,3,4,not_cyberbullying,other_cyberbullying,True
966,3,3,not_cyberbullying,not_cyberbullying,False
970,3,3,not_cyberbullying,not_cyberbullying,False
978,3,4,not_cyberbullying,other_cyberbullying,True
982,3,4,not_cyberbullying,other_cyberbullying,True
983,3,4,not_cyberbullying,other_cyberbullying,True
993,3,4,not_cyberbullying,other_cyberbullying,True
996,3,3,not_cyberbullying,not_cyberbullying,False
998,3,3,not_cyberbullying,not_cyberbullying,False
1007,3,3,not_cyberbullying,not_cyberbullying,False
1008,3,4,not_cyberbullying,other_cyberbullying,True
1013,3,3,not_cyberbullying,not_cyberbullying,False
1018,3,3,not_cyberbullying,not_cyberbullying,False
1029,3,3,not_cyberbullying,not_cyberbullying,False
1032,3,3,not_cyberbullying,not_cyberbullying,False
1033,3,3,not_cyberbullying,not_cyberbullying,False
1043,3,3,not_cyberbullying,not_cyberbullying,False
1044,3,4,not_cyberbullying,other_cyberbullying,True
1052,3,3,not_cyberbullying,not_cyberbullying,False
1058,3,3,not_cyberbullying,not_cyberbullying,False
1070,3,3,not_cyberbullying,not_cyberbullying,False
1071,3,2,not_cyberbullying,gender,True
1076,3,3,not_cyberbullying,not_cyberbullying,False
1078,3,4,not_cyberbullying,other_cyberbullying,True
1080,3,4,not_cyberbullying,other_cyberbullying,True
1081,3,3,not_cyberbullying,not_cyberbullying,False
1083,3,4,not_cyberbullying,other_cyberbullying,True
1084,3,3,not_cyberbullying,not_cyberbullying,False
1088,3,5,not_cyberbullying,religion,True
1089,3,4,not_cyberbullying,other_cyberbullying,True
1091,3,4,not_cyberbullying,other_cyberbullying,True
1099,3,3,not_cyberbullying,not_cyberbullying,False
1100,3,3,not_cyberbullying,not_cyberbullying,False
1109,3,3,not_cyberbullying,not_cyberbullying,False
1111,3,3,not_cyberbullying,not_cyberbullying,False
1114,3,3,not_cyberbullying,not_cyberbullying,False
1116,3,3,not_cyberbullying,not_cyberbullying,False
1117,3,4,not_cyberbullying,other_cyberbullying,True
1130,3,3,not_cyberbullying,not_cyberbullying,False
1132,3,3,not_cyberbullying,not_cyberbullying,False
1133,3,4,not_cyberbullying,other_cyberbullying,True
1141,3,3,not_cyberbullying,not_cyberbullying,False
1143,3,3,not_cyberbullying,not_cyberbullying,False
1149,3,3,not_cyberbullying,not_cyberbullying,False
1155,3,4,not_cyberbullying,other_cyberbullying,True
1156,3,2,not_cyberbullying,gender,True
1157,3,4,not_cyberbullying,other_cyberbullying,True
1169,3,3,not_cyberbullying,not_cyberbullying,False
1173,3,3,not_cyberbullying,not_cyberbullying,False
1175,3,2,not_cyberbullying,gender,True
1178,3,3,not_cyberbullying,not_cyberbullying,False
1186,3,2,not_cyberbullying,gender,True
1187,3,3,not_cyberbullying,not_cyberbullying,False
1191,3,4,not_cyberbullying,other_cyberbullying,True
1198,3,3,not_cyberbullying,not_cyberbullying,False
1203,3,3,not_cyberbullying,not_cyberbullying,False
1214,3,4,not_cyberbullying,other_cyberbullying,True
1216,3,4,not_cyberbullying,other_cyberbullying,True
1222,3,3,not_cyberbullying,not_cyberbullying,False
1227,3,3,not_cyberbullying,not_cyberbullying,False
1232,3,3,not_cyberbullying,not_cyberbullying,False
1235,3,3,not_cyberbullying,not_cyberbullying,False
1237,3,3,not_cyberbullying,not_cyberbullying,False
1238,3,4,not_cyberbullying,other_cyberbullying,True
1243,3,3,not_cyberbullying,not_cyberbullying,False
1253,3,3,not_cyberbullying,not_cyberbullying,False
1260,3,4,not_cyberbullying,other_cyberbullying,True
1262,3,4,not_cyberbullying,other_cyberbullying,True
1277,3,3,not_cyberbullying,not_cyberbullying,False
1285,3,3,not_cyberbullying,not_cyberbullying,False
1289,3,3,not_cyberbullying,not_cyberbullying,False
1291,3,3,not_cyberbullying,not_cyberbullying,False
1294,3,3,not_cyberbullying,not_cyberbullying,False
1295,3,3,not_cyberbullying,not_cyberbullying,False
1299,3,4,not_cyberbullying,other_cyberbullying,True
1309,3,3,not_cyberbullying,not_cyberbullying,False
1312,3,3,not_cyberbullying,not_cyberbullying,False
1313,3,3,not_cyberbullying,not_cyberbullying,False
1317,3,3,not_cyberbullying,not_cyberbullying,False
1318,3,4,not_cyberbullying,other_cyberbullying,True
1319,3,3,not_cyberbullying,not_cyberbullying,False
1324,3,3,not_cyberbullying,not_cyberbullying,False
1327,3,3,not_cyberbullying,not_cyberbullying,False
1328,3,4,not_cyberbullying,other_cyberbullying,True
1335,3,3,not_cyberbullying,not_cyberbullying,False
1347,3,3,not_cyberbullying,not_cyberbullying,False
1348,3,3,not_cyberbullying,not_cyberbullying,False
1359,3,3,not_cyberbullying,not_cyberbullying,False
1361,3,3,not_cyberbullying,not_cyberbullying,False
1364,3,3,not_cyberbullying,not_cyberbullying,False
1366,3,3,not_cyberbullying,not_cyberbullying,False
1368,3,4,not_cyberbullying,other_cyberbullying,True
1379,3,3,not_cyberbullying,not_cyberbullying,False
1380,3,4,not_cyberbullying,other_cyberbullying,True
1381,3,3,not_cyberbullying,not_cyberbullying,False
1382,3,2,not_cyberbullying,gender,True
1385,3,3,not_cyberbullying,not_cyberbullying,False
1389,3,3,not_cyberbullying,not_cyberbullying,False
1390,3,2,not_cyberbullying,gender,True
1391,3,3,not_cyberbullying,not_cyberbullying,False
1397,3,3,not_cyberbullying,not_cyberbullying,False
1398,3,5,not_cyberbullying,religion,True
1405,3,3,not_cyberbullying,not_cyberbullying,False
1409,3,3,not_cyberbullying,not_cyberbullying,False
1412,3,4,not_cyberbullying,other_cyberbullying,True
1428,3,2,not_cyberbullying,gender,True
1432,3,3,not_cyberbullying,not_cyberbullying,False
1450,3,3,not_cyberbullying,not_cyberbullying,False
1451,3,5,not_cyberbullying,religion,True
1456,3,3,not_cyberbullying,not_cyberbullying,False
1457,3,4,not_cyberbullying,other_cyberbullying,True
1468,3,3,not_cyberbullying,not_cyberbullying,False
1469,3,4,not_cyberbullying,other_cyberbullying,True
1476,3,3,not_cyberbullying,not_cyberbullying,False
1478,3,4,not_cyberbullying,other_cyberbullying,True
1483,3,3,not_cyberbullying,not_cyberbullying,False
1487,3,3,not_cyberbullying,not_cyberbullying,False
1488,3,3,not_cyberbullying,not_cyberbullying,False
1491,3,4,not_cyberbullying,other_cyberbullying,True
1497,3,4,not_cyberbullying,other_cyberbullying,True
1500,3,1,not_cyberbullying,ethnicity,True
1503,3,4,not_cyberbullying,other_cyberbullying,True
1513,3,3,not_cyberbullying,not_cyberbullying,False
1516,3,4,not_cyberbullying,other_cyberbullying,True
1523,3,2,not_cyberbullying,gender,True
1525,3,2,not_cyberbullying,gender,True
1526,3,3,not_cyberbullying,not_cyberbullying,False
1542,3,4,not_cyberbullying,other_cyberbullying,True
1543,3,3,not_cyberbullying,not_cyberbullying,False
1546,3,3,not_cyberbullying,not_cyberbullying,False
1549,3,3,not_cyberbullying,not_cyberbullying,False
1553,3,4,not_cyberbullying,other_cyberbullying,True
1557,3,3,not_cyberbullying,not_cyberbullying,False
1558,3,3,not_cyberbullying,not_cyberbullying,False
1559,3,4,not_cyberbullying,other_cyberbullying,True
1564,3,3,not_cyberbullying,not_cyberbullying,False
1566,3,4,not_cyberbullying,other_cyberbullying,True
1567,3,3,not_cyberbullying,not_cyberbullying,False
1575,3,4,not_cyberbullying,other_cyberbullying,True
1579,3,3,not_cyberbullying,not_cyberbullying,False
1583,3,3,not_cyberbullying,not_cyberbullying,False
1586,3,4,not_cyberbullying,other_cyberbullying,True
1589,3,4,not_cyberbullying,other_cyberbullying,True
1592,3,4,not_cyberbullying,other_cyberbullying,True
1595,3,3,not_cyberbullying,not_cyberbullying,False
1597,3,4,not_cyberbullying,other_cyberbullying,True
1600,3,4,not_cyberbullying,other_cyberbullying,True
1607,3,3,not_cyberbullying,not_cyberbullying,False
1612,3,2,not_cyberbullying,gender,True
1616,3,4,not_cyberbullying,other_cyberbullying,True
1619,3,3,not_cyberbullying,not_cyberbullying,False
1620,3,4,not_cyberbullying,other_cyberbullying,True
1622,3,4,not_cyberbullying,other_cyberbullying,True
1623,3,1,not_cyberbullying,ethnicity,True
1626,3,4,not_cyberbullying,other_cyberbullying,True
1640,3,4,not_cyberbullying,other_cyberbullying,True
1641,3,3,not_cyberbullying,not_cyberbullying,False
1653,3,4,not_cyberbullying,other_cyberbullying,True
1669,3,4,not_cyberbullying,other_cyberbullying,True
1670,3,2,not_cyberbullying,gender,True
1672,3,3,not_cyberbullying,not_cyberbullying,False
1673,3,3,not_cyberbullying,not_cyberbullying,False
1685,3,2,not_cyberbullying,gender,True
1687,3,1,not_cyberbullying,ethnicity,True
1691,3,3,not_cyberbullying,not_cyberbullying,False
1703,3,3,not_cyberbullying,not_cyberbullying,False
1706,3,3,not_cyberbullying,not_cyberbullying,False
1707,3,3,not_cyberbullying,not_cyberbullying,False
1722,3,3,not_cyberbullying,not_cyberbullying,False
1743,3,3,not_cyberbullying,not_cyberbullying,False
1744,3,3,not_cyberbullying,not_cyberbullying,False
1745,3,3,not_cyberbullying,not_cyberbullying,False
1746,3,3,not_cyberbullying,not_cyberbullying,False
1751,3,3,not_cyberbullying,not_cyberbullying,False
1753,3,3,not_cyberbullying,not_cyberbullying,False
1762,3,4,not_cyberbullying,other_cyberbullying,True
1767,3,3,not_cyberbullying,not_cyberbullying,False
1769,3,3,not_cyberbullying,not_cyberbullying,False
1770,3,3,not_cyberbullying,not_cyberbullying,False
1773,3,2,not_cyberbullying,gender,True
1777,3,2,not_cyberbullying,gender,True
1786,3,3,not_cyberbullying,not_cyberbullying,False
1789,3,4,not_cyberbullying,other_cyberbullying,True
1790,3,3,not_cyberbullying,not_cyberbullying,False
1797,3,4,not_cyberbullying,other_cyberbullying,True
1802,3,4,not_cyberbullying,other_cyberbullying,True
1805,3,4,not_cyberbullying,other_cyberbullying,True
1811,3,4,not_cyberbullying,other_cyberbullying,True
1822,3,3,not_cyberbullying,not_cyberbullying,False
1827,3,4,not_cyberbullying,other_cyberbullying,True
1828,3,3,not_cyberbullying,not_cyberbullying,False
1830,3,3,not_cyberbullying,not_cyberbullying,False
1839,3,3,not_cyberbullying,not_cyberbullying,False
1844,3,3,not_cyberbullying,not_cyberbullying,False
1849,3,4,not_cyberbullying,other_cyberbullying,True
1854,3,4,not_cyberbullying,other_cyberbullying,True
1862,3,3,not_cyberbullying,not_cyberbullying,False
1868,3,3,not_cyberbullying,not_cyberbullying,False
1874,3,4,not_cyberbullying,other_cyberbullying,True
1875,3,5,not_cyberbullying,religion,True
1878,3,3,not_cyberbullying,not_cyberbullying,False
1880,3,3,not_cyberbullying,not_cyberbullying,False
1886,3,3,not_cyberbullying,not_cyberbullying,False
1891,3,3,not_cyberbullying,not_cyberbullying,False
1893,3,2,not_cyberbullying,gender,True
1898,3,3,not_cyberbullying,not_cyberbullying,False
1902,3,4,not_cyberbullying,other_cyberbullying,True
1904,3,3,not_cyberbullying,not_cyberbullying,False
1919,3,3,not_cyberbullying,not_cyberbullying,False
1923,3,4,not_cyberbullying,other_cyberbullying,True
1925,3,3,not_cyberbullying,not_cyberbullying,False
1926,3,3,not_cyberbullying,not_cyberbullying,False
1929,3,3,not_cyberbullying,not_cyberbullying,False
1930,3,3,not_cyberbullying,not_cyberbullying,False
1933,3,3,not_cyberbullying,not_cyberbullying,False
1934,3,1,not_cyberbullying,ethnicity,True
1939,3,4,not_cyberbullying,other_cyberbullying,True
1940,3,4,not_cyberbullying,other_cyberbullying,True
1942,3,4,not_cyberbullying,other_cyberbullying,True
1944,3,4,not_cyberbullying,other_cyberbullying,True
1947,3,3,not_cyberbullying,not_cyberbullying,False
1950,3,4,not_cyberbullying,other_cyberbullying,True
1951,3,3,not_cyberbullying,not_cyberbullying,False
1953,3,4,not_cyberbullying,other_cyberbullying,True
1961,3,4,not_cyberbullying,other_cyberbullying,True
1964,3,3,not_cyberbullying,not_cyberbullying,False
1971,3,3,not_cyberbullying,not_cyberbullying,False
1973,3,3,not_cyberbullying,not_cyberbullying,False
1976,3,4,not_cyberbullying,other_cyberbullying,True
1983,3,4,not_cyberbullying,other_cyberbullying,True
1990,3,4,not_cyberbullying,other_cyberbullying,True
1996,3,3,not_cyberbullying,not_cyberbullying,False
1998,3,3,not_cyberbullying,not_cyberbullying,False
2001,3,3,not_cyberbullying,not_cyberbullying,False
2004,3,3,not_cyberbullying,not_cyberbullying,False
2007,3,0,not_cyberbullying,age,True
2008,3,3,not_cyberbullying,not_cyberbullying,False
2010,3,3,not_cyberbullying,not_cyberbullying,False
2047,3,3,not_cyberbullying,not_cyberbullying,False
2057,3,4,not_cyberbullying,other_cyberbullying,True
2059,3,3,not_cyberbullying,not_cyberbullying,False
2060,3,4,not_cyberbullying,other_cyberbullying,True
2064,3,3,not_cyberbullying,not_cyberbullying,False
2074,3,3,not_cyberbullying,not_cyberbullying,False
2075,3,3,not_cyberbullying,not_cyberbullying,False
2079,3,3,not_cyberbullying,not_cyberbullying,False
2089,3,4,not_cyberbullying,other_cyberbullying,True
2092,3,2,not_cyberbullying,gender,True
2103,3,4,not_cyberbullying,other_cyberbullying,True
2105,3,3,not_cyberbullying,not_cyberbullying,False
2108,3,3,not_cyberbullying,not_cyberbullying,False
2112,2,2,gender,gender,False
2119,2,2,gender,gender,False
2120,2,2,gender,gender,False
2122,2,2,gender,gender,False
2123,2,2,gender,gender,False
2128,2,2,gender,gender,False
2139,2,2,gender,gender,False
2142,2,2,gender,gender,False
2150,2,2,gender,gender,False
2152,2,2,gender,gender,False
2158,2,2,gender,gender,False
2170,2,2,gender,gender,False
2181,2,2,gender,gender,False
2185,2,2,gender,gender,False
2186,2,2,gender,gender,False
2191,2,2,gender,gender,False
2200,2,2,gender,gender,False
2201,2,2,gender,gender,False
2203,2,2,gender,gender,False
2210,2,3,gender,not_cyberbullying,True
2214,2,4,gender,other_cyberbullying,True
2215,2,2,gender,gender,False
2216,2,2,gender,gender,False
2218,2,2,gender,gender,False
2227,2,2,gender,gender,False
2232,2,2,gender,gender,False
2233,2,2,gender,gender,False
2235,2,2,gender,gender,False
2242,2,2,gender,gender,False
2251,2,2,gender,gender,False
2254,2,2,gender,gender,False
2256,2,2,gender,gender,False
2257,2,2,gender,gender,False
2258,2,2,gender,gender,False
2289,2,2,gender,gender,False
2295,2,2,gender,gender,False
2301,2,2,gender,gender,False
2312,2,2,gender,gender,False
2313,2,2,gender,gender,False
2314,2,2,gender,gender,False
2316,2,2,gender,gender,False
2332,2,2,gender,gender,False
2337,2,2,gender,gender,False
2338,2,2,gender,gender,False
2353,2,2,gender,gender,False
2354,2,2,gender,gender,False
2362,2,2,gender,gender,False
2366,2,2,gender,gender,False
2377,2,2,gender,gender,False
2379,2,2,gender,gender,False
2380,2,5,gender,religion,True
2381,2,2,gender,gender,False
2383,2,5,gender,religion,True
2387,2,2,gender,gender,False
2390,2,2,gender,gender,False
2396,2,3,gender,not_cyberbullying,True
2398,2,2,gender,gender,False
2404,2,2,gender,gender,False
2405,2,2,gender,gender,False
2406,2,2,gender,gender,False
2408,2,2,gender,gender,False
2419,2,2,gender,gender,False
2426,2,2,gender,gender,False
2433,2,2,gender,gender,False
2434,2,2,gender,gender,False
2436,2,2,gender,gender,False
2438,2,2,gender,gender,False
2439,2,2,gender,gender,False
2442,2,2,gender,gender,False
2447,2,2,gender,gender,False
2459,2,2,gender,gender,False
2460,2,2,gender,gender,False
2462,2,2,gender,gender,False
2468,2,2,gender,gender,False
2471,2,2,gender,gender,False
2474,2,2,gender,gender,False
2482,2,2,gender,gender,False
2485,2,2,gender,gender,False
2491,2,3,gender,not_cyberbullying,True
2498,2,2,gender,gender,False
2505,2,2,gender,gender,False
2511,2,2,gender,gender,False
2521,2,4,gender,other_cyberbullying,True
2526,2,2,gender,gender,False
2541,2,2,gender,gender,False
2545,2,2,gender,gender,False
2551,2,2,gender,gender,False
2552,2,2,gender,gender,False
2556,2,2,gender,gender,False
2559,2,2,gender,gender,False
2573,2,2,gender,gender,False
2577,2,2,gender,gender,False
2591,2,2,gender,gender,False
2601,2,2,gender,gender,False
2606,2,2,gender,gender,False
2608,2,2,gender,gender,False
2619,2,2,gender,gender,False
2630,2,2,gender,gender,False
2631,2,2,gender,gender,False
2640,2,2,gender,gender,False
2649,2,2,gender,gender,False
2654,2,2,gender,gender,False
2658,2,2,gender,gender,False
2659,2,2,gender,gender,False
2667,2,2,gender,gender,False
2669,2,2,gender,gender,False
2670,2,2,gender,gender,False
2677,2,2,gender,gender,False
2678,2,2,gender,gender,False
2684,2,2,gender,gender,False
2693,2,2,gender,gender,False
2694,2,2,gender,gender,False
2701,2,2,gender,gender,False
2705,2,2,gender,gender,False
2713,2,2,gender,gender,False
2715,2,2,gender,gender,False
2726,2,2,gender,gender,False
2728,2,2,gender,gender,False
2730,2,4,gender,other_cyberbullying,True
2733,2,2,gender,gender,False
2735,2,2,gender,gender,False
2739,2,2,gender,gender,False
2762,2,2,gender,gender,False
2765,2,2,gender,gender,False
2771,2,2,gender,gender,False
2773,2,2,gender,gender,False
2777,2,2,gender,gender,False
2790,2,3,gender,not_cyberbullying,True
2798,2,2,gender,gender,False
2807,2,2,gender,gender,False
2817,2,4,gender,other_cyberbullying,True
2819,2,2,gender,gender,False
2821,2,2,gender,gender,False
2824,2,2,gender,gender,False
2826,2,2,gender,gender,False
2828,2,2,gender,gender,False
2838,2,2,gender,gender,False
2840,2,2,gender,gender,False
2844,2,2,gender,gender,False
2845,2,2,gender,gender,False
2852,2,2,gender,gender,False
2855,2,2,gender,gender,False
2870,2,3,gender,not_cyberbullying,True
2872,2,2,gender,gender,False
2877,2,2,gender,gender,False
2883,2,2,gender,gender,False
2890,2,2,gender,gender,False
2892,2,2,gender,gender,False
2896,2,2,gender,gender,False
2898,2,2,gender,gender,False
2902,2,2,gender,gender,False
2903,2,2,gender,gender,False
2904,2,2,gender,gender,False
2907,2,3,gender,not_cyberbullying,True
2911,2,2,gender,gender,False
2918,2,2,gender,gender,False
2925,2,2,gender,gender,False
2936,2,2,gender,gender,False
2946,2,2,gender,gender,False
2948,2,2,gender,gender,False
2952,2,1,gender,ethnicity,True
2959,2,2,gender,gender,False
2961,2,2,gender,gender,False
2963,2,2,gender,gender,False
2967,2,2,gender,gender,False
2969,2,2,gender,gender,False
2975,2,3,gender,not_cyberbullying,True
2979,2,2,gender,gender,False
2980,2,2,gender,gender,False
2983,2,2,gender,gender,False
2987,2,2,gender,gender,False
2996,2,2,gender,gender,False
2999,2,2,gender,gender,False
3002,2,2,gender,gender,False
3014,2,2,gender,gender,False
3016,2,2,gender,gender,False
3019,2,2,gender,gender,False
3020,2,2,gender,gender,False
3026,2,2,gender,gender,False
3033,2,4,gender,other_cyberbullying,True
3034,2,2,gender,gender,False
3049,2,2,gender,gender,False
3051,2,2,gender,gender,False
3057,2,2,gender,gender,False
3067,2,2,gender,gender,False
3078,2,2,gender,gender,False
3082,2,2,gender,gender,False
3083,2,2,gender,gender,False
3091,2,2,gender,gender,False
3094,2,2,gender,gender,False
3096,2,2,gender,gender,False
3097,2,2,gender,gender,False
3100,2,2,gender,gender,False
3101,2,2,gender,gender,False
3107,2,3,gender,not_cyberbullying,True
3119,2,2,gender,gender,False
3122,2,2,gender,gender,False
3129,2,2,gender,gender,False
3135,2,2,gender,gender,False
3136,2,2,gender,gender,False
3144,2,2,gender,gender,False
3146,2,2,gender,gender,False
3148,2,2,gender,gender,False
3156,2,2,gender,gender,False
3164,2,2,gender,gender,False
3179,2,2,gender,gender,False
3180,2,2,gender,gender,False
3184,2,2,gender,gender,False
3185,2,2,gender,gender,False
3186,2,2,gender,gender,False
3187,2,2,gender,gender,False
3198,2,2,gender,gender,False
3206,2,2,gender,gender,False
3208,2,2,gender,gender,False
3209,2,2,gender,gender,False
3216,2,2,gender,gender,False
3222,2,2,gender,gender,False
3235,2,2,gender,gender,False
3239,2,2,gender,gender,False
3247,2,2,gender,gender,False
3248,2,2,gender,gender,False
3261,2,2,gender,gender,False
3264,2,2,gender,gender,False
3265,2,2,gender,gender,False
3266,2,2,gender,gender,False
3268,2,2,gender,gender,False
3269,2,2,gender,gender,False
3272,2,2,gender,gender,False
3287,2,2,gender,gender,False
3289,2,2,gender,gender,False
3291,2,2,gender,gender,False
3296,2,2,gender,gender,False
3299,2,2,gender,gender,False
3300,2,2,gender,gender,False
3305,2,2,gender,gender,False
3309,2,2,gender,gender,False
3312,2,2,gender,gender,False
3316,2,2,gender,gender,False
3322,2,2,gender,gender,False
3324,2,2,gender,gender,False
3325,2,2,gender,gender,False
3332,2,2,gender,gender,False
3340,2,2,gender,gender,False
3342,2,2,gender,gender,False
3343,2,2,gender,gender,False
3350,2,2,gender,gender,False
3354,2,2,gender,gender,False
3355,2,2,gender,gender,False
3357,2,2,gender,gender,False
3358,2,2,gender,gender,False
3363,2,2,gender,gender,False
3367,2,2,gender,gender,False
3369,2,3,gender,not_cyberbullying,True
3379,2,2,gender,gender,False
3386,2,2,gender,gender,False
3388,2,2,gender,gender,False
3390,2,2,gender,gender,False
3394,2,2,gender,gender,False
3401,2,2,gender,gender,False
3403,2,2,gender,gender,False
3404,2,2,gender,gender,False
3406,2,2,gender,gender,False
3407,2,2,gender,gender,False
3409,2,2,gender,gender,False
3413,2,2,gender,gender,False
3416,2,2,gender,gender,False
3418,2,2,gender,gender,False
3422,2,2,gender,gender,False
3425,2,2,gender,gender,False
3440,2,2,gender,gender,False
3446,2,2,gender,gender,False
3453,2,2,gender,gender,False
3454,2,2,gender,gender,False
3458,2,2,gender,gender,False
3462,2,4,gender,other_cyberbullying,True
3464,2,2,gender,gender,False
3467,2,2,gender,gender,False
3472,2,2,gender,gender,False
3484,2,2,gender,gender,False
3485,2,3,gender,not_cyberbullying,True
3487,2,2,gender,gender,False
3489,2,3,gender,not_cyberbullying,True
3492,2,2,gender,gender,False
3498,2,2,gender,gender,False
3501,2,2,gender,gender,False
3508,2,2,gender,gender,False
3513,2,4,gender,other_cyberbullying,True
3515,2,2,gender,gender,False
3519,2,2,gender,gender,False
3533,2,2,gender,gender,False
3536,2,2,gender,gender,False
3538,2,2,gender,gender,False
3547,2,2,gender,gender,False
3561,2,2,gender,gender,False
3568,2,2,gender,gender,False
3575,2,2,gender,gender,False
3579,2,2,gender,gender,False
3596,2,2,gender,gender,False
3598,2,2,gender,gender,False
3613,2,3,gender,not_cyberbullying,True
3615,2,2,gender,gender,False
3616,2,2,gender,gender,False
3620,2,2,gender,gender,False
3625,2,2,gender,gender,False
3628,2,2,gender,gender,False
3629,2,2,gender,gender,False
3643,2,2,gender,gender,False
3646,2,2,gender,gender,False
3653,2,2,gender,gender,False
3660,2,2,gender,gender,False
3661,2,2,gender,gender,False
3668,2,2,gender,gender,False
3669,2,2,gender,gender,False
3671,2,2,gender,gender,False
3677,2,2,gender,gender,False
3687,2,2,gender,gender,False
3697,2,2,gender,gender,False
3706,2,2,gender,gender,False
3708,2,2,gender,gender,False
3713,2,2,gender,gender,False
3717,2,2,gender,gender,False
3719,2,2,gender,gender,False
3720,2,2,gender,gender,False
3722,2,2,gender,gender,False
3723,2,2,gender,gender,False
3726,2,2,gender,gender,False
3747,2,2,gender,gender,False
3755,2,2,gender,gender,False
3756,2,2,gender,gender,False
3758,2,2,gender,gender,False
3768,2,2,gender,gender,False
3770,2,2,gender,gender,False
3776,2,2,gender,gender,False
3783,2,2,gender,gender,False
3787,2,2,gender,gender,False
3800,2,2,gender,gender,False
3801,2,2,gender,gender,False
3805,2,2,gender,gender,False
3813,2,2,gender,gender,False
3822,2,2,gender,gender,False
3825,2,2,gender,gender,False
3827,2,2,gender,gender,False
3831,2,2,gender,gender,False
3835,2,2,gender,gender,False
3838,2,2,gender,gender,False
3839,2,2,gender,gender,False
3841,2,2,gender,gender,False
3843,2,2,gender,gender,False
3844,2,2,gender,gender,False
3846,2,2,gender,gender,False
3851,2,4,gender,other_cyberbullying,True
3855,2,2,gender,gender,False
3856,2,2,gender,gender,False
3858,2,2,gender,gender,False
3860,2,2,gender,gender,False
3864,2,2,gender,gender,False
3868,2,2,gender,gender,False
3882,2,2,gender,gender,False
3884,2,2,gender,gender,False
3885,2,2,gender,gender,False
3886,2,2,gender,gender,False
3887,2,2,gender,gender,False
3888,2,2,gender,gender,False
3890,2,2,gender,gender,False
3895,2,2,gender,gender,False
3899,2,2,gender,gender,False
3910,2,2,gender,gender,False
3916,2,2,gender,gender,False
3923,2,2,gender,gender,False
3924,2,2,gender,gender,False
3926,2,4,gender,other_cyberbullying,True
3931,2,2,gender,gender,False
3932,2,2,gender,gender,False
3943,2,2,gender,gender,False
3945,2,2,gender,gender,False
3952,2,2,gender,gender,False
3953,2,2,gender,gender,False
3959,2,3,gender,not_cyberbullying,True
3964,2,2,gender,gender,False
3965,2,2,gender,gender,False
3971,2,2,gender,gender,False
3972,2,2,gender,gender,False
3973,2,2,gender,gender,False
3975,2,2,gender,gender,False
3976,2,2,gender,gender,False
3984,2,2,gender,gender,False
3985,2,5,gender,religion,True
3989,2,2,gender,gender,False
3994,2,2,gender,gender,False
3995,2,2,gender,gender,False
3999,2,2,gender,gender,False
4000,2,2,gender,gender,False
4001,2,2,gender,gender,False
4013,2,2,gender,gender,False
4017,2,2,gender,gender,False
4042,2,2,gender,gender,False
4046,2,2,gender,gender,False
4049,2,2,gender,gender,False
4052,2,2,gender,gender,False
4053,2,3,gender,not_cyberbullying,True
4059,2,2,gender,gender,False
4062,2,2,gender,gender,False
4066,2,2,gender,gender,False
4072,2,2,gender,gender,False
4096,2,2,gender,gender,False
4125,2,2,gender,gender,False
4134,2,2,gender,gender,False
4135,2,2,gender,gender,False
4140,2,2,gender,gender,False
4141,2,2,gender,gender,False
4150,2,2,gender,gender,False
4155,2,2,gender,gender,False
4158,2,2,gender,gender,False
4163,2,2,gender,gender,False
4166,2,2,gender,gender,False
4177,2,2,gender,gender,False
4180,2,2,gender,gender,False
4210,2,2,gender,gender,False
4214,2,2,gender,gender,False
4217,2,4,gender,other_cyberbullying,True
4220,2,3,gender,not_cyberbullying,True
4221,2,2,gender,gender,False
4230,2,2,gender,gender,False
4231,2,2,gender,gender,False
4240,2,2,gender,gender,False
4242,2,3,gender,not_cyberbullying,True
4243,2,2,gender,gender,False
4245,2,2,gender,gender,False
4250,2,2,gender,gender,False
4256,2,2,gender,gender,False
4262,2,4,gender,other_cyberbullying,True
4268,2,2,gender,gender,False
4279,2,2,gender,gender,False
4280,2,3,gender,not_cyberbullying,True
4288,2,2,gender,gender,False
4295,2,2,gender,gender,False
4301,2,2,gender,gender,False
4304,2,2,gender,gender,False
4309,2,2,gender,gender,False
4314,2,2,gender,gender,False
4316,2,2,gender,gender,False
4324,2,2,gender,gender,False
4334,2,2,gender,gender,False
4335,2,2,gender,gender,False
4344,2,2,gender,gender,False
4353,2,2,gender,gender,False
4365,2,2,gender,gender,False
4368,2,2,gender,gender,False
4370,2,2,gender,gender,False
4375,2,2,gender,gender,False
4396,2,2,gender,gender,False
4401,2,2,gender,gender,False
4403,2,2,gender,gender,False
4406,2,2,gender,gender,False
4421,2,2,gender,gender,False
4422,2,2,gender,gender,False
4427,2,2,gender,gender,False
4432,2,2,gender,gender,False
4436,2,2,gender,gender,False
4448,2,2,gender,gender,False
4456,2,2,gender,gender,False
4463,2,2,gender,gender,False
4470,2,2,gender,gender,False
4472,2,2,gender,gender,False
4474,2,2,gender,gender,False
4480,2,2,gender,gender,False
4487,2,4,gender,other_cyberbullying,True
4489,2,2,gender,gender,False
4503,2,2,gender,gender,False
4506,2,2,gender,gender,False
4509,2,2,gender,gender,False
4512,2,2,gender,gender,False
4513,2,2,gender,gender,False
4516,2,2,gender,gender,False
4521,2,2,gender,gender,False
4533,2,2,gender,gender,False
4535,2,2,gender,gender,False
4538,2,2,gender,gender,False
4541,2,2,gender,gender,False
4547,2,2,gender,gender,False
4550,2,2,gender,gender,False
4567,2,2,gender,gender,False
4568,2,2,gender,gender,False
4573,2,2,gender,gender,False
4575,2,2,gender,gender,False
4578,2,2,gender,gender,False
4590,2,3,gender,not_cyberbullying,True
4591,2,2,gender,gender,False
4596,2,3,gender,not_cyberbullying,True
4602,2,2,gender,gender,False
4607,2,4,gender,other_cyberbullying,True
4613,2,2,gender,gender,False
4614,2,2,gender,gender,False
4621,2,2,gender,gender,False
4623,2,2,gender,gender,False
4626,2,2,gender,gender,False
4634,2,2,gender,gender,False
4639,2,4,gender,other_cyberbullying,True
4652,2,2,gender,gender,False
4665,2,3,gender,not_cyberbullying,True
4666,2,2,gender,gender,False
4677,2,2,gender,gender,False
4678,2,2,gender,gender,False
4682,2,2,gender,gender,False
4694,2,2,gender,gender,False
4695,2,2,gender,gender,False
4696,2,2,gender,gender,False
4697,2,2,gender,gender,False
4700,2,2,gender,gender,False
4707,2,2,gender,gender,False
4708,2,2,gender,gender,False
4715,2,2,gender,gender,False
4734,2,2,gender,gender,False
4735,2,3,gender,not_cyberbullying,True
4736,2,1,gender,ethnicity,True
4737,2,2,gender,gender,False
4742,2,2,gender,gender,False
4747,2,2,gender,gender,False
4748,2,2,gender,gender,False
4757,2,2,gender,gender,False
4758,2,2,gender,gender,False
4759,2,2,gender,gender,False
4761,2,2,gender,gender,False
4763,2,2,gender,gender,False
4778,2,2,gender,gender,False
4780,2,2,gender,gender,False
4785,2,2,gender,gender,False
4786,2,2,gender,gender,False
4788,2,2,gender,gender,False
4799,2,2,gender,gender,False
4805,2,3,gender,not_cyberbullying,True
4808,2,2,gender,gender,False
4810,2,2,gender,gender,False
4816,2,2,gender,gender,False
4819,2,2,gender,gender,False
4823,2,2,gender,gender,False
4825,2,2,gender,gender,False
4830,2,2,gender,gender,False
4834,2,2,gender,gender,False
4837,2,4,gender,other_cyberbullying,True
4841,2,2,gender,gender,False
4851,2,2,gender,gender,False
4859,2,2,gender,gender,False
4862,2,2,gender,gender,False
4865,2,4,gender,other_cyberbullying,True
4866,2,2,gender,gender,False
4867,2,2,gender,gender,False
4869,2,2,gender,gender,False
4874,2,2,gender,gender,False
4878,2,2,gender,gender,False
4883,2,3,gender,not_cyberbullying,True
4891,2,2,gender,gender,False
4892,2,2,gender,gender,False
4894,2,2,gender,gender,False
4904,2,2,gender,gender,False
4910,2,2,gender,gender,False
4911,2,2,gender,gender,False
4916,2,2,gender,gender,False
4920,2,2,gender,gender,False
4927,2,2,gender,gender,False
4935,2,2,gender,gender,False
4939,2,2,gender,gender,False
4946,2,2,gender,gender,False
4956,2,2,gender,gender,False
4957,2,2,gender,gender,False
4960,2,2,gender,gender,False
4982,2,2,gender,gender,False
4983,2,2,gender,gender,False
4987,2,2,gender,gender,False
4989,2,2,gender,gender,False
4993,2,2,gender,gender,False
4995,2,2,gender,gender,False
4999,2,2,gender,gender,False
5019,2,2,gender,gender,False
5026,2,2,gender,gender,False
5032,2,2,gender,gender,False
5038,2,2,gender,gender,False
5043,2,2,gender,gender,False
5044,2,2,gender,gender,False
5056,2,2,gender,gender,False
5066,2,2,gender,gender,False
5069,2,2,gender,gender,False
5070,2,2,gender,gender,False
5074,2,2,gender,gender,False
5079,2,2,gender,gender,False
5080,2,2,gender,gender,False
5091,2,2,gender,gender,False
5097,2,2,gender,gender,False
5100,2,2,gender,gender,False
5107,2,2,gender,gender,False
5112,2,2,gender,gender,False
5113,2,2,gender,gender,False
5115,2,2,gender,gender,False
5126,2,2,gender,gender,False
5128,2,2,gender,gender,False
5138,2,2,gender,gender,False
5146,2,2,gender,gender,False
5158,2,2,gender,gender,False
5160,2,2,gender,gender,False
5166,2,2,gender,gender,False
5185,2,2,gender,gender,False
5188,2,2,gender,gender,False
5189,2,2,gender,gender,False
5195,2,2,gender,gender,False
5197,2,2,gender,gender,False
5198,2,2,gender,gender,False
5201,2,2,gender,gender,False
5204,2,2,gender,gender,False
5206,2,2,gender,gender,False
5209,2,2,gender,gender,False
5212,2,2,gender,gender,False
5228,2,2,gender,gender,False
5232,2,2,gender,gender,False
5233,2,2,gender,gender,False
5235,2,2,gender,gender,False
5236,2,2,gender,gender,False
5237,2,2,gender,gender,False
5239,2,2,gender,gender,False
5240,2,2,gender,gender,False
5247,2,2,gender,gender,False
5248,2,2,gender,gender,False
5249,2,2,gender,gender,False
5254,2,2,gender,gender,False
5258,2,2,gender,gender,False
5265,2,3,gender,not_cyberbullying,True
5268,2,2,gender,gender,False
5269,2,2,gender,gender,False
5277,2,2,gender,gender,False
5284,2,5,gender,religion,True
5285,2,2,gender,gender,False
5290,2,2,gender,gender,False
5291,2,2,gender,gender,False
5293,2,2,gender,gender,False
5295,2,2,gender,gender,False
5309,2,2,gender,gender,False
5311,2,2,gender,gender,False
5313,2,2,gender,gender,False
5319,2,2,gender,gender,False
5324,2,2,gender,gender,False
5328,2,2,gender,gender,False
5334,2,3,gender,not_cyberbullying,True
5337,2,2,gender,gender,False
5339,2,2,gender,gender,False
5365,2,2,gender,gender,False
5373,2,2,gender,gender,False
5380,2,2,gender,gender,False
5382,2,2,gender,gender,False
5383,2,2,gender,gender,False
5388,2,2,gender,gender,False
5396,2,2,gender,gender,False
5398,2,3,gender,not_cyberbullying,True
5405,2,2,gender,gender,False
5408,2,2,gender,gender,False
5411,2,2,gender,gender,False
5414,2,2,gender,gender,False
5416,2,2,gender,gender,False
5418,2,2,gender,gender,False
5419,2,2,gender,gender,False
5427,2,2,gender,gender,False
5433,2,2,gender,gender,False
5434,2,2,gender,gender,False
5438,2,3,gender,not_cyberbullying,True
5442,2,2,gender,gender,False
5444,2,2,gender,gender,False
5446,2,2,gender,gender,False
5456,2,2,gender,gender,False
5457,2,2,gender,gender,False
5459,2,2,gender,gender,False
5462,2,2,gender,gender,False
5473,2,2,gender,gender,False
5474,2,2,gender,gender,False
5484,2,2,gender,gender,False
5487,2,2,gender,gender,False
5491,2,2,gender,gender,False
5495,2,2,gender,gender,False
5501,2,2,gender,gender,False
5506,2,2,gender,gender,False
5507,2,2,gender,gender,False
5509,2,2,gender,gender,False
5511,2,2,gender,gender,False
5526,2,2,gender,gender,False
5528,2,2,gender,gender,False
5532,2,2,gender,gender,False
5540,2,2,gender,gender,False
5542,2,2,gender,gender,False
5545,2,2,gender,gender,False
5550,2,2,gender,gender,False
5552,2,2,gender,gender,False
5560,2,3,gender,not_cyberbullying,True
5562,2,2,gender,gender,False
5564,2,2,gender,gender,False
5566,2,2,gender,gender,False
5568,2,2,gender,gender,False
5573,2,3,gender,not_cyberbullying,True
5583,2,2,gender,gender,False
5586,2,2,gender,gender,False
5595,2,2,gender,gender,False
5600,2,2,gender,gender,False
5604,2,2,gender,gender,False
5607,2,2,gender,gender,False
5608,2,2,gender,gender,False
5610,2,2,gender,gender,False
5626,2,2,gender,gender,False
5635,2,2,gender,gender,False
5636,2,2,gender,gender,False
5639,2,2,gender,gender,False
5641,2,2,gender,gender,False
5643,2,2,gender,gender,False
5645,2,2,gender,gender,False
5647,2,2,gender,gender,False
5652,2,2,gender,gender,False
5654,2,2,gender,gender,False
5657,2,2,gender,gender,False
5660,2,2,gender,gender,False
5662,2,2,gender,gender,False
5688,2,2,gender,gender,False
5692,2,2,gender,gender,False
5694,2,2,gender,gender,False
5703,2,2,gender,gender,False
5716,2,2,gender,gender,False
5720,2,2,gender,gender,False
5722,2,4,gender,other_cyberbullying,True
5723,2,3,gender,not_cyberbullying,True
5725,2,2,gender,gender,False
5731,2,2,gender,gender,False
5734,2,2,gender,gender,False
5736,2,2,gender,gender,False
5737,2,2,gender,gender,False
5746,2,2,gender,gender,False
5751,2,2,gender,gender,False
5764,2,2,gender,gender,False
5766,2,2,gender,gender,False
5768,2,2,gender,gender,False
5786,5,5,religion,religion,False
5791,5,5,religion,religion,False
5793,5,5,religion,religion,False
5794,5,5,religion,religion,False
5801,5,5,religion,religion,False
5805,5,5,religion,religion,False
5806,5,5,religion,religion,False
5816,5,5,religion,religion,False
5820,5,5,religion,religion,False
5822,5,5,religion,religion,False
5823,5,5,religion,religion,False
5839,5,5,religion,religion,False
5841,5,5,religion,religion,False
5845,5,5,religion,religion,False
5851,5,5,religion,religion,False
5856,5,5,religion,religion,False
5857,5,5,religion,religion,False
5867,5,5,religion,religion,False
5870,5,5,religion,religion,False
5874,5,5,religion,religion,False
5882,5,5,religion,religion,False
5884,5,5,religion,religion,False
5885,5,5,religion,religion,False
5886,5,5,religion,religion,False
5895,5,5,religion,religion,False
5896,5,5,religion,religion,False
5901,5,5,religion,religion,False
5907,5,5,religion,religion,False
5908,5,5,religion,religion,False
5927,5,5,religion,religion,False
5931,5,5,religion,religion,False
5937,5,5,religion,religion,False
5938,5,5,religion,religion,False
5939,5,5,religion,religion,False
5945,5,5,religion,religion,False
5951,5,5,religion,religion,False
5969,5,5,religion,religion,False
5976,5,4,religion,other_cyberbullying,True
5977,5,5,religion,religion,False
5978,5,5,religion,religion,False
5979,5,5,religion,religion,False
5984,5,5,religion,religion,False
5989,5,5,religion,religion,False
5992,5,5,religion,religion,False
5995,5,5,religion,religion,False
6000,5,5,religion,religion,False
6011,5,5,religion,religion,False
6017,5,5,religion,religion,False
6019,5,5,religion,religion,False
6021,5,5,religion,religion,False
6023,5,5,religion,religion,False
6026,5,5,religion,religion,False
6029,5,5,religion,religion,False
6031,5,5,religion,religion,False
6033,5,5,religion,religion,False
6037,5,5,religion,religion,False
6045,5,5,religion,religion,False
6047,5,5,religion,religion,False
6049,5,5,religion,religion,False
6058,5,5,religion,religion,False
6059,5,5,religion,religion,False
6060,5,5,religion,religion,False
6072,5,5,religion,religion,False
6075,5,5,religion,religion,False
6078,5,5,religion,religion,False
6085,5,5,religion,religion,False
6101,5,5,religion,religion,False
6103,5,5,religion,religion,False
6116,5,5,religion,religion,False
6122,5,5,religion,religion,False
6125,5,5,religion,religion,False
6127,5,5,religion,religion,False
6133,5,5,religion,religion,False
6141,5,5,religion,religion,False
6148,5,5,religion,religion,False
6151,5,5,religion,religion,False
6159,5,5,religion,religion,False
6164,5,5,religion,religion,False
6167,5,5,religion,religion,False
6169,5,5,religion,religion,False
6171,5,5,religion,religion,False
6173,5,3,religion,not_cyberbullying,True
6176,5,5,religion,religion,False
6179,5,5,religion,religion,False
6180,5,5,religion,religion,False
6183,5,5,religion,religion,False
6184,5,5,religion,religion,False
6187,5,5,religion,religion,False
6198,5,5,religion,religion,False
6206,5,5,religion,religion,False
6210,5,5,religion,religion,False
6222,5,5,religion,religion,False
6229,5,5,religion,religion,False
6235,5,5,religion,religion,False
6238,5,5,religion,religion,False
6258,5,5,religion,religion,False
6260,5,5,religion,religion,False
6270,5,5,religion,religion,False
6274,5,5,religion,religion,False
6287,5,5,religion,religion,False
6288,5,5,religion,religion,False
6295,5,5,religion,religion,False
6296,5,5,religion,religion,False
6298,5,5,religion,religion,False
6299,5,5,religion,religion,False
6301,5,5,religion,religion,False
6305,5,5,religion,religion,False
6308,5,5,religion,religion,False
6322,5,5,religion,religion,False
6329,5,5,religion,religion,False
6335,5,5,religion,religion,False
6338,5,5,religion,religion,False
6342,5,5,religion,religion,False
6347,5,5,religion,religion,False
6348,5,5,religion,religion,False
6353,5,5,religion,religion,False
6357,5,5,religion,religion,False
6367,5,5,religion,religion,False
6368,5,5,religion,religion,False
6374,5,5,religion,religion,False
6380,5,5,religion,religion,False
6388,5,5,religion,religion,False
6395,5,5,religion,religion,False
6399,5,5,religion,religion,False
6403,5,5,religion,religion,False
6404,5,5,religion,religion,False
6408,5,5,religion,religion,False
6418,5,5,religion,religion,False
6426,5,5,religion,religion,False
6427,5,5,religion,religion,False
6429,5,5,religion,religion,False
6431,5,5,religion,religion,False
6435,5,5,religion,religion,False
6445,5,5,religion,religion,False
6447,5,5,religion,religion,False
6457,5,5,religion,religion,False
6463,5,5,religion,religion,False
6464,5,5,religion,religion,False
6470,5,5,religion,religion,False
6473,5,5,religion,religion,False
6479,5,5,religion,religion,False
6480,5,5,religion,religion,False
6484,5,5,religion,religion,False
6495,5,5,religion,religion,False
6496,5,5,religion,religion,False
6497,5,5,religion,religion,False
6500,5,5,religion,religion,False
6505,5,5,religion,religion,False
6508,5,5,religion,religion,False
6512,5,5,religion,religion,False
6514,5,5,religion,religion,False
6529,5,5,religion,religion,False
6532,5,5,religion,religion,False
6535,5,5,religion,religion,False
6536,5,5,religion,religion,False
6539,5,5,religion,religion,False
6541,5,5,religion,religion,False
6542,5,5,religion,religion,False
6547,5,5,religion,religion,False
6550,5,5,religion,religion,False
6558,5,5,religion,religion,False
6562,5,5,religion,religion,False
6569,5,5,religion,religion,False
6570,5,5,religion,religion,False
6577,5,5,religion,religion,False
6586,5,5,religion,religion,False
6590,5,5,religion,religion,False
6591,5,5,religion,religion,False
6593,5,5,religion,religion,False
6600,5,5,religion,religion,False
6602,5,5,religion,religion,False
6605,5,5,religion,religion,False
6607,5,5,religion,religion,False
6609,5,5,religion,religion,False
6618,5,5,religion,religion,False
6631,5,5,religion,religion,False
6669,5,5,religion,religion,False
6675,5,5,religion,religion,False
6687,5,5,religion,religion,False
6689,5,5,religion,religion,False
6692,5,5,religion,religion,False
6697,5,5,religion,religion,False
6700,5,5,religion,religion,False
6702,5,5,religion,religion,False
6703,5,5,religion,religion,False
6704,5,5,religion,religion,False
6708,5,5,religion,religion,False
6717,5,5,religion,religion,False
6720,5,5,religion,religion,False
6726,5,5,religion,religion,False
6731,5,5,religion,religion,False
6735,5,5,religion,religion,False
6736,5,5,religion,religion,False
6738,5,5,religion,religion,False
6740,5,5,religion,religion,False
6741,5,5,religion,religion,False
6749,5,5,religion,religion,False
6754,5,5,religion,religion,False
6755,5,2,religion,gender,True
6756,5,5,religion,religion,False
6760,5,5,religion,religion,False
6771,5,5,religion,religion,False
6774,5,5,religion,religion,False
6778,5,5,religion,religion,False
6780,5,5,religion,religion,False
6790,5,5,religion,religion,False
6793,5,5,religion,religion,False
6799,5,5,religion,religion,False
6802,5,5,religion,religion,False
6810,5,5,religion,religion,False
6819,5,5,religion,religion,False
6820,5,5,religion,religion,False
6827,5,5,religion,religion,False
6830,5,5,religion,religion,False
6839,5,5,religion,religion,False
6844,5,5,religion,religion,False
6845,5,5,religion,religion,False
6853,5,5,religion,religion,False
6866,5,5,religion,religion,False
6868,5,5,religion,religion,False
6877,5,5,religion,religion,False
6879,5,5,religion,religion,False
6884,5,5,religion,religion,False
6892,5,5,religion,religion,False
6893,5,5,religion,religion,False
6911,5,5,religion,religion,False
6913,5,5,religion,religion,False
6914,5,5,religion,religion,False
6915,5,5,religion,religion,False
6919,5,5,religion,religion,False
6923,5,5,religion,religion,False
6927,5,5,religion,religion,False
6929,5,5,religion,religion,False
6931,5,5,religion,religion,False
6938,5,5,religion,religion,False
6941,5,5,religion,religion,False
6946,5,5,religion,religion,False
6947,5,5,religion,religion,False
6951,5,5,religion,religion,False
6952,5,3,religion,not_cyberbullying,True
6956,5,5,religion,religion,False
6957,5,5,religion,religion,False
6965,5,5,religion,religion,False
6967,5,4,religion,other_cyberbullying,True
6970,5,5,religion,religion,False
6976,5,5,religion,religion,False
6983,5,5,religion,religion,False
6990,5,5,religion,religion,False
6992,5,5,religion,religion,False
6995,5,5,religion,religion,False
6996,5,5,religion,religion,False
7017,5,5,religion,religion,False
7020,5,5,religion,religion,False
7026,5,5,religion,religion,False
7037,5,5,religion,religion,False
7041,5,5,religion,religion,False
7047,5,5,religion,religion,False
7053,5,5,religion,religion,False
7059,5,5,religion,religion,False
7065,5,5,religion,religion,False
7067,5,5,religion,religion,False
7073,5,5,religion,religion,False
7079,5,5,religion,religion,False
7081,5,5,religion,religion,False
7089,5,5,religion,religion,False
7096,5,5,religion,religion,False
7106,5,5,religion,religion,False
7116,5,5,religion,religion,False
7118,5,5,religion,religion,False
7124,5,5,religion,religion,False
7131,5,5,religion,religion,False
7138,5,5,religion,religion,False
7142,5,5,religion,religion,False
7146,5,5,religion,religion,False
7154,5,5,religion,religion,False
7157,5,5,religion,religion,False
7164,5,5,religion,religion,False
7167,5,5,religion,religion,False
7168,5,5,religion,religion,False
7176,5,5,religion,religion,False
7177,5,5,religion,religion,False
7183,5,5,religion,religion,False
7184,5,5,religion,religion,False
7186,5,5,religion,religion,False
7194,5,5,religion,religion,False
7195,5,5,religion,religion,False
7204,5,5,religion,religion,False
7209,5,5,religion,religion,False
7218,5,5,religion,religion,False
7224,5,5,religion,religion,False
7232,5,5,religion,religion,False
7237,5,5,religion,religion,False
7239,5,5,religion,religion,False
7240,5,5,religion,religion,False
7241,5,5,religion,religion,False
7244,5,5,religion,religion,False
7249,5,5,religion,religion,False
7254,5,5,religion,religion,False
7263,5,5,religion,religion,False
7264,5,5,religion,religion,False
7273,5,5,religion,religion,False
7274,5,5,religion,religion,False
7288,5,5,religion,religion,False
7292,5,5,religion,religion,False
7305,5,5,religion,religion,False
7315,5,5,religion,religion,False
7316,5,2,religion,gender,True
7324,5,5,religion,religion,False
7330,5,5,religion,religion,False
7333,5,5,religion,religion,False
7334,5,5,religion,religion,False
7335,5,5,religion,religion,False
7339,5,5,religion,religion,False
7343,5,5,religion,religion,False
7349,5,5,religion,religion,False
7350,5,5,religion,religion,False
7352,5,5,religion,religion,False
7354,5,5,religion,religion,False
7361,5,5,religion,religion,False
7366,5,5,religion,religion,False
7368,5,5,religion,religion,False
7369,5,5,religion,religion,False
7376,5,5,religion,religion,False
7378,5,5,religion,religion,False
7385,5,5,religion,religion,False
7387,5,5,religion,religion,False
7389,5,5,religion,religion,False
7398,5,5,religion,religion,False
7402,5,5,religion,religion,False
7403,5,5,religion,religion,False
7404,5,5,religion,religion,False
7410,5,5,religion,religion,False
7414,5,5,religion,religion,False
7425,5,5,religion,religion,False
7427,5,5,religion,religion,False
7428,5,5,religion,religion,False
7429,5,5,religion,religion,False
7432,5,5,religion,religion,False
7437,5,5,religion,religion,False
7438,5,5,religion,religion,False
7442,5,5,religion,religion,False
7445,5,5,religion,religion,False
7446,5,5,religion,religion,False
7453,5,5,religion,religion,False
7459,5,5,religion,religion,False
7462,5,5,religion,religion,False
7464,5,5,religion,religion,False
7466,5,5,religion,religion,False
7470,5,5,religion,religion,False
7471,5,5,religion,religion,False
7487,5,5,religion,religion,False
7504,5,5,religion,religion,False
7506,5,5,religion,religion,False
7509,5,5,religion,religion,False
7510,5,5,religion,religion,False
7514,5,3,religion,not_cyberbullying,True
7528,5,5,religion,religion,False
7530,5,5,religion,religion,False
7532,5,5,religion,religion,False
7538,5,5,religion,religion,False
7548,5,5,religion,religion,False
7549,5,5,religion,religion,False
7558,5,5,religion,religion,False
7562,5,4,religion,other_cyberbullying,True
7564,5,3,religion,not_cyberbullying,True
7570,5,5,religion,religion,False
7576,5,5,religion,religion,False
7577,5,5,religion,religion,False
7579,5,5,religion,religion,False
7584,5,5,religion,religion,False
7585,5,5,religion,religion,False
7596,5,5,religion,religion,False
7601,5,5,religion,religion,False
7603,5,5,religion,religion,False
7609,5,5,religion,religion,False
7610,5,5,religion,religion,False
7612,5,5,religion,religion,False
7620,5,5,religion,religion,False
7625,5,5,religion,religion,False
7628,5,5,religion,religion,False
7636,5,5,religion,religion,False
7645,5,5,religion,religion,False
7647,5,5,religion,religion,False
7657,5,5,religion,religion,False
7664,5,5,religion,religion,False
7669,5,5,religion,religion,False
7670,5,5,religion,religion,False
7677,5,5,religion,religion,False
7679,5,5,religion,religion,False
7681,5,5,religion,religion,False
7682,5,5,religion,religion,False
7683,5,5,religion,religion,False
7689,5,5,religion,religion,False
7691,5,5,religion,religion,False
7692,5,5,religion,religion,False
7695,5,5,religion,religion,False
7699,5,5,religion,religion,False
7700,5,5,religion,religion,False
7707,5,5,religion,religion,False
7710,5,5,religion,religion,False
7718,5,5,religion,religion,False
7719,5,5,religion,religion,False
7720,5,5,religion,religion,False
7721,5,5,religion,religion,False
7727,5,5,religion,religion,False
7729,5,5,religion,religion,False
7730,5,5,religion,religion,False
7732,5,5,religion,religion,False
7737,5,5,religion,religion,False
7743,5,5,religion,religion,False
7744,5,5,religion,religion,False
7752,5,5,religion,religion,False
7762,5,5,religion,religion,False
7766,5,5,religion,religion,False
7771,5,5,religion,religion,False
7777,5,5,religion,religion,False
7785,5,5,religion,religion,False
7790,5,5,religion,religion,False
7800,5,5,religion,religion,False
7812,5,5,religion,religion,False
7818,5,5,religion,religion,False
7819,5,5,religion,religion,False
7829,5,5,religion,religion,False
7840,5,5,religion,religion,False
7841,5,5,religion,religion,False
7846,5,5,religion,religion,False
7847,5,5,religion,religion,False
7848,5,5,religion,religion,False
7849,5,5,religion,religion,False
7851,5,5,religion,religion,False
7853,5,5,religion,religion,False
7861,5,5,religion,religion,False
7862,5,5,religion,religion,False
7867,5,5,religion,religion,False
7869,5,3,religion,not_cyberbullying,True
7873,5,5,religion,religion,False
7874,5,5,religion,religion,False
7882,5,5,religion,religion,False
7891,5,3,religion,not_cyberbullying,True
7894,5,5,religion,religion,False
7895,5,5,religion,religion,False
7896,5,5,religion,religion,False
7897,5,5,religion,religion,False
7907,5,5,religion,religion,False
7909,5,5,religion,religion,False
7919,5,5,religion,religion,False
7925,5,5,religion,religion,False
7927,5,5,religion,religion,False
7928,5,5,religion,religion,False
7930,5,5,religion,religion,False
7940,5,5,religion,religion,False
7948,5,5,religion,religion,False
7951,5,5,religion,religion,False
7956,5,5,religion,religion,False
7957,5,5,religion,religion,False
7983,5,5,religion,religion,False
7990,5,5,religion,religion,False
7997,5,5,religion,religion,False
7998,5,5,religion,religion,False
7999,5,5,religion,religion,False
8000,5,5,religion,religion,False
8004,5,5,religion,religion,False
8006,5,5,religion,religion,False
8022,5,5,religion,religion,False
8027,5,5,religion,religion,False
8035,5,5,religion,religion,False
8036,5,5,religion,religion,False
8041,5,5,religion,religion,False
8044,5,5,religion,religion,False
8047,5,5,religion,religion,False
8054,5,5,religion,religion,False
8055,5,5,religion,religion,False
8060,5,5,religion,religion,False
8063,5,5,religion,religion,False
8064,5,5,religion,religion,False
8066,5,5,religion,religion,False
8071,5,5,religion,religion,False
8093,5,5,religion,religion,False
8102,5,5,religion,religion,False
8105,5,5,religion,religion,False
8112,5,5,religion,religion,False
8113,5,5,religion,religion,False
8128,5,5,religion,religion,False
8129,5,5,religion,religion,False
8131,5,5,religion,religion,False
8133,5,5,religion,religion,False
8145,5,5,religion,religion,False
8164,5,5,religion,religion,False
8180,5,5,religion,religion,False
8186,5,5,religion,religion,False
8189,5,5,religion,religion,False
8191,5,2,religion,gender,True
8209,5,5,religion,religion,False
8212,5,5,religion,religion,False
8214,5,5,religion,religion,False
8218,5,5,religion,religion,False
8219,5,5,religion,religion,False
8225,5,1,religion,ethnicity,True
8247,5,5,religion,religion,False
8261,5,5,religion,religion,False
8267,5,5,religion,religion,False
8270,5,5,religion,religion,False
8271,5,5,religion,religion,False
8280,5,5,religion,religion,False
8295,5,5,religion,religion,False
8296,5,5,religion,religion,False
8297,5,5,religion,religion,False
8303,5,3,religion,not_cyberbullying,True
8311,5,5,religion,religion,False
8312,5,5,religion,religion,False
8314,5,5,religion,religion,False
8316,5,5,religion,religion,False
8318,5,5,religion,religion,False
8322,5,5,religion,religion,False
8324,5,5,religion,religion,False
8341,5,5,religion,religion,False
8346,5,5,religion,religion,False
8348,5,5,religion,religion,False
8372,5,5,religion,religion,False
8373,5,5,religion,religion,False
8376,5,5,religion,religion,False
8380,5,5,religion,religion,False
8384,5,5,religion,religion,False
8391,5,5,religion,religion,False
8397,5,5,religion,religion,False
8403,5,5,religion,religion,False
8404,5,5,religion,religion,False
8405,5,5,religion,religion,False
8418,5,5,religion,religion,False
8433,5,5,religion,religion,False
8439,5,5,religion,religion,False
8441,5,5,religion,religion,False
8444,5,5,religion,religion,False
8445,5,5,religion,religion,False
8447,5,5,religion,religion,False
8448,5,5,religion,religion,False
8450,5,5,religion,religion,False
8455,5,5,religion,religion,False
8469,5,5,religion,religion,False
8470,5,5,religion,religion,False
8474,5,5,religion,religion,False
8475,5,5,religion,religion,False
8477,5,5,religion,religion,False
8488,5,5,religion,religion,False
8489,5,2,religion,gender,True
8495,5,5,religion,religion,False
8496,5,5,religion,religion,False
8503,5,5,religion,religion,False
8505,5,5,religion,religion,False
8509,5,5,religion,religion,False
8510,5,5,religion,religion,False
8511,5,5,religion,religion,False
8513,5,5,religion,religion,False
8516,5,5,religion,religion,False
8517,5,5,religion,religion,False
8518,5,5,religion,religion,False
8529,5,5,religion,religion,False
8531,5,5,religion,religion,False
8533,5,5,religion,religion,False
8538,5,5,religion,religion,False
8544,5,5,religion,religion,False
8546,5,5,religion,religion,False
8550,5,5,religion,religion,False
8551,5,5,religion,religion,False
8552,5,5,religion,religion,False
8553,5,5,religion,religion,False
8555,5,5,religion,religion,False
8556,5,5,religion,religion,False
8558,5,5,religion,religion,False
8560,5,5,religion,religion,False
8564,5,5,religion,religion,False
8568,5,5,religion,religion,False
8571,5,5,religion,religion,False
8578,5,5,religion,religion,False
8579,5,5,religion,religion,False
8581,5,5,religion,religion,False
8587,5,5,religion,religion,False
8603,5,5,religion,religion,False
8606,5,5,religion,religion,False
8607,5,5,religion,religion,False
8613,5,5,religion,religion,False
8619,5,5,religion,religion,False
8622,5,5,religion,religion,False
8633,5,5,religion,religion,False
8640,5,5,religion,religion,False
8641,5,5,religion,religion,False
8646,5,5,religion,religion,False
8647,5,5,religion,religion,False
8665,5,5,religion,religion,False
8668,5,5,religion,religion,False
8672,5,5,religion,religion,False
8675,5,5,religion,religion,False
8677,5,5,religion,religion,False
8679,5,5,religion,religion,False
8682,5,5,religion,religion,False
8689,5,5,religion,religion,False
8692,5,5,religion,religion,False
8693,5,5,religion,religion,False
8695,5,5,religion,religion,False
8696,5,5,religion,religion,False
8697,5,5,religion,religion,False
8698,5,5,religion,religion,False
8716,5,5,religion,religion,False
8721,5,5,religion,religion,False
8738,5,5,religion,religion,False
8741,5,5,religion,religion,False
8759,5,5,religion,religion,False
8766,5,5,religion,religion,False
8777,5,5,religion,religion,False
8778,5,5,religion,religion,False
8782,5,5,religion,religion,False
8785,5,5,religion,religion,False
8787,5,5,religion,religion,False
8793,5,5,religion,religion,False
8798,5,5,religion,religion,False
8800,5,5,religion,religion,False
8811,5,5,religion,religion,False
8820,5,5,religion,religion,False
8821,5,5,religion,religion,False
8822,5,5,religion,religion,False
8832,5,5,religion,religion,False
8834,5,5,religion,religion,False
8842,5,5,religion,religion,False
8843,5,5,religion,religion,False
8844,5,5,religion,religion,False
8850,5,5,religion,religion,False
8854,5,5,religion,religion,False
8862,5,5,religion,religion,False
8869,5,5,religion,religion,False
8871,5,5,religion,religion,False
8874,5,5,religion,religion,False
8876,5,5,religion,religion,False
8887,5,5,religion,religion,False
8893,5,5,religion,religion,False
8896,5,5,religion,religion,False
8913,5,5,religion,religion,False
8914,5,5,religion,religion,False
8917,5,5,religion,religion,False
8918,5,5,religion,religion,False
8925,5,5,religion,religion,False
8926,5,5,religion,religion,False
8929,5,5,religion,religion,False
8966,5,5,religion,religion,False
8971,5,5,religion,religion,False
8980,5,5,religion,religion,False
8983,5,5,religion,religion,False
8986,5,5,religion,religion,False
8989,5,5,religion,religion,False
8990,5,5,religion,religion,False
8994,5,5,religion,religion,False
9008,5,5,religion,religion,False
9013,5,5,religion,religion,False
9023,5,5,religion,religion,False
9026,5,5,religion,religion,False
9027,5,5,religion,religion,False
9029,5,5,religion,religion,False
9033,5,5,religion,religion,False
9039,5,5,religion,religion,False
9040,5,5,religion,religion,False
9041,5,5,religion,religion,False
9047,5,5,religion,religion,False
9054,5,5,religion,religion,False
9056,5,5,religion,religion,False
9060,5,5,religion,religion,False
9064,5,5,religion,religion,False
9073,5,5,religion,religion,False
9075,5,5,religion,religion,False
9090,5,5,religion,religion,False
9095,5,5,religion,religion,False
9103,5,5,religion,religion,False
9104,5,5,religion,religion,False
9106,5,5,religion,religion,False
9109,5,5,religion,religion,False
9112,5,5,religion,religion,False
9121,5,5,religion,religion,False
9123,5,5,religion,religion,False
9129,5,5,religion,religion,False
9133,5,5,religion,religion,False
9137,5,5,religion,religion,False
9138,5,5,religion,religion,False
9141,5,5,religion,religion,False
9143,5,5,religion,religion,False
9152,5,5,religion,religion,False
9155,5,5,religion,religion,False
9164,5,5,religion,religion,False
9180,5,5,religion,religion,False
9186,5,5,religion,religion,False
9187,5,5,religion,religion,False
9189,5,5,religion,religion,False
9191,5,5,religion,religion,False
9201,5,5,religion,religion,False
9202,5,5,religion,religion,False
9222,5,5,religion,religion,False
9223,5,5,religion,religion,False
9225,5,5,religion,religion,False
9227,5,5,religion,religion,False
9241,5,5,religion,religion,False
9246,5,5,religion,religion,False
9251,5,5,religion,religion,False
9254,5,5,religion,religion,False
9267,5,5,religion,religion,False
9269,5,5,religion,religion,False
9270,5,5,religion,religion,False
9277,5,5,religion,religion,False
9290,5,5,religion,religion,False
9298,5,5,religion,religion,False
9299,5,5,religion,religion,False
9301,5,5,religion,religion,False
9302,5,5,religion,religion,False
9307,5,5,religion,religion,False
9313,5,5,religion,religion,False
9316,5,4,religion,other_cyberbullying,True
9319,5,5,religion,religion,False
9328,5,5,religion,religion,False
9329,5,5,religion,religion,False
9342,5,5,religion,religion,False
9343,5,5,religion,religion,False
9344,5,5,religion,religion,False
9354,5,5,religion,religion,False
9365,5,5,religion,religion,False
9384,5,5,religion,religion,False
9392,5,5,religion,religion,False
9397,5,5,religion,religion,False
9400,5,5,religion,religion,False
9407,5,5,religion,religion,False
9410,5,5,religion,religion,False
9416,5,5,religion,religion,False
9417,5,5,religion,religion,False
9423,5,5,religion,religion,False
9424,5,5,religion,religion,False
9427,5,5,religion,religion,False
9430,5,5,religion,religion,False
9435,4,4,other_cyberbullying,other_cyberbullying,False
9436,4,4,other_cyberbullying,other_cyberbullying,False
9438,4,4,other_cyberbullying,other_cyberbullying,False
9440,4,4,other_cyberbullying,other_cyberbullying,False
9447,4,2,other_cyberbullying,gender,True
9451,4,4,other_cyberbullying,other_cyberbullying,False
9452,4,2,other_cyberbullying,gender,True
9453,4,4,other_cyberbullying,other_cyberbullying,False
9460,4,4,other_cyberbullying,other_cyberbullying,False
9461,4,4,other_cyberbullying,other_cyberbullying,False
9477,4,2,other_cyberbullying,gender,True
9483,4,4,other_cyberbullying,other_cyberbullying,False
9492,4,4,other_cyberbullying,other_cyberbullying,False
9509,4,4,other_cyberbullying,other_cyberbullying,False
9516,4,2,other_cyberbullying,gender,True
9520,4,4,other_cyberbullying,other_cyberbullying,False
9522,4,4,other_cyberbullying,other_cyberbullying,False
9523,4,2,other_cyberbullying,gender,True
9535,4,4,other_cyberbullying,other_cyberbullying,False
9555,4,3,other_cyberbullying,not_cyberbullying,True
9558,4,3,other_cyberbullying,not_cyberbullying,True
9562,4,4,other_cyberbullying,other_cyberbullying,False
9570,4,4,other_cyberbullying,other_cyberbullying,False
9578,4,4,other_cyberbullying,other_cyberbullying,False
9579,4,4,other_cyberbullying,other_cyberbullying,False
9581,4,4,other_cyberbullying,other_cyberbullying,False
9582,4,4,other_cyberbullying,other_cyberbullying,False
9583,4,4,other_cyberbullying,other_cyberbullying,False
9588,4,4,other_cyberbullying,other_cyberbullying,False
9598,4,4,other_cyberbullying,other_cyberbullying,False
9599,4,4,other_cyberbullying,other_cyberbullying,False
9602,4,4,other_cyberbullying,other_cyberbullying,False
9614,4,4,other_cyberbullying,other_cyberbullying,False
9619,4,2,other_cyberbullying,gender,True
9621,4,4,other_cyberbullying,other_cyberbullying,False
9623,4,4,other_cyberbullying,other_cyberbullying,False
9624,4,4,other_cyberbullying,other_cyberbullying,False
9628,4,4,other_cyberbullying,other_cyberbullying,False
9629,4,4,other_cyberbullying,other_cyberbullying,False
9631,4,4,other_cyberbullying,other_cyberbullying,False
9634,4,3,other_cyberbullying,not_cyberbullying,True
9637,4,4,other_cyberbullying,other_cyberbullying,False
9640,4,4,other_cyberbullying,other_cyberbullying,False
9641,4,4,other_cyberbullying,other_cyberbullying,False
9649,4,4,other_cyberbullying,other_cyberbullying,False
9669,4,4,other_cyberbullying,other_cyberbullying,False
9671,4,4,other_cyberbullying,other_cyberbullying,False
9674,4,4,other_cyberbullying,other_cyberbullying,False
9675,4,2,other_cyberbullying,gender,True
9676,4,2,other_cyberbullying,gender,True
9688,4,4,other_cyberbullying,other_cyberbullying,False
9689,4,4,other_cyberbullying,other_cyberbullying,False
9697,4,4,other_cyberbullying,other_cyberbullying,False
9701,4,4,other_cyberbullying,other_cyberbullying,False
9720,4,4,other_cyberbullying,other_cyberbullying,False
9724,4,3,other_cyberbullying,not_cyberbullying,True
9729,4,4,other_cyberbullying,other_cyberbullying,False
9730,4,4,other_cyberbullying,other_cyberbullying,False
9734,4,4,other_cyberbullying,other_cyberbullying,False
9735,4,4,other_cyberbullying,other_cyberbullying,False
9737,4,4,other_cyberbullying,other_cyberbullying,False
9751,4,4,other_cyberbullying,other_cyberbullying,False
9760,4,4,other_cyberbullying,other_cyberbullying,False
9761,4,4,other_cyberbullying,other_cyberbullying,False
9763,4,4,other_cyberbullying,other_cyberbullying,False
9765,4,4,other_cyberbullying,other_cyberbullying,False
9769,4,4,other_cyberbullying,other_cyberbullying,False
9774,4,4,other_cyberbullying,other_cyberbullying,False
9778,4,4,other_cyberbullying,other_cyberbullying,False
9787,4,4,other_cyberbullying,other_cyberbullying,False
9790,4,4,other_cyberbullying,other_cyberbullying,False
9797,4,3,other_cyberbullying,not_cyberbullying,True
9801,4,2,other_cyberbullying,gender,True
9802,4,4,other_cyberbullying,other_cyberbullying,False
9803,4,4,other_cyberbullying,other_cyberbullying,False
9812,4,4,other_cyberbullying,other_cyberbullying,False
9816,4,4,other_cyberbullying,other_cyberbullying,False
9817,4,3,other_cyberbullying,not_cyberbullying,True
9819,4,4,other_cyberbullying,other_cyberbullying,False
9820,4,4,other_cyberbullying,other_cyberbullying,False
9821,4,4,other_cyberbullying,other_cyberbullying,False
9829,4,4,other_cyberbullying,other_cyberbullying,False
9830,4,3,other_cyberbullying,not_cyberbullying,True
9835,4,3,other_cyberbullying,not_cyberbullying,True
9842,4,4,other_cyberbullying,other_cyberbullying,False
9846,4,4,other_cyberbullying,other_cyberbullying,False
9849,4,4,other_cyberbullying,other_cyberbullying,False
9851,4,4,other_cyberbullying,other_cyberbullying,False
9856,4,4,other_cyberbullying,other_cyberbullying,False
9859,4,4,other_cyberbullying,other_cyberbullying,False
9865,4,4,other_cyberbullying,other_cyberbullying,False
9866,4,4,other_cyberbullying,other_cyberbullying,False
9872,4,4,other_cyberbullying,other_cyberbullying,False
9876,4,3,other_cyberbullying,not_cyberbullying,True
9883,4,3,other_cyberbullying,not_cyberbullying,True
9897,4,4,other_cyberbullying,other_cyberbullying,False
9900,4,4,other_cyberbullying,other_cyberbullying,False
9906,4,2,other_cyberbullying,gender,True
9913,4,4,other_cyberbullying,other_cyberbullying,False
9914,4,4,other_cyberbullying,other_cyberbullying,False
9917,4,4,other_cyberbullying,other_cyberbullying,False
9920,4,4,other_cyberbullying,other_cyberbullying,False
9923,4,2,other_cyberbullying,gender,True
9924,4,4,other_cyberbullying,other_cyberbullying,False
9928,4,3,other_cyberbullying,not_cyberbullying,True
9929,4,4,other_cyberbullying,other_cyberbullying,False
9933,4,4,other_cyberbullying,other_cyberbullying,False
9948,4,4,other_cyberbullying,other_cyberbullying,False
9958,4,4,other_cyberbullying,other_cyberbullying,False
9960,4,4,other_cyberbullying,other_cyberbullying,False
9961,4,4,other_cyberbullying,other_cyberbullying,False
9964,4,4,other_cyberbullying,other_cyberbullying,False
9970,4,4,other_cyberbullying,other_cyberbullying,False
9971,4,4,other_cyberbullying,other_cyberbullying,False
9976,4,4,other_cyberbullying,other_cyberbullying,False
9977,4,3,other_cyberbullying,not_cyberbullying,True
9998,4,4,other_cyberbullying,other_cyberbullying,False
10005,4,4,other_cyberbullying,other_cyberbullying,False
10009,4,4,other_cyberbullying,other_cyberbullying,False
10020,4,4,other_cyberbullying,other_cyberbullying,False
10035,4,4,other_cyberbullying,other_cyberbullying,False
10047,4,3,other_cyberbullying,not_cyberbullying,True
10049,4,3,other_cyberbullying,not_cyberbullying,True
10050,4,4,other_cyberbullying,other_cyberbullying,False
10055,4,4,other_cyberbullying,other_cyberbullying,False
10056,4,4,other_cyberbullying,other_cyberbullying,False
10057,4,4,other_cyberbullying,other_cyberbullying,False
10069,4,4,other_cyberbullying,other_cyberbullying,False
10085,4,4,other_cyberbullying,other_cyberbullying,False
10090,4,4,other_cyberbullying,other_cyberbullying,False
10094,4,4,other_cyberbullying,other_cyberbullying,False
10099,4,4,other_cyberbullying,other_cyberbullying,False
10104,4,3,other_cyberbullying,not_cyberbullying,True
10106,4,4,other_cyberbullying,other_cyberbullying,False
10107,4,3,other_cyberbullying,not_cyberbullying,True
10114,4,4,other_cyberbullying,other_cyberbullying,False
10117,4,4,other_cyberbullying,other_cyberbullying,False
10119,4,4,other_cyberbullying,other_cyberbullying,False
10120,4,0,other_cyberbullying,age,True
10128,4,4,other_cyberbullying,other_cyberbullying,False
10134,4,4,other_cyberbullying,other_cyberbullying,False
10138,4,4,other_cyberbullying,other_cyberbullying,False
10160,4,4,other_cyberbullying,other_cyberbullying,False
10168,4,4,other_cyberbullying,other_cyberbullying,False
10184,4,3,other_cyberbullying,not_cyberbullying,True
10187,4,4,other_cyberbullying,other_cyberbullying,False
10192,4,4,other_cyberbullying,other_cyberbullying,False
10205,4,4,other_cyberbullying,other_cyberbullying,False
10213,4,4,other_cyberbullying,other_cyberbullying,False
10237,4,4,other_cyberbullying,other_cyberbullying,False
10244,4,4,other_cyberbullying,other_cyberbullying,False
10254,4,4,other_cyberbullying,other_cyberbullying,False
10255,4,3,other_cyberbullying,not_cyberbullying,True
10262,4,2,other_cyberbullying,gender,True
10268,4,2,other_cyberbullying,gender,True
10270,4,4,other_cyberbullying,other_cyberbullying,False
10273,4,4,other_cyberbullying,other_cyberbullying,False
10274,4,4,other_cyberbullying,other_cyberbullying,False
10279,4,4,other_cyberbullying,other_cyberbullying,False
10280,4,2,other_cyberbullying,gender,True
10285,4,4,other_cyberbullying,other_cyberbullying,False
10294,4,3,other_cyberbullying,not_cyberbullying,True
10300,4,3,other_cyberbullying,not_cyberbullying,True
10305,4,3,other_cyberbullying,not_cyberbullying,True
10319,4,4,other_cyberbullying,other_cyberbullying,False
10321,4,4,other_cyberbullying,other_cyberbullying,False
10323,4,4,other_cyberbullying,other_cyberbullying,False
10329,4,4,other_cyberbullying,other_cyberbullying,False
10334,4,4,other_cyberbullying,other_cyberbullying,False
10336,4,4,other_cyberbullying,other_cyberbullying,False
10341,4,4,other_cyberbullying,other_cyberbullying,False
10342,4,4,other_cyberbullying,other_cyberbullying,False
10345,4,4,other_cyberbullying,other_cyberbullying,False
10346,4,4,other_cyberbullying,other_cyberbullying,False
10354,4,4,other_cyberbullying,other_cyberbullying,False
10355,4,3,other_cyberbullying,not_cyberbullying,True
10372,4,3,other_cyberbullying,not_cyberbullying,True
10374,4,1,other_cyberbullying,ethnicity,True
10378,4,4,other_cyberbullying,other_cyberbullying,False
10384,4,4,other_cyberbullying,other_cyberbullying,False
10385,4,4,other_cyberbullying,other_cyberbullying,False
10389,4,3,other_cyberbullying,not_cyberbullying,True
10393,4,2,other_cyberbullying,gender,True
10395,4,3,other_cyberbullying,not_cyberbullying,True
10399,4,4,other_cyberbullying,other_cyberbullying,False
10415,4,4,other_cyberbullying,other_cyberbullying,False
10417,4,4,other_cyberbullying,other_cyberbullying,False
10418,4,3,other_cyberbullying,not_cyberbullying,True
10421,4,4,other_cyberbullying,other_cyberbullying,False
10422,4,4,other_cyberbullying,other_cyberbullying,False
10435,4,4,other_cyberbullying,other_cyberbullying,False
10436,4,4,other_cyberbullying,other_cyberbullying,False
10437,4,4,other_cyberbullying,other_cyberbullying,False
10439,4,4,other_cyberbullying,other_cyberbullying,False
10447,4,4,other_cyberbullying,other_cyberbullying,False
10460,4,4,other_cyberbullying,other_cyberbullying,False
10462,4,4,other_cyberbullying,other_cyberbullying,False
10464,4,0,other_cyberbullying,age,True
10467,4,4,other_cyberbullying,other_cyberbullying,False
10478,4,2,other_cyberbullying,gender,True
10490,4,4,other_cyberbullying,other_cyberbullying,False
10495,4,4,other_cyberbullying,other_cyberbullying,False
10498,4,4,other_cyberbullying,other_cyberbullying,False
10504,4,4,other_cyberbullying,other_cyberbullying,False
10505,4,4,other_cyberbullying,other_cyberbullying,False
10509,4,4,other_cyberbullying,other_cyberbullying,False
10511,4,4,other_cyberbullying,other_cyberbullying,False
10514,4,4,other_cyberbullying,other_cyberbullying,False
10525,4,3,other_cyberbullying,not_cyberbullying,True
10527,4,4,other_cyberbullying,other_cyberbullying,False
10530,4,4,other_cyberbullying,other_cyberbullying,False
10532,4,4,other_cyberbullying,other_cyberbullying,False
10537,4,4,other_cyberbullying,other_cyberbullying,False
10541,4,4,other_cyberbullying,other_cyberbullying,False
10554,4,4,other_cyberbullying,other_cyberbullying,False
10559,4,4,other_cyberbullying,other_cyberbullying,False
10560,4,4,other_cyberbullying,other_cyberbullying,False
10563,4,4,other_cyberbullying,other_cyberbullying,False
10564,4,4,other_cyberbullying,other_cyberbullying,False
10566,4,4,other_cyberbullying,other_cyberbullying,False
10567,4,4,other_cyberbullying,other_cyberbullying,False
10574,4,4,other_cyberbullying,other_cyberbullying,False
10576,4,4,other_cyberbullying,other_cyberbullying,False
10582,4,4,other_cyberbullying,other_cyberbullying,False
10583,4,4,other_cyberbullying,other_cyberbullying,False
10584,4,4,other_cyberbullying,other_cyberbullying,False
10596,4,4,other_cyberbullying,other_cyberbullying,False
10599,4,2,other_cyberbullying,gender,True
10600,4,2,other_cyberbullying,gender,True
10602,4,4,other_cyberbullying,other_cyberbullying,False
10605,4,4,other_cyberbullying,other_cyberbullying,False
10607,4,3,other_cyberbullying,not_cyberbullying,True
10626,4,4,other_cyberbullying,other_cyberbullying,False
10630,4,4,other_cyberbullying,other_cyberbullying,False
10637,4,4,other_cyberbullying,other_cyberbullying,False
10642,4,4,other_cyberbullying,other_cyberbullying,False
10643,4,3,other_cyberbullying,not_cyberbullying,True
10652,4,4,other_cyberbullying,other_cyberbullying,False
10656,4,4,other_cyberbullying,other_cyberbullying,False
10657,4,4,other_cyberbullying,other_cyberbullying,False
10661,4,4,other_cyberbullying,other_cyberbullying,False
10662,4,4,other_cyberbullying,other_cyberbullying,False
10666,4,4,other_cyberbullying,other_cyberbullying,False
10669,4,3,other_cyberbullying,not_cyberbullying,True
10674,4,4,other_cyberbullying,other_cyberbullying,False
10676,4,0,other_cyberbullying,age,True
10678,4,3,other_cyberbullying,not_cyberbullying,True
10682,4,4,other_cyberbullying,other_cyberbullying,False
10688,4,4,other_cyberbullying,other_cyberbullying,False
10697,4,4,other_cyberbullying,other_cyberbullying,False
10708,4,4,other_cyberbullying,other_cyberbullying,False
10712,4,4,other_cyberbullying,other_cyberbullying,False
10714,4,4,other_cyberbullying,other_cyberbullying,False
10715,4,4,other_cyberbullying,other_cyberbullying,False
10719,4,4,other_cyberbullying,other_cyberbullying,False
10726,4,4,other_cyberbullying,other_cyberbullying,False
10729,4,4,other_cyberbullying,other_cyberbullying,False
10731,4,4,other_cyberbullying,other_cyberbullying,False
10732,4,4,other_cyberbullying,other_cyberbullying,False
10735,4,4,other_cyberbullying,other_cyberbullying,False
10741,4,4,other_cyberbullying,other_cyberbullying,False
10743,4,4,other_cyberbullying,other_cyberbullying,False
10744,4,4,other_cyberbullying,other_cyberbullying,False
10750,4,4,other_cyberbullying,other_cyberbullying,False
10752,4,4,other_cyberbullying,other_cyberbullying,False
10755,4,4,other_cyberbullying,other_cyberbullying,False
10757,4,3,other_cyberbullying,not_cyberbullying,True
10760,4,3,other_cyberbullying,not_cyberbullying,True
10767,4,3,other_cyberbullying,not_cyberbullying,True
10785,4,4,other_cyberbullying,other_cyberbullying,False
10788,4,3,other_cyberbullying,not_cyberbullying,True
10790,4,4,other_cyberbullying,other_cyberbullying,False
10791,4,4,other_cyberbullying,other_cyberbullying,False
10792,4,3,other_cyberbullying,not_cyberbullying,True
10796,4,4,other_cyberbullying,other_cyberbullying,False
10805,4,3,other_cyberbullying,not_cyberbullying,True
10807,4,3,other_cyberbullying,not_cyberbullying,True
10810,4,4,other_cyberbullying,other_cyberbullying,False
10824,4,4,other_cyberbullying,other_cyberbullying,False
10836,4,3,other_cyberbullying,not_cyberbullying,True
10839,4,4,other_cyberbullying,other_cyberbullying,False
10846,4,4,other_cyberbullying,other_cyberbullying,False
10849,4,2,other_cyberbullying,gender,True
10852,4,2,other_cyberbullying,gender,True
10857,4,4,other_cyberbullying,other_cyberbullying,False
10863,4,4,other_cyberbullying,other_cyberbullying,False
10869,4,2,other_cyberbullying,gender,True
10874,4,4,other_cyberbullying,other_cyberbullying,False
10875,4,4,other_cyberbullying,other_cyberbullying,False
10882,4,4,other_cyberbullying,other_cyberbullying,False
10891,4,4,other_cyberbullying,other_cyberbullying,False
10899,4,3,other_cyberbullying,not_cyberbullying,True
10903,4,4,other_cyberbullying,other_cyberbullying,False
10904,4,4,other_cyberbullying,other_cyberbullying,False
10917,4,4,other_cyberbullying,other_cyberbullying,False
10920,4,3,other_cyberbullying,not_cyberbullying,True
10922,4,4,other_cyberbullying,other_cyberbullying,False
10931,4,4,other_cyberbullying,other_cyberbullying,False
10933,4,4,other_cyberbullying,other_cyberbullying,False
10934,4,4,other_cyberbullying,other_cyberbullying,False
10935,4,4,other_cyberbullying,other_cyberbullying,False
10937,4,4,other_cyberbullying,other_cyberbullying,False
10938,4,4,other_cyberbullying,other_cyberbullying,False
10939,4,4,other_cyberbullying,other_cyberbullying,False
10940,4,4,other_cyberbullying,other_cyberbullying,False
10942,4,4,other_cyberbullying,other_cyberbullying,False
10950,4,4,other_cyberbullying,other_cyberbullying,False
10953,4,4,other_cyberbullying,other_cyberbullying,False
10961,4,2,other_cyberbullying,gender,True
10963,4,4,other_cyberbullying,other_cyberbullying,False
10965,4,4,other_cyberbullying,other_cyberbullying,False
10966,4,2,other_cyberbullying,gender,True
10968,4,2,other_cyberbullying,gender,True
10972,4,4,other_cyberbullying,other_cyberbullying,False
10975,4,4,other_cyberbullying,other_cyberbullying,False
10980,4,2,other_cyberbullying,gender,True
10981,4,4,other_cyberbullying,other_cyberbullying,False
10984,4,4,other_cyberbullying,other_cyberbullying,False
10987,4,4,other_cyberbullying,other_cyberbullying,False
10997,4,3,other_cyberbullying,not_cyberbullying,True
10999,4,4,other_cyberbullying,other_cyberbullying,False
11002,4,0,other_cyberbullying,age,True
11016,4,3,other_cyberbullying,not_cyberbullying,True
11017,4,4,other_cyberbullying,other_cyberbullying,False
11024,4,3,other_cyberbullying,not_cyberbullying,True
11028,4,3,other_cyberbullying,not_cyberbullying,True
11029,4,4,other_cyberbullying,other_cyberbullying,False
11031,4,4,other_cyberbullying,other_cyberbullying,False
11041,4,4,other_cyberbullying,other_cyberbullying,False
11058,4,4,other_cyberbullying,other_cyberbullying,False
11068,4,4,other_cyberbullying,other_cyberbullying,False
11073,4,2,other_cyberbullying,gender,True
11081,4,4,other_cyberbullying,other_cyberbullying,False
11082,4,4,other_cyberbullying,other_cyberbullying,False
11084,4,4,other_cyberbullying,other_cyberbullying,False
11088,4,4,other_cyberbullying,other_cyberbullying,False
11095,4,4,other_cyberbullying,other_cyberbullying,False
11096,4,4,other_cyberbullying,other_cyberbullying,False
11098,4,4,other_cyberbullying,other_cyberbullying,False
11100,4,4,other_cyberbullying,other_cyberbullying,False
11103,4,3,other_cyberbullying,not_cyberbullying,True
11108,4,4,other_cyberbullying,other_cyberbullying,False
11110,4,4,other_cyberbullying,other_cyberbullying,False
11114,4,4,other_cyberbullying,other_cyberbullying,False
11121,4,3,other_cyberbullying,not_cyberbullying,True
11124,4,4,other_cyberbullying,other_cyberbullying,False
11132,4,4,other_cyberbullying,other_cyberbullying,False
11145,4,2,other_cyberbullying,gender,True
11156,4,4,other_cyberbullying,other_cyberbullying,False
11163,4,4,other_cyberbullying,other_cyberbullying,False
11167,4,4,other_cyberbullying,other_cyberbullying,False
11169,4,4,other_cyberbullying,other_cyberbullying,False
11170,4,4,other_cyberbullying,other_cyberbullying,False
11179,4,4,other_cyberbullying,other_cyberbullying,False
11190,4,4,other_cyberbullying,other_cyberbullying,False
11191,4,2,other_cyberbullying,gender,True
11194,4,4,other_cyberbullying,other_cyberbullying,False
11196,4,4,other_cyberbullying,other_cyberbullying,False
11202,4,4,other_cyberbullying,other_cyberbullying,False
11205,4,4,other_cyberbullying,other_cyberbullying,False
11215,4,4,other_cyberbullying,other_cyberbullying,False
11216,4,3,other_cyberbullying,not_cyberbullying,True
11218,4,4,other_cyberbullying,other_cyberbullying,False
11226,4,4,other_cyberbullying,other_cyberbullying,False
11227,4,4,other_cyberbullying,other_cyberbullying,False
11229,4,4,other_cyberbullying,other_cyberbullying,False
11236,4,4,other_cyberbullying,other_cyberbullying,False
11237,4,4,other_cyberbullying,other_cyberbullying,False
11241,4,4,other_cyberbullying,other_cyberbullying,False
11242,4,3,other_cyberbullying,not_cyberbullying,True
11244,4,4,other_cyberbullying,other_cyberbullying,False
11252,4,4,other_cyberbullying,other_cyberbullying,False
11261,4,4,other_cyberbullying,other_cyberbullying,False
11270,4,4,other_cyberbullying,other_cyberbullying,False
11290,4,4,other_cyberbullying,other_cyberbullying,False
11294,4,4,other_cyberbullying,other_cyberbullying,False
11296,4,4,other_cyberbullying,other_cyberbullying,False
11298,4,4,other_cyberbullying,other_cyberbullying,False
11299,4,4,other_cyberbullying,other_cyberbullying,False
11307,4,4,other_cyberbullying,other_cyberbullying,False
11308,4,4,other_cyberbullying,other_cyberbullying,False
11312,4,4,other_cyberbullying,other_cyberbullying,False
11318,4,4,other_cyberbullying,other_cyberbullying,False
11327,4,4,other_cyberbullying,other_cyberbullying,False
11333,4,4,other_cyberbullying,other_cyberbullying,False
11342,4,4,other_cyberbullying,other_cyberbullying,False
11349,4,4,other_cyberbullying,other_cyberbullying,False
11356,4,2,other_cyberbullying,gender,True
11359,4,4,other_cyberbullying,other_cyberbullying,False
11382,4,4,other_cyberbullying,other_cyberbullying,False
11386,4,4,other_cyberbullying,other_cyberbullying,False
11390,4,4,other_cyberbullying,other_cyberbullying,False
11393,4,4,other_cyberbullying,other_cyberbullying,False
11394,4,4,other_cyberbullying,other_cyberbullying,False
11398,4,4,other_cyberbullying,other_cyberbullying,False
11401,4,4,other_cyberbullying,other_cyberbullying,False
11404,4,4,other_cyberbullying,other_cyberbullying,False
11406,4,4,other_cyberbullying,other_cyberbullying,False
11407,4,4,other_cyberbullying,other_cyberbullying,False
11425,4,4,other_cyberbullying,other_cyberbullying,False
11428,4,2,other_cyberbullying,gender,True
11437,4,4,other_cyberbullying,other_cyberbullying,False
11441,4,4,other_cyberbullying,other_cyberbullying,False
11446,4,4,other_cyberbullying,other_cyberbullying,False
11449,4,3,other_cyberbullying,not_cyberbullying,True
11450,4,4,other_cyberbullying,other_cyberbullying,False
11453,4,4,other_cyberbullying,other_cyberbullying,False
11462,4,4,other_cyberbullying,other_cyberbullying,False
11468,4,4,other_cyberbullying,other_cyberbullying,False
11476,4,4,other_cyberbullying,other_cyberbullying,False
11477,4,4,other_cyberbullying,other_cyberbullying,False
11485,4,3,other_cyberbullying,not_cyberbullying,True
11486,4,4,other_cyberbullying,other_cyberbullying,False
11489,4,4,other_cyberbullying,other_cyberbullying,False
11491,4,4,other_cyberbullying,other_cyberbullying,False
11503,4,4,other_cyberbullying,other_cyberbullying,False
11510,4,3,other_cyberbullying,not_cyberbullying,True
11511,4,4,other_cyberbullying,other_cyberbullying,False
11512,4,3,other_cyberbullying,not_cyberbullying,True
11525,4,4,other_cyberbullying,other_cyberbullying,False
11531,4,4,other_cyberbullying,other_cyberbullying,False
11533,4,4,other_cyberbullying,other_cyberbullying,False
11536,4,4,other_cyberbullying,other_cyberbullying,False
11542,4,4,other_cyberbullying,other_cyberbullying,False
11544,4,3,other_cyberbullying,not_cyberbullying,True
11546,4,3,other_cyberbullying,not_cyberbullying,True
11547,4,4,other_cyberbullying,other_cyberbullying,False
11557,4,4,other_cyberbullying,other_cyberbullying,False
11569,4,4,other_cyberbullying,other_cyberbullying,False
11571,4,4,other_cyberbullying,other_cyberbullying,False
11572,4,4,other_cyberbullying,other_cyberbullying,False
11575,4,4,other_cyberbullying,other_cyberbullying,False
11576,4,4,other_cyberbullying,other_cyberbullying,False
11582,4,4,other_cyberbullying,other_cyberbullying,False
11591,4,4,other_cyberbullying,other_cyberbullying,False
11594,4,4,other_cyberbullying,other_cyberbullying,False
11595,4,2,other_cyberbullying,gender,True
11606,4,4,other_cyberbullying,other_cyberbullying,False
11613,4,4,other_cyberbullying,other_cyberbullying,False
11617,4,4,other_cyberbullying,other_cyberbullying,False
11619,4,4,other_cyberbullying,other_cyberbullying,False
11633,4,4,other_cyberbullying,other_cyberbullying,False
11635,4,3,other_cyberbullying,not_cyberbullying,True
11646,4,4,other_cyberbullying,other_cyberbullying,False
11647,4,3,other_cyberbullying,not_cyberbullying,True
11650,4,3,other_cyberbullying,not_cyberbullying,True
11653,4,0,other_cyberbullying,age,True
11655,4,4,other_cyberbullying,other_cyberbullying,False
11658,4,2,other_cyberbullying,gender,True
11665,4,4,other_cyberbullying,other_cyberbullying,False
11666,4,2,other_cyberbullying,gender,True
11675,4,4,other_cyberbullying,other_cyberbullying,False
11678,4,4,other_cyberbullying,other_cyberbullying,False
11685,4,3,other_cyberbullying,not_cyberbullying,True
11687,4,4,other_cyberbullying,other_cyberbullying,False
11689,4,4,other_cyberbullying,other_cyberbullying,False
11692,4,4,other_cyberbullying,other_cyberbullying,False
11697,4,4,other_cyberbullying,other_cyberbullying,False
11698,4,4,other_cyberbullying,other_cyberbullying,False
11700,4,2,other_cyberbullying,gender,True
11713,4,4,other_cyberbullying,other_cyberbullying,False
11714,4,4,other_cyberbullying,other_cyberbullying,False
11733,4,4,other_cyberbullying,other_cyberbullying,False
11738,4,4,other_cyberbullying,other_cyberbullying,False
11750,4,4,other_cyberbullying,other_cyberbullying,False
11757,4,4,other_cyberbullying,other_cyberbullying,False
11765,0,0,age,age,False
11766,0,0,age,age,False
11767,0,0,age,age,False
11771,0,0,age,age,False
11778,0,0,age,age,False
11796,0,0,age,age,False
11816,0,0,age,age,False
11817,0,0,age,age,False
11826,0,0,age,age,False
11828,0,0,age,age,False
11839,0,0,age,age,False
11856,0,0,age,age,False
11860,0,0,age,age,False
11876,0,0,age,age,False
11878,0,0,age,age,False
11879,0,0,age,age,False
11881,0,0,age,age,False
11887,0,0,age,age,False
11888,0,0,age,age,False
11889,0,0,age,age,False
11892,0,0,age,age,False
11895,0,0,age,age,False
11899,0,0,age,age,False
11905,0,0,age,age,False
11908,0,0,age,age,False
11916,0,0,age,age,False
11922,0,0,age,age,False
11923,0,0,age,age,False
11926,0,0,age,age,False
11951,0,0,age,age,False
11952,0,0,age,age,False
11959,0,0,age,age,False
11962,0,0,age,age,False
11963,0,0,age,age,False
11964,0,0,age,age,False
11968,0,0,age,age,False
11985,0,3,age,not_cyberbullying,True
11986,0,0,age,age,False
11987,0,0,age,age,False
11994,0,0,age,age,False
11997,0,0,age,age,False
12003,0,0,age,age,False
12004,0,0,age,age,False
12011,0,0,age,age,False
12015,0,0,age,age,False
12017,0,0,age,age,False
12022,0,0,age,age,False
12024,0,0,age,age,False
12042,0,0,age,age,False
12047,0,0,age,age,False
12063,0,0,age,age,False
12064,0,0,age,age,False
12082,0,0,age,age,False
12089,0,0,age,age,False
12097,0,0,age,age,False
12099,0,0,age,age,False
12103,0,0,age,age,False
12107,0,0,age,age,False
12119,0,4,age,other_cyberbullying,True
12124,0,0,age,age,False
12126,0,0,age,age,False
12137,0,0,age,age,False
12141,0,0,age,age,False
12146,0,0,age,age,False
12147,0,0,age,age,False
12150,0,0,age,age,False
12153,0,0,age,age,False
12157,0,0,age,age,False
12166,0,0,age,age,False
12174,0,0,age,age,False
12179,0,0,age,age,False
12181,0,0,age,age,False
12217,0,0,age,age,False
12228,0,0,age,age,False
12229,0,0,age,age,False
12232,0,0,age,age,False
12236,0,0,age,age,False
12239,0,4,age,other_cyberbullying,True
12250,0,0,age,age,False
12254,0,0,age,age,False
12261,0,0,age,age,False
12264,0,0,age,age,False
12266,0,0,age,age,False
12272,0,0,age,age,False
12274,0,0,age,age,False
12275,0,0,age,age,False
12285,0,0,age,age,False
12286,0,0,age,age,False
12287,0,0,age,age,False
12298,0,0,age,age,False
12299,0,0,age,age,False
12301,0,0,age,age,False
12321,0,0,age,age,False
12324,0,0,age,age,False
12325,0,0,age,age,False
12331,0,0,age,age,False
12336,0,0,age,age,False
12342,0,0,age,age,False
12357,0,0,age,age,False
12362,0,0,age,age,False
12365,0,0,age,age,False
12368,0,0,age,age,False
12370,0,0,age,age,False
12378,0,0,age,age,False
12385,0,0,age,age,False
12397,0,0,age,age,False
12400,0,0,age,age,False
12407,0,0,age,age,False
12408,0,0,age,age,False
12421,0,0,age,age,False
12425,0,0,age,age,False
12428,0,0,age,age,False
12429,0,0,age,age,False
12433,0,0,age,age,False
12435,0,0,age,age,False
12437,0,0,age,age,False
12450,0,0,age,age,False
12460,0,0,age,age,False
12461,0,3,age,not_cyberbullying,True
12471,0,0,age,age,False
12475,0,0,age,age,False
12478,0,0,age,age,False
12479,0,0,age,age,False
12484,0,0,age,age,False
12485,0,0,age,age,False
12490,0,0,age,age,False
12494,0,0,age,age,False
12502,0,0,age,age,False
12515,0,0,age,age,False
12522,0,0,age,age,False
12528,0,0,age,age,False
12530,0,0,age,age,False
12531,0,0,age,age,False
12532,0,0,age,age,False
12536,0,0,age,age,False
12537,0,0,age,age,False
12546,0,0,age,age,False
12555,0,0,age,age,False
12559,0,0,age,age,False
12566,0,0,age,age,False
12576,0,0,age,age,False
12577,0,0,age,age,False
12584,0,0,age,age,False
12585,0,0,age,age,False
12587,0,0,age,age,False
12589,0,0,age,age,False
12592,0,0,age,age,False
12594,0,0,age,age,False
12608,0,0,age,age,False
12613,0,0,age,age,False
12615,0,0,age,age,False
12616,0,0,age,age,False
12622,0,0,age,age,False
12625,0,0,age,age,False
12632,0,0,age,age,False
12634,0,0,age,age,False
12638,0,0,age,age,False
12640,0,0,age,age,False
12656,0,0,age,age,False
12657,0,0,age,age,False
12661,0,0,age,age,False
12663,0,0,age,age,False
12676,0,0,age,age,False
12680,0,0,age,age,False
12681,0,0,age,age,False
12684,0,0,age,age,False
12686,0,0,age,age,False
12690,0,0,age,age,False
12705,0,0,age,age,False
12708,0,0,age,age,False
12712,0,0,age,age,False
12713,0,0,age,age,False
12715,0,0,age,age,False
12716,0,0,age,age,False
12718,0,0,age,age,False
12721,0,0,age,age,False
12728,0,0,age,age,False
12733,0,0,age,age,False
12737,0,0,age,age,False
12742,0,0,age,age,False
12746,0,0,age,age,False
12751,0,0,age,age,False
12753,0,0,age,age,False
12754,0,0,age,age,False
12757,0,0,age,age,False
12774,0,0,age,age,False
12777,0,0,age,age,False
12778,0,0,age,age,False
12783,0,0,age,age,False
12790,0,0,age,age,False
12807,0,0,age,age,False
12821,0,0,age,age,False
12822,0,0,age,age,False
12824,0,0,age,age,False
12825,0,0,age,age,False
12827,0,0,age,age,False
12828,0,0,age,age,False
12831,0,0,age,age,False
12838,0,0,age,age,False
12839,0,0,age,age,False
12843,0,0,age,age,False
12844,0,0,age,age,False
12880,0,0,age,age,False
12882,0,0,age,age,False
12884,0,0,age,age,False
12901,0,0,age,age,False
12903,0,0,age,age,False
12907,0,0,age,age,False
12909,0,0,age,age,False
12910,0,0,age,age,False
12912,0,0,age,age,False
12916,0,0,age,age,False
12917,0,0,age,age,False
12918,0,0,age,age,False
12922,0,0,age,age,False
12928,0,0,age,age,False
12929,0,0,age,age,False
12931,0,0,age,age,False
12946,0,0,age,age,False
12953,0,0,age,age,False
12964,0,0,age,age,False
12967,0,0,age,age,False
12976,0,0,age,age,False
12979,0,0,age,age,False
12980,0,0,age,age,False
13005,0,0,age,age,False
13010,0,0,age,age,False
13012,0,0,age,age,False
13014,0,0,age,age,False
13016,0,0,age,age,False
13018,0,0,age,age,False
13029,0,0,age,age,False
13037,0,0,age,age,False
13038,0,0,age,age,False
13044,0,0,age,age,False
13053,0,0,age,age,False
13058,0,4,age,other_cyberbullying,True
13062,0,0,age,age,False
13068,0,0,age,age,False
13070,0,0,age,age,False
13073,0,0,age,age,False
13074,0,0,age,age,False
13076,0,0,age,age,False
13080,0,0,age,age,False
13086,0,0,age,age,False
13091,0,0,age,age,False
13093,0,0,age,age,False
13094,0,0,age,age,False
13104,0,0,age,age,False
13110,0,0,age,age,False
13115,0,0,age,age,False
13120,0,0,age,age,False
13125,0,0,age,age,False
13127,0,0,age,age,False
13131,0,0,age,age,False
13146,0,0,age,age,False
13150,0,0,age,age,False
13158,0,0,age,age,False
13171,0,0,age,age,False
13207,0,0,age,age,False
13222,0,0,age,age,False
13232,0,0,age,age,False
13240,0,0,age,age,False
13243,0,0,age,age,False
13246,0,0,age,age,False
13255,0,0,age,age,False
13257,0,0,age,age,False
13262,0,0,age,age,False
13278,0,0,age,age,False
13289,0,0,age,age,False
13290,0,0,age,age,False
13291,0,0,age,age,False
13293,0,0,age,age,False
13302,0,0,age,age,False
13304,0,0,age,age,False
13330,0,3,age,not_cyberbullying,True
13332,0,0,age,age,False
13333,0,0,age,age,False
13335,0,0,age,age,False
13336,0,0,age,age,False
13343,0,0,age,age,False
13347,0,0,age,age,False
13359,0,0,age,age,False
13365,0,0,age,age,False
13366,0,0,age,age,False
13367,0,0,age,age,False
13381,0,0,age,age,False
13387,0,0,age,age,False
13393,0,0,age,age,False
13395,0,0,age,age,False
13397,0,0,age,age,False
13398,0,0,age,age,False
13401,0,0,age,age,False
13407,0,0,age,age,False
13408,0,0,age,age,False
13410,0,0,age,age,False
13425,0,0,age,age,False
13426,0,0,age,age,False
13430,0,0,age,age,False
13435,0,0,age,age,False
13440,0,0,age,age,False
13441,0,0,age,age,False
13442,0,0,age,age,False
13444,0,0,age,age,False
13447,0,0,age,age,False
13448,0,0,age,age,False
13449,0,0,age,age,False
13455,0,0,age,age,False
13458,0,0,age,age,False
13469,0,0,age,age,False
13477,0,0,age,age,False
13481,0,0,age,age,False
13484,0,0,age,age,False
13486,0,0,age,age,False
13495,0,0,age,age,False
13496,0,0,age,age,False
13515,0,0,age,age,False
13519,0,0,age,age,False
13521,0,0,age,age,False
13523,0,0,age,age,False
13554,0,0,age,age,False
13556,0,0,age,age,False
13564,0,0,age,age,False
13568,0,0,age,age,False
13572,0,0,age,age,False
13578,0,0,age,age,False
13581,0,0,age,age,False
13585,0,0,age,age,False
13586,0,0,age,age,False
13589,0,0,age,age,False
13590,0,0,age,age,False
13596,0,0,age,age,False
13600,0,0,age,age,False
13603,0,0,age,age,False
13605,0,0,age,age,False
13610,0,0,age,age,False
13614,0,0,age,age,False
13615,0,0,age,age,False
13616,0,0,age,age,False
13618,0,0,age,age,False
13619,0,0,age,age,False
13625,0,0,age,age,False
13627,0,0,age,age,False
13649,0,0,age,age,False
13657,0,0,age,age,False
13661,0,0,age,age,False
13663,0,0,age,age,False
13668,0,0,age,age,False
13670,0,0,age,age,False
13679,0,0,age,age,False
13682,0,0,age,age,False
13692,0,0,age,age,False
13693,0,0,age,age,False
13706,0,0,age,age,False
13717,0,0,age,age,False
13720,0,0,age,age,False
13721,0,0,age,age,False
13730,0,0,age,age,False
13731,0,0,age,age,False
13732,0,0,age,age,False
13737,0,0,age,age,False
13738,0,0,age,age,False
13743,0,0,age,age,False
13744,0,0,age,age,False
13746,0,0,age,age,False
13748,0,0,age,age,False
13752,0,0,age,age,False
13756,0,0,age,age,False
13758,0,0,age,age,False
13759,0,0,age,age,False
13760,0,0,age,age,False
13762,0,0,age,age,False
13779,0,0,age,age,False
13788,0,0,age,age,False
13789,0,0,age,age,False
13797,0,0,age,age,False
13800,0,0,age,age,False
13801,0,0,age,age,False
13803,0,0,age,age,False
13809,0,0,age,age,False
13810,0,0,age,age,False
13811,0,0,age,age,False
13817,0,0,age,age,False
13818,0,0,age,age,False
13822,0,0,age,age,False
13823,0,0,age,age,False
13824,0,0,age,age,False
13827,0,0,age,age,False
13832,0,0,age,age,False
13837,0,0,age,age,False
13841,0,0,age,age,False
13843,0,0,age,age,False
13844,0,0,age,age,False
13867,0,0,age,age,False
13878,0,0,age,age,False
13884,0,0,age,age,False
13887,0,0,age,age,False
13890,0,0,age,age,False
13898,0,0,age,age,False
13903,0,0,age,age,False
13905,0,0,age,age,False
13912,0,0,age,age,False
13913,0,0,age,age,False
13914,0,0,age,age,False
13918,0,0,age,age,False
13920,0,0,age,age,False
13922,0,0,age,age,False
13923,0,0,age,age,False
13927,0,0,age,age,False
13942,0,0,age,age,False
13950,0,0,age,age,False
13952,0,0,age,age,False
13954,0,0,age,age,False
13955,0,0,age,age,False
13960,0,0,age,age,False
13962,0,0,age,age,False
13965,0,0,age,age,False
13966,0,0,age,age,False
13967,0,0,age,age,False
13976,0,0,age,age,False
13981,0,0,age,age,False
13999,0,0,age,age,False
14005,0,0,age,age,False
14017,0,0,age,age,False
14023,0,0,age,age,False
14024,0,0,age,age,False
14027,0,0,age,age,False
14040,0,3,age,not_cyberbullying,True
14048,0,0,age,age,False
14056,0,0,age,age,False
14058,0,0,age,age,False
14062,0,0,age,age,False
14086,0,0,age,age,False
14088,0,0,age,age,False
14089,0,0,age,age,False
14094,0,0,age,age,False
14098,0,0,age,age,False
14105,0,0,age,age,False
14111,0,0,age,age,False
14124,0,0,age,age,False
14125,0,0,age,age,False
14130,0,0,age,age,False
14133,0,0,age,age,False
14138,0,0,age,age,False
14147,0,0,age,age,False
14148,0,0,age,age,False
14153,0,0,age,age,False
14155,0,0,age,age,False
14159,0,0,age,age,False
14189,0,0,age,age,False
14195,0,0,age,age,False
14197,0,0,age,age,False
14205,0,0,age,age,False
14206,0,0,age,age,False
14211,0,0,age,age,False
14216,0,0,age,age,False
14217,0,0,age,age,False
14234,0,0,age,age,False
14241,0,0,age,age,False
14244,0,0,age,age,False
14247,0,0,age,age,False
14251,0,0,age,age,False
14252,0,0,age,age,False
14253,0,0,age,age,False
14264,0,0,age,age,False
14266,0,0,age,age,False
14270,0,0,age,age,False
14273,0,0,age,age,False
14286,0,0,age,age,False
14299,0,0,age,age,False
14300,0,0,age,age,False
14301,0,0,age,age,False
14308,0,0,age,age,False
14313,0,0,age,age,False
14318,0,0,age,age,False
14319,0,0,age,age,False
14320,0,0,age,age,False
14322,0,0,age,age,False
14325,0,0,age,age,False
14327,0,0,age,age,False
14330,0,0,age,age,False
14352,0,0,age,age,False
14355,0,0,age,age,False
14357,0,0,age,age,False
14359,0,0,age,age,False
14374,0,0,age,age,False
14375,0,0,age,age,False
14378,0,0,age,age,False
14383,0,0,age,age,False
14387,0,0,age,age,False
14388,0,0,age,age,False
14397,0,0,age,age,False
14407,0,0,age,age,False
14422,0,0,age,age,False
14436,0,0,age,age,False
14437,0,0,age,age,False
14443,0,0,age,age,False
14452,0,0,age,age,False
14455,0,0,age,age,False
14457,0,0,age,age,False
14463,0,0,age,age,False
14465,0,0,age,age,False
14470,0,0,age,age,False
14471,0,0,age,age,False
14474,0,0,age,age,False
14475,0,0,age,age,False
14479,0,0,age,age,False
14486,0,0,age,age,False
14491,0,0,age,age,False
14492,0,0,age,age,False
14493,0,0,age,age,False
14495,0,0,age,age,False
14496,0,0,age,age,False
14497,0,0,age,age,False
14500,0,0,age,age,False
14501,0,0,age,age,False
14506,0,0,age,age,False
14507,0,0,age,age,False
14509,0,0,age,age,False
14518,0,0,age,age,False
14524,0,0,age,age,False
14528,0,0,age,age,False
14535,0,0,age,age,False
14536,0,0,age,age,False
14539,0,0,age,age,False
14541,0,0,age,age,False
14544,0,0,age,age,False
14545,0,0,age,age,False
14548,0,0,age,age,False
14552,0,0,age,age,False
14559,0,0,age,age,False
14568,0,0,age,age,False
14570,0,0,age,age,False
14573,0,0,age,age,False
14576,0,0,age,age,False
14578,0,0,age,age,False
14586,0,0,age,age,False
14593,0,0,age,age,False
14594,0,0,age,age,False
14600,0,0,age,age,False
14601,0,0,age,age,False
14611,0,0,age,age,False
14615,0,0,age,age,False
14623,0,0,age,age,False
14631,0,0,age,age,False
14632,0,0,age,age,False
14633,0,0,age,age,False
14634,0,0,age,age,False
14640,0,0,age,age,False
14650,0,0,age,age,False
14653,0,0,age,age,False
14658,0,0,age,age,False
14660,0,0,age,age,False
14663,0,0,age,age,False
14666,0,0,age,age,False
14673,0,0,age,age,False
14674,0,0,age,age,False
14676,0,0,age,age,False
14681,0,0,age,age,False
14685,0,0,age,age,False
14690,0,0,age,age,False
14693,0,0,age,age,False
14695,0,0,age,age,False
14697,0,0,age,age,False
14700,0,0,age,age,False
14709,0,0,age,age,False
14712,0,0,age,age,False
14718,0,0,age,age,False
14720,0,0,age,age,False
14721,0,0,age,age,False
14723,0,0,age,age,False
14727,0,0,age,age,False
14729,0,0,age,age,False
14737,0,0,age,age,False
14738,0,0,age,age,False
14744,0,0,age,age,False
14755,0,0,age,age,False
14761,0,0,age,age,False
14767,0,0,age,age,False
14771,0,0,age,age,False
14781,0,0,age,age,False
14792,0,0,age,age,False
14793,0,0,age,age,False
14799,0,0,age,age,False
14813,0,0,age,age,False
14816,0,0,age,age,False
14818,0,0,age,age,False
14819,0,0,age,age,False
14821,0,0,age,age,False
14822,0,0,age,age,False
14829,0,0,age,age,False
14830,0,0,age,age,False
14831,0,0,age,age,False
14834,0,0,age,age,False
14835,0,0,age,age,False
14841,0,0,age,age,False
14848,0,0,age,age,False
14849,0,0,age,age,False
14854,0,0,age,age,False
14861,0,4,age,other_cyberbullying,True
14866,0,0,age,age,False
14870,0,0,age,age,False
14872,0,0,age,age,False
14879,0,0,age,age,False
14880,0,0,age,age,False
14882,0,0,age,age,False
14884,0,0,age,age,False
14886,0,0,age,age,False
14898,0,0,age,age,False
14902,0,0,age,age,False
14903,0,0,age,age,False
14908,0,0,age,age,False
14909,0,0,age,age,False
14914,0,0,age,age,False
14918,0,0,age,age,False
14919,0,0,age,age,False
14932,0,0,age,age,False
14933,0,0,age,age,False
14937,0,0,age,age,False
14939,0,0,age,age,False
14945,0,0,age,age,False
14952,0,0,age,age,False
14953,0,0,age,age,False
14964,0,0,age,age,False
14967,0,0,age,age,False
14974,0,0,age,age,False
14981,0,1,age,ethnicity,True
14984,0,0,age,age,False
14990,0,0,age,age,False
14996,0,0,age,age,False
14998,0,0,age,age,False
15004,0,0,age,age,False
15013,0,0,age,age,False
15017,0,0,age,age,False
15023,0,0,age,age,False
15028,0,0,age,age,False
15029,0,0,age,age,False
15034,0,0,age,age,False
15040,0,0,age,age,False
15043,0,0,age,age,False
15045,0,0,age,age,False
15046,0,0,age,age,False
15049,0,0,age,age,False
15055,0,0,age,age,False
15056,0,0,age,age,False
15062,0,0,age,age,False
15063,0,0,age,age,False
15064,0,0,age,age,False
15066,0,0,age,age,False
15072,0,0,age,age,False
15076,0,0,age,age,False
15086,0,0,age,age,False
15087,0,0,age,age,False
15089,0,0,age,age,False
15092,0,0,age,age,False
15097,0,0,age,age,False
15104,0,0,age,age,False
15105,0,0,age,age,False
15107,0,0,age,age,False
15110,0,0,age,age,False
15116,0,0,age,age,False
15118,0,0,age,age,False
15129,0,0,age,age,False
15130,0,0,age,age,False
15131,0,0,age,age,False
15135,0,0,age,age,False
15136,0,0,age,age,False
15138,0,0,age,age,False
15147,0,0,age,age,False
15151,0,0,age,age,False
15153,0,0,age,age,False
15156,0,0,age,age,False
15159,0,0,age,age,False
15179,0,0,age,age,False
15181,0,0,age,age,False
15182,0,0,age,age,False
15183,0,0,age,age,False
15194,0,0,age,age,False
15198,0,0,age,age,False
15202,0,0,age,age,False
15206,0,0,age,age,False
15207,0,0,age,age,False
15208,0,0,age,age,False
15210,0,0,age,age,False
15211,0,0,age,age,False
15213,0,0,age,age,False
15214,0,0,age,age,False
15219,0,0,age,age,False
15223,0,0,age,age,False
15224,0,0,age,age,False
15227,0,0,age,age,False
15234,0,0,age,age,False
15236,0,0,age,age,False
15238,0,4,age,other_cyberbullying,True
15248,0,3,age,not_cyberbullying,True
15252,0,0,age,age,False
15257,0,3,age,not_cyberbullying,True
15260,0,0,age,age,False
15264,0,0,age,age,False
15268,0,0,age,age,False
15269,0,0,age,age,False
15272,0,0,age,age,False
15274,0,0,age,age,False
15276,0,0,age,age,False
15279,0,0,age,age,False
15284,0,0,age,age,False
15292,0,0,age,age,False
15293,0,0,age,age,False
15295,0,0,age,age,False
15308,0,0,age,age,False
15318,0,0,age,age,False
15323,0,0,age,age,False
15334,0,0,age,age,False
15339,0,0,age,age,False
15341,0,0,age,age,False
15343,0,0,age,age,False
15344,0,0,age,age,False
15346,0,0,age,age,False
15356,0,0,age,age,False
15358,0,0,age,age,False
15359,0,0,age,age,False
15362,0,0,age,age,False
15364,0,0,age,age,False
15389,0,0,age,age,False
15398,0,0,age,age,False
15399,0,0,age,age,False
15405,0,0,age,age,False
15406,0,0,age,age,False
15407,0,0,age,age,False
15434,0,0,age,age,False
15437,0,0,age,age,False
15439,0,0,age,age,False
15449,0,0,age,age,False
15457,0,0,age,age,False
15458,0,0,age,age,False
15463,0,0,age,age,False
15471,0,0,age,age,False
15475,0,0,age,age,False
15481,0,0,age,age,False
15485,0,0,age,age,False
15492,0,0,age,age,False
15497,0,0,age,age,False
15498,0,0,age,age,False
15505,0,0,age,age,False
15506,0,0,age,age,False
15508,0,0,age,age,False
15510,0,0,age,age,False
15518,0,0,age,age,False
15524,0,0,age,age,False
15525,0,0,age,age,False
15528,0,0,age,age,False
15531,0,0,age,age,False
15534,0,0,age,age,False
15537,0,0,age,age,False
15539,0,0,age,age,False
15553,0,0,age,age,False
15559,0,0,age,age,False
15560,0,0,age,age,False
15574,0,0,age,age,False
15580,0,0,age,age,False
15585,0,0,age,age,False
15602,0,0,age,age,False
15605,0,0,age,age,False
15609,0,0,age,age,False
15612,0,0,age,age,False
15613,0,0,age,age,False
15616,0,0,age,age,False
15625,0,0,age,age,False
15638,0,0,age,age,False
15646,0,0,age,age,False
15652,0,0,age,age,False
15662,0,0,age,age,False
15675,0,0,age,age,False
15685,0,0,age,age,False
15687,0,0,age,age,False
15705,0,0,age,age,False
15714,0,0,age,age,False
15724,0,0,age,age,False
15731,0,0,age,age,False
15736,0,0,age,age,False
15743,0,0,age,age,False
15745,0,0,age,age,False
15749,0,0,age,age,False
15753,0,0,age,age,False
15755,0,0,age,age,False
15762,0,0,age,age,False
15769,0,0,age,age,False
15776,0,0,age,age,False
15780,0,0,age,age,False
15783,0,0,age,age,False
15789,0,0,age,age,False
15791,0,0,age,age,False
15795,0,0,age,age,False
15804,0,0,age,age,False
15807,0,0,age,age,False
15819,0,0,age,age,False
15823,0,0,age,age,False
15826,0,0,age,age,False
15829,0,0,age,age,False
15832,0,0,age,age,False
15841,0,0,age,age,False
15852,0,0,age,age,False
15859,0,0,age,age,False
15868,0,0,age,age,False
15869,0,0,age,age,False
15877,0,0,age,age,False
15879,0,0,age,age,False
15882,0,0,age,age,False
15885,0,0,age,age,False
15893,0,0,age,age,False
15894,0,0,age,age,False
15896,0,0,age,age,False
15898,0,0,age,age,False
15900,0,0,age,age,False
15904,0,0,age,age,False
15905,0,0,age,age,False
15908,0,0,age,age,False
15912,0,0,age,age,False
15918,0,0,age,age,False
15920,0,0,age,age,False
15926,0,0,age,age,False
15932,0,0,age,age,False
15933,0,0,age,age,False
15937,0,0,age,age,False
15939,0,0,age,age,False
15940,0,0,age,age,False
15947,0,0,age,age,False
15948,0,0,age,age,False
15950,0,0,age,age,False
15953,0,0,age,age,False
15961,0,0,age,age,False
15964,0,0,age,age,False
15968,0,0,age,age,False
15970,0,0,age,age,False
15974,0,0,age,age,False
15980,0,0,age,age,False
15987,0,0,age,age,False
15989,0,0,age,age,False
15996,0,0,age,age,False
16004,0,0,age,age,False
16005,0,0,age,age,False
16011,0,0,age,age,False
16023,0,0,age,age,False
16030,0,0,age,age,False
16038,0,0,age,age,False
16039,0,0,age,age,False
16044,0,0,age,age,False
16047,0,0,age,age,False
16051,0,0,age,age,False
16059,0,0,age,age,False
16060,0,0,age,age,False
16062,0,0,age,age,False
16074,0,0,age,age,False
16086,0,0,age,age,False
16092,0,0,age,age,False
16103,0,0,age,age,False
16106,0,0,age,age,False
16122,0,0,age,age,False
16125,0,0,age,age,False
16126,0,0,age,age,False
16142,0,0,age,age,False
16151,0,3,age,not_cyberbullying,True
16170,0,0,age,age,False
16175,0,0,age,age,False
16177,0,0,age,age,False
16184,0,0,age,age,False
16187,0,0,age,age,False
16188,0,0,age,age,False
16191,0,0,age,age,False
16194,0,0,age,age,False
16195,0,0,age,age,False
16213,0,0,age,age,False
16214,0,0,age,age,False
16217,0,0,age,age,False
16227,0,0,age,age,False
16230,0,0,age,age,False
16231,0,0,age,age,False
16236,0,0,age,age,False
16247,0,0,age,age,False
16250,0,0,age,age,False
16253,0,0,age,age,False
16254,0,0,age,age,False
16255,0,0,age,age,False
16257,0,0,age,age,False
16258,0,0,age,age,False
16261,0,0,age,age,False
16276,0,0,age,age,False
16286,0,0,age,age,False
16292,0,0,age,age,False
16295,0,0,age,age,False
16304,0,0,age,age,False
16306,0,0,age,age,False
16309,0,0,age,age,False
16310,0,0,age,age,False
16313,0,0,age,age,False
16317,0,0,age,age,False
16327,0,0,age,age,False
16328,0,0,age,age,False
16331,0,0,age,age,False
16333,0,0,age,age,False
16342,0,0,age,age,False
16345,0,0,age,age,False
16354,0,0,age,age,False
16360,0,0,age,age,False
16373,0,0,age,age,False
16374,0,0,age,age,False
16375,0,0,age,age,False
16383,0,0,age,age,False
16389,0,0,age,age,False
16394,0,0,age,age,False
16398,0,0,age,age,False
16399,0,0,age,age,False
16404,0,0,age,age,False
16408,0,0,age,age,False
16416,0,0,age,age,False
16420,0,0,age,age,False
16421,0,0,age,age,False
16424,0,0,age,age,False
16432,0,0,age,age,False
16435,0,0,age,age,False
16444,0,0,age,age,False
16461,0,0,age,age,False
16473,0,0,age,age,False
16480,0,0,age,age,False
16481,0,0,age,age,False
16482,0,0,age,age,False
16483,0,0,age,age,False
16485,0,0,age,age,False
16491,0,0,age,age,False
16497,0,0,age,age,False
16498,0,0,age,age,False
16499,0,0,age,age,False
16506,0,0,age,age,False
16510,0,0,age,age,False
16511,0,0,age,age,False
16514,0,0,age,age,False
16516,0,0,age,age,False
16519,0,0,age,age,False
16521,0,0,age,age,False
16539,0,0,age,age,False
16541,0,0,age,age,False
16542,0,0,age,age,False
16546,0,0,age,age,False
16547,0,0,age,age,False
16560,0,0,age,age,False
16561,0,0,age,age,False
16566,0,0,age,age,False
16567,0,0,age,age,False
16569,0,0,age,age,False
16571,0,0,age,age,False
16582,0,0,age,age,False
16583,0,0,age,age,False
16597,0,0,age,age,False
16605,0,0,age,age,False
16608,0,0,age,age,False
16611,0,0,age,age,False
16616,0,0,age,age,False
16620,0,0,age,age,False
16621,0,0,age,age,False
16631,0,0,age,age,False
16636,0,0,age,age,False
16637,0,0,age,age,False
16641,0,0,age,age,False
16649,0,0,age,age,False
16653,0,0,age,age,False
16654,0,0,age,age,False
16655,0,0,age,age,False
16660,0,3,age,not_cyberbullying,True
16672,0,0,age,age,False
16673,0,0,age,age,False
16678,0,0,age,age,False
16686,0,0,age,age,False
16687,0,0,age,age,False
16691,0,0,age,age,False
16693,0,0,age,age,False
16695,0,0,age,age,False
16700,0,0,age,age,False
16708,0,0,age,age,False
16710,0,0,age,age,False
16719,0,0,age,age,False
16726,0,0,age,age,False
16730,0,0,age,age,False
16734,0,0,age,age,False
16735,0,0,age,age,False
16738,0,0,age,age,False
16740,0,0,age,age,False
16742,0,4,age,other_cyberbullying,True
16754,0,0,age,age,False
16778,0,0,age,age,False
16786,0,0,age,age,False
16791,0,0,age,age,False
16798,0,0,age,age,False
16813,0,0,age,age,False
16814,0,0,age,age,False
16815,0,0,age,age,False
16818,0,0,age,age,False
16825,0,0,age,age,False
16830,0,0,age,age,False
16835,0,0,age,age,False
16850,0,0,age,age,False
16854,0,0,age,age,False
16866,0,4,age,other_cyberbullying,True
16877,0,0,age,age,False
16878,0,0,age,age,False
16886,0,0,age,age,False
16889,0,0,age,age,False
16893,0,0,age,age,False
16896,0,0,age,age,False
16900,0,0,age,age,False
16906,0,0,age,age,False
16909,0,0,age,age,False
16914,0,0,age,age,False
16920,0,0,age,age,False
16923,0,0,age,age,False
16924,0,0,age,age,False
16930,0,0,age,age,False
16931,0,0,age,age,False
16934,0,0,age,age,False
16935,0,0,age,age,False
16939,0,0,age,age,False
16940,0,0,age,age,False
16941,0,0,age,age,False
16946,0,0,age,age,False
16949,0,0,age,age,False
16950,0,0,age,age,False
16953,0,0,age,age,False
16958,0,0,age,age,False
16971,0,0,age,age,False
16973,0,0,age,age,False
16977,0,0,age,age,False
16978,0,0,age,age,False
16983,0,0,age,age,False
16984,0,0,age,age,False
16987,0,0,age,age,False
16988,0,0,age,age,False
16994,0,0,age,age,False
16997,0,0,age,age,False
16998,0,0,age,age,False
16999,0,0,age,age,False
17005,0,0,age,age,False
17009,0,0,age,age,False
17010,0,0,age,age,False
17011,0,0,age,age,False
17016,0,0,age,age,False
17020,0,0,age,age,False
17024,0,0,age,age,False
17026,0,0,age,age,False
17029,0,0,age,age,False
17030,0,0,age,age,False
17038,0,0,age,age,False
17041,0,3,age,not_cyberbullying,True
17049,0,0,age,age,False
17050,0,0,age,age,False
17055,0,0,age,age,False
17060,0,0,age,age,False
17062,0,0,age,age,False
17063,0,0,age,age,False
17067,0,0,age,age,False
17070,0,0,age,age,False
17071,0,0,age,age,False
17073,0,0,age,age,False
17076,0,0,age,age,False
17077,0,0,age,age,False
17085,0,0,age,age,False
17091,0,0,age,age,False
17096,0,0,age,age,False
17097,0,0,age,age,False
17103,0,0,age,age,False
17109,0,0,age,age,False
17115,0,0,age,age,False
17120,0,0,age,age,False
17126,0,0,age,age,False
17133,0,0,age,age,False
17134,0,0,age,age,False
17138,0,0,age,age,False
17140,0,0,age,age,False
17149,0,0,age,age,False
17152,0,0,age,age,False
17154,0,0,age,age,False
17155,0,0,age,age,False
17164,0,0,age,age,False
17168,0,0,age,age,False
17170,0,0,age,age,False
17181,0,0,age,age,False
17185,0,0,age,age,False
17190,0,0,age,age,False
17192,0,0,age,age,False
17194,0,0,age,age,False
17204,0,0,age,age,False
17212,0,0,age,age,False
17217,0,0,age,age,False
17225,0,0,age,age,False
17227,0,0,age,age,False
17241,0,0,age,age,False
17248,0,0,age,age,False
17251,0,0,age,age,False
17258,0,0,age,age,False
17266,0,0,age,age,False
17268,0,0,age,age,False
17272,0,0,age,age,False
17273,0,0,age,age,False
17275,0,0,age,age,False
17276,0,0,age,age,False
17279,0,0,age,age,False
17286,0,0,age,age,False
17292,0,0,age,age,False
17296,0,0,age,age,False
17297,0,0,age,age,False
17298,0,0,age,age,False
17301,0,0,age,age,False
17305,0,0,age,age,False
17310,0,0,age,age,False
17314,0,0,age,age,False
17317,0,0,age,age,False
17320,0,0,age,age,False
17330,0,0,age,age,False
17337,0,0,age,age,False
17338,0,0,age,age,False
17340,0,0,age,age,False
17343,0,0,age,age,False
17354,0,0,age,age,False
17357,0,0,age,age,False
17362,0,0,age,age,False
17373,0,0,age,age,False
17378,0,0,age,age,False
17380,0,3,age,not_cyberbullying,True
17381,0,0,age,age,False
17383,0,0,age,age,False
17389,0,0,age,age,False
17392,0,0,age,age,False
17398,0,0,age,age,False
17402,0,0,age,age,False
17410,0,0,age,age,False
17428,0,0,age,age,False
17437,0,0,age,age,False
17441,0,0,age,age,False
17445,0,0,age,age,False
17446,0,0,age,age,False
17447,0,0,age,age,False
17451,0,0,age,age,False
17455,0,0,age,age,False
17456,0,0,age,age,False
17465,0,0,age,age,False
17477,0,0,age,age,False
17478,0,0,age,age,False
17489,0,0,age,age,False
17491,0,0,age,age,False
17494,0,0,age,age,False
17496,0,0,age,age,False
17501,0,0,age,age,False
17512,0,0,age,age,False
17527,0,0,age,age,False
17529,0,0,age,age,False
17549,0,0,age,age,False
17550,0,0,age,age,False
17553,0,0,age,age,False
17556,0,0,age,age,False
17557,0,0,age,age,False
17568,0,0,age,age,False
17573,0,0,age,age,False
17584,0,0,age,age,False
17589,0,2,age,gender,True
17591,0,0,age,age,False
17597,0,0,age,age,False
17598,0,0,age,age,False
17606,0,0,age,age,False
17610,0,0,age,age,False
17622,0,0,age,age,False
17628,0,0,age,age,False
17633,0,0,age,age,False
17635,0,0,age,age,False
17640,0,0,age,age,False
17642,0,0,age,age,False
17649,0,0,age,age,False
17650,0,0,age,age,False
17652,0,0,age,age,False
17653,0,0,age,age,False
17656,0,0,age,age,False
17657,0,0,age,age,False
17659,0,0,age,age,False
17664,0,0,age,age,False
17666,0,0,age,age,False
17676,0,0,age,age,False
17685,0,0,age,age,False
17690,0,0,age,age,False
17691,0,0,age,age,False
17693,0,0,age,age,False
17700,0,0,age,age,False
17702,0,0,age,age,False
17705,0,0,age,age,False
17741,1,1,ethnicity,ethnicity,False
17742,1,1,ethnicity,ethnicity,False
17748,1,1,ethnicity,ethnicity,False
17758,1,1,ethnicity,ethnicity,False
17765,1,1,ethnicity,ethnicity,False
17771,1,1,ethnicity,ethnicity,False
17777,1,1,ethnicity,ethnicity,False
17780,1,1,ethnicity,ethnicity,False
17786,1,1,ethnicity,ethnicity,False
17792,1,1,ethnicity,ethnicity,False
17796,1,1,ethnicity,ethnicity,False
17798,1,1,ethnicity,ethnicity,False
17824,1,1,ethnicity,ethnicity,False
17829,1,1,ethnicity,ethnicity,False
17840,1,1,ethnicity,ethnicity,False
17843,1,1,ethnicity,ethnicity,False
17847,1,1,ethnicity,ethnicity,False
17856,1,1,ethnicity,ethnicity,False
17857,1,1,ethnicity,ethnicity,False
17859,1,1,ethnicity,ethnicity,False
17861,1,1,ethnicity,ethnicity,False
17866,1,1,ethnicity,ethnicity,False
17870,1,1,ethnicity,ethnicity,False
17884,1,1,ethnicity,ethnicity,False
17885,1,1,ethnicity,ethnicity,False
17888,1,1,ethnicity,ethnicity,False
17892,1,1,ethnicity,ethnicity,False
17902,1,1,ethnicity,ethnicity,False
17904,1,1,ethnicity,ethnicity,False
17906,1,1,ethnicity,ethnicity,False
17912,1,1,ethnicity,ethnicity,False
17922,1,1,ethnicity,ethnicity,False
17929,1,1,ethnicity,ethnicity,False
17930,1,1,ethnicity,ethnicity,False
17933,1,1,ethnicity,ethnicity,False
17934,1,1,ethnicity,ethnicity,False
17937,1,1,ethnicity,ethnicity,False
17939,1,1,ethnicity,ethnicity,False
17941,1,1,ethnicity,ethnicity,False
17942,1,1,ethnicity,ethnicity,False
17945,1,1,ethnicity,ethnicity,False
17954,1,1,ethnicity,ethnicity,False
17958,1,1,ethnicity,ethnicity,False
17978,1,1,ethnicity,ethnicity,False
17984,1,1,ethnicity,ethnicity,False
17985,1,1,ethnicity,ethnicity,False
17987,1,1,ethnicity,ethnicity,False
18007,1,3,ethnicity,not_cyberbullying,True
18008,1,1,ethnicity,ethnicity,False
18009,1,1,ethnicity,ethnicity,False
18010,1,1,ethnicity,ethnicity,False
18019,1,1,ethnicity,ethnicity,False
18026,1,1,ethnicity,ethnicity,False
18036,1,1,ethnicity,ethnicity,False
18038,1,1,ethnicity,ethnicity,False
18053,1,1,ethnicity,ethnicity,False
18058,1,1,ethnicity,ethnicity,False
18065,1,1,ethnicity,ethnicity,False
18080,1,1,ethnicity,ethnicity,False
18085,1,1,ethnicity,ethnicity,False
18087,1,1,ethnicity,ethnicity,False
18089,1,1,ethnicity,ethnicity,False
18092,1,1,ethnicity,ethnicity,False
18094,1,1,ethnicity,ethnicity,False
18096,1,1,ethnicity,ethnicity,False
18097,1,1,ethnicity,ethnicity,False
18100,1,1,ethnicity,ethnicity,False
18105,1,1,ethnicity,ethnicity,False
18128,1,1,ethnicity,ethnicity,False
18132,1,1,ethnicity,ethnicity,False
18133,1,1,ethnicity,ethnicity,False
18135,1,1,ethnicity,ethnicity,False
18139,1,1,ethnicity,ethnicity,False
18142,1,1,ethnicity,ethnicity,False
18146,1,1,ethnicity,ethnicity,False
18148,1,1,ethnicity,ethnicity,False
18152,1,1,ethnicity,ethnicity,False
18155,1,1,ethnicity,ethnicity,False
18157,1,1,ethnicity,ethnicity,False
18160,1,1,ethnicity,ethnicity,False
18164,1,1,ethnicity,ethnicity,False
18172,1,1,ethnicity,ethnicity,False
18177,1,1,ethnicity,ethnicity,False
18181,1,1,ethnicity,ethnicity,False
18183,1,1,ethnicity,ethnicity,False
18185,1,1,ethnicity,ethnicity,False
18192,1,1,ethnicity,ethnicity,False
18193,1,1,ethnicity,ethnicity,False
18194,1,1,ethnicity,ethnicity,False
18204,1,1,ethnicity,ethnicity,False
18206,1,1,ethnicity,ethnicity,False
18208,1,1,ethnicity,ethnicity,False
18212,1,1,ethnicity,ethnicity,False
18221,1,1,ethnicity,ethnicity,False
18226,1,1,ethnicity,ethnicity,False
18229,1,1,ethnicity,ethnicity,False
18231,1,1,ethnicity,ethnicity,False
18234,1,1,ethnicity,ethnicity,False
18241,1,1,ethnicity,ethnicity,False
18249,1,1,ethnicity,ethnicity,False
18259,1,1,ethnicity,ethnicity,False
18262,1,1,ethnicity,ethnicity,False
18263,1,1,ethnicity,ethnicity,False
18270,1,1,ethnicity,ethnicity,False
18275,1,1,ethnicity,ethnicity,False
18276,1,1,ethnicity,ethnicity,False
18279,1,1,ethnicity,ethnicity,False
18285,1,1,ethnicity,ethnicity,False
18287,1,1,ethnicity,ethnicity,False
18293,1,1,ethnicity,ethnicity,False
18301,1,1,ethnicity,ethnicity,False
18302,1,1,ethnicity,ethnicity,False
18307,1,1,ethnicity,ethnicity,False
18310,1,1,ethnicity,ethnicity,False
18324,1,1,ethnicity,ethnicity,False
18329,1,1,ethnicity,ethnicity,False
18330,1,1,ethnicity,ethnicity,False
18336,1,1,ethnicity,ethnicity,False
18340,1,1,ethnicity,ethnicity,False
18362,1,1,ethnicity,ethnicity,False
18366,1,1,ethnicity,ethnicity,False
18376,1,1,ethnicity,ethnicity,False
18393,1,1,ethnicity,ethnicity,False
18395,1,1,ethnicity,ethnicity,False
18398,1,1,ethnicity,ethnicity,False
18401,1,1,ethnicity,ethnicity,False
18403,1,1,ethnicity,ethnicity,False
18405,1,1,ethnicity,ethnicity,False
18412,1,1,ethnicity,ethnicity,False
18415,1,1,ethnicity,ethnicity,False
18418,1,1,ethnicity,ethnicity,False
18421,1,1,ethnicity,ethnicity,False
18431,1,1,ethnicity,ethnicity,False
18435,1,1,ethnicity,ethnicity,False
18436,1,1,ethnicity,ethnicity,False
18445,1,1,ethnicity,ethnicity,False
18448,1,1,ethnicity,ethnicity,False
18466,1,1,ethnicity,ethnicity,False
18470,1,1,ethnicity,ethnicity,False
18483,1,1,ethnicity,ethnicity,False
18484,1,1,ethnicity,ethnicity,False
18491,1,1,ethnicity,ethnicity,False
18501,1,1,ethnicity,ethnicity,False
18504,1,1,ethnicity,ethnicity,False
18512,1,1,ethnicity,ethnicity,False
18515,1,1,ethnicity,ethnicity,False
18526,1,1,ethnicity,ethnicity,False
18527,1,1,ethnicity,ethnicity,False
18539,1,1,ethnicity,ethnicity,False
18540,1,1,ethnicity,ethnicity,False
18552,1,1,ethnicity,ethnicity,False
18553,1,1,ethnicity,ethnicity,False
18556,1,1,ethnicity,ethnicity,False
18561,1,1,ethnicity,ethnicity,False
18563,1,1,ethnicity,ethnicity,False
18575,1,1,ethnicity,ethnicity,False
18579,1,1,ethnicity,ethnicity,False
18594,1,1,ethnicity,ethnicity,False
18602,1,1,ethnicity,ethnicity,False
18603,1,1,ethnicity,ethnicity,False
18604,1,1,ethnicity,ethnicity,False
18607,1,1,ethnicity,ethnicity,False
18608,1,1,ethnicity,ethnicity,False
18612,1,1,ethnicity,ethnicity,False
18615,1,1,ethnicity,ethnicity,False
18617,1,1,ethnicity,ethnicity,False
18627,1,1,ethnicity,ethnicity,False
18632,1,1,ethnicity,ethnicity,False
18634,1,1,ethnicity,ethnicity,False
18638,1,1,ethnicity,ethnicity,False
18651,1,1,ethnicity,ethnicity,False
18652,1,1,ethnicity,ethnicity,False
18664,1,1,ethnicity,ethnicity,False
18667,1,1,ethnicity,ethnicity,False
18669,1,1,ethnicity,ethnicity,False
18680,1,1,ethnicity,ethnicity,False
18686,1,1,ethnicity,ethnicity,False
18687,1,1,ethnicity,ethnicity,False
18690,1,1,ethnicity,ethnicity,False
18692,1,1,ethnicity,ethnicity,False
18695,1,1,ethnicity,ethnicity,False
18697,1,1,ethnicity,ethnicity,False
18702,1,1,ethnicity,ethnicity,False
18703,1,1,ethnicity,ethnicity,False
18707,1,1,ethnicity,ethnicity,False
18712,1,1,ethnicity,ethnicity,False
18715,1,1,ethnicity,ethnicity,False
18727,1,1,ethnicity,ethnicity,False
18730,1,1,ethnicity,ethnicity,False
18733,1,1,ethnicity,ethnicity,False
18738,1,1,ethnicity,ethnicity,False
18744,1,1,ethnicity,ethnicity,False
18745,1,1,ethnicity,ethnicity,False
18747,1,1,ethnicity,ethnicity,False
18751,1,1,ethnicity,ethnicity,False
18755,1,1,ethnicity,ethnicity,False
18759,1,1,ethnicity,ethnicity,False
18761,1,1,ethnicity,ethnicity,False
18772,1,1,ethnicity,ethnicity,False
18787,1,1,ethnicity,ethnicity,False
18793,1,1,ethnicity,ethnicity,False
18796,1,1,ethnicity,ethnicity,False
18803,1,1,ethnicity,ethnicity,False
18805,1,1,ethnicity,ethnicity,False
18806,1,1,ethnicity,ethnicity,False
18811,1,1,ethnicity,ethnicity,False
18812,1,1,ethnicity,ethnicity,False
18816,1,1,ethnicity,ethnicity,False
18819,1,1,ethnicity,ethnicity,False
18832,1,1,ethnicity,ethnicity,False
18835,1,1,ethnicity,ethnicity,False
18842,1,1,ethnicity,ethnicity,False
18843,1,1,ethnicity,ethnicity,False
18851,1,1,ethnicity,ethnicity,False
18854,1,1,ethnicity,ethnicity,False
18855,1,1,ethnicity,ethnicity,False
18860,1,1,ethnicity,ethnicity,False
18872,1,1,ethnicity,ethnicity,False
18873,1,1,ethnicity,ethnicity,False
18874,1,1,ethnicity,ethnicity,False
18878,1,1,ethnicity,ethnicity,False
18881,1,1,ethnicity,ethnicity,False
18884,1,1,ethnicity,ethnicity,False
18888,1,1,ethnicity,ethnicity,False
18892,1,1,ethnicity,ethnicity,False
18895,1,1,ethnicity,ethnicity,False
18901,1,1,ethnicity,ethnicity,False
18903,1,1,ethnicity,ethnicity,False
18905,1,1,ethnicity,ethnicity,False
18914,1,1,ethnicity,ethnicity,False
18921,1,1,ethnicity,ethnicity,False
18923,1,1,ethnicity,ethnicity,False
18926,1,1,ethnicity,ethnicity,False
18929,1,1,ethnicity,ethnicity,False
18937,1,1,ethnicity,ethnicity,False
18945,1,1,ethnicity,ethnicity,False
18962,1,1,ethnicity,ethnicity,False
18973,1,1,ethnicity,ethnicity,False
18978,1,1,ethnicity,ethnicity,False
18986,1,1,ethnicity,ethnicity,False
18993,1,1,ethnicity,ethnicity,False
19010,1,1,ethnicity,ethnicity,False
19021,1,1,ethnicity,ethnicity,False
19026,1,1,ethnicity,ethnicity,False
19033,1,1,ethnicity,ethnicity,False
19035,1,1,ethnicity,ethnicity,False
19040,1,1,ethnicity,ethnicity,False
19046,1,1,ethnicity,ethnicity,False
19049,1,1,ethnicity,ethnicity,False
19054,1,1,ethnicity,ethnicity,False
19056,1,1,ethnicity,ethnicity,False
19064,1,1,ethnicity,ethnicity,False
19065,1,1,ethnicity,ethnicity,False
19066,1,1,ethnicity,ethnicity,False
19067,1,1,ethnicity,ethnicity,False
19070,1,1,ethnicity,ethnicity,False
19072,1,1,ethnicity,ethnicity,False
19076,1,1,ethnicity,ethnicity,False
19080,1,1,ethnicity,ethnicity,False
19084,1,1,ethnicity,ethnicity,False
19089,1,1,ethnicity,ethnicity,False
19092,1,1,ethnicity,ethnicity,False
19094,1,1,ethnicity,ethnicity,False
19098,1,1,ethnicity,ethnicity,False
19104,1,1,ethnicity,ethnicity,False
19105,1,1,ethnicity,ethnicity,False
19121,1,1,ethnicity,ethnicity,False
19124,1,1,ethnicity,ethnicity,False
19125,1,1,ethnicity,ethnicity,False
19126,1,1,ethnicity,ethnicity,False
19133,1,1,ethnicity,ethnicity,False
19139,1,1,ethnicity,ethnicity,False
19148,1,1,ethnicity,ethnicity,False
19149,1,1,ethnicity,ethnicity,False
19158,1,1,ethnicity,ethnicity,False
19159,1,1,ethnicity,ethnicity,False
19163,1,1,ethnicity,ethnicity,False
19164,1,1,ethnicity,ethnicity,False
19165,1,1,ethnicity,ethnicity,False
19168,1,1,ethnicity,ethnicity,False
19169,1,1,ethnicity,ethnicity,False
19176,1,1,ethnicity,ethnicity,False
19178,1,1,ethnicity,ethnicity,False
19183,1,1,ethnicity,ethnicity,False
19187,1,1,ethnicity,ethnicity,False
19201,1,1,ethnicity,ethnicity,False
19203,1,1,ethnicity,ethnicity,False
19204,1,1,ethnicity,ethnicity,False
19214,1,1,ethnicity,ethnicity,False
19219,1,1,ethnicity,ethnicity,False
19220,1,1,ethnicity,ethnicity,False
19221,1,1,ethnicity,ethnicity,False
19224,1,1,ethnicity,ethnicity,False
19225,1,1,ethnicity,ethnicity,False
19228,1,1,ethnicity,ethnicity,False
19229,1,1,ethnicity,ethnicity,False
19231,1,1,ethnicity,ethnicity,False
19235,1,1,ethnicity,ethnicity,False
19236,1,1,ethnicity,ethnicity,False
19240,1,1,ethnicity,ethnicity,False
19255,1,1,ethnicity,ethnicity,False
19256,1,1,ethnicity,ethnicity,False
19265,1,1,ethnicity,ethnicity,False
19267,1,1,ethnicity,ethnicity,False
19268,1,1,ethnicity,ethnicity,False
19274,1,1,ethnicity,ethnicity,False
19277,1,1,ethnicity,ethnicity,False
19280,1,1,ethnicity,ethnicity,False
19281,1,1,ethnicity,ethnicity,False
19291,1,1,ethnicity,ethnicity,False
19297,1,1,ethnicity,ethnicity,False
19304,1,1,ethnicity,ethnicity,False
19319,1,1,ethnicity,ethnicity,False
19326,1,1,ethnicity,ethnicity,False
19336,1,1,ethnicity,ethnicity,False
19341,1,2,ethnicity,gender,True
19346,1,5,ethnicity,religion,True
19347,1,1,ethnicity,ethnicity,False
19348,1,1,ethnicity,ethnicity,False
19349,1,1,ethnicity,ethnicity,False
19351,1,1,ethnicity,ethnicity,False
19352,1,1,ethnicity,ethnicity,False
19354,1,1,ethnicity,ethnicity,False
19355,1,1,ethnicity,ethnicity,False
19358,1,1,ethnicity,ethnicity,False
19359,1,1,ethnicity,ethnicity,False
19368,1,1,ethnicity,ethnicity,False
19371,1,1,ethnicity,ethnicity,False
19378,1,1,ethnicity,ethnicity,False
19383,1,1,ethnicity,ethnicity,False
19391,1,1,ethnicity,ethnicity,False
19395,1,1,ethnicity,ethnicity,False
19403,1,1,ethnicity,ethnicity,False
19409,1,1,ethnicity,ethnicity,False
19416,1,1,ethnicity,ethnicity,False
19420,1,1,ethnicity,ethnicity,False
19424,1,1,ethnicity,ethnicity,False
19428,1,1,ethnicity,ethnicity,False
19429,1,1,ethnicity,ethnicity,False
19436,1,1,ethnicity,ethnicity,False
19437,1,1,ethnicity,ethnicity,False
19438,1,1,ethnicity,ethnicity,False
19449,1,1,ethnicity,ethnicity,False
19450,1,1,ethnicity,ethnicity,False
19463,1,1,ethnicity,ethnicity,False
19465,1,1,ethnicity,ethnicity,False
19468,1,1,ethnicity,ethnicity,False
19469,1,1,ethnicity,ethnicity,False
19475,1,1,ethnicity,ethnicity,False
19481,1,1,ethnicity,ethnicity,False
19485,1,3,ethnicity,not_cyberbullying,True
19486,1,1,ethnicity,ethnicity,False
19493,1,1,ethnicity,ethnicity,False
19495,1,1,ethnicity,ethnicity,False
19498,1,1,ethnicity,ethnicity,False
19500,1,1,ethnicity,ethnicity,False
19522,1,1,ethnicity,ethnicity,False
19525,1,1,ethnicity,ethnicity,False
19527,1,1,ethnicity,ethnicity,False
19529,1,1,ethnicity,ethnicity,False
19533,1,1,ethnicity,ethnicity,False
19534,1,1,ethnicity,ethnicity,False
19535,1,1,ethnicity,ethnicity,False
19545,1,3,ethnicity,not_cyberbullying,True
19564,1,1,ethnicity,ethnicity,False
19568,1,1,ethnicity,ethnicity,False
19569,1,1,ethnicity,ethnicity,False
19571,1,1,ethnicity,ethnicity,False
19572,1,1,ethnicity,ethnicity,False
19581,1,1,ethnicity,ethnicity,False
19583,1,1,ethnicity,ethnicity,False
19585,1,1,ethnicity,ethnicity,False
19586,1,1,ethnicity,ethnicity,False
19587,1,1,ethnicity,ethnicity,False
19592,1,1,ethnicity,ethnicity,False
19596,1,1,ethnicity,ethnicity,False
19597,1,1,ethnicity,ethnicity,False
19600,1,1,ethnicity,ethnicity,False
19601,1,1,ethnicity,ethnicity,False
19608,1,1,ethnicity,ethnicity,False
19616,1,1,ethnicity,ethnicity,False
19619,1,1,ethnicity,ethnicity,False
19621,1,1,ethnicity,ethnicity,False
19622,1,1,ethnicity,ethnicity,False
19626,1,1,ethnicity,ethnicity,False
19637,1,1,ethnicity,ethnicity,False
19649,1,1,ethnicity,ethnicity,False
19652,1,1,ethnicity,ethnicity,False
19654,1,1,ethnicity,ethnicity,False
19656,1,1,ethnicity,ethnicity,False
19658,1,1,ethnicity,ethnicity,False
19665,1,1,ethnicity,ethnicity,False
19672,1,1,ethnicity,ethnicity,False
19678,1,1,ethnicity,ethnicity,False
19693,1,1,ethnicity,ethnicity,False
19697,1,1,ethnicity,ethnicity,False
19698,1,1,ethnicity,ethnicity,False
19699,1,1,ethnicity,ethnicity,False
19704,1,1,ethnicity,ethnicity,False
19713,1,1,ethnicity,ethnicity,False
19721,1,1,ethnicity,ethnicity,False
19733,1,1,ethnicity,ethnicity,False
19734,1,1,ethnicity,ethnicity,False
19738,1,1,ethnicity,ethnicity,False
19744,1,1,ethnicity,ethnicity,False
19745,1,1,ethnicity,ethnicity,False
19752,1,1,ethnicity,ethnicity,False
19754,1,1,ethnicity,ethnicity,False
19762,1,1,ethnicity,ethnicity,False
19764,1,1,ethnicity,ethnicity,False
19770,1,1,ethnicity,ethnicity,False
19773,1,1,ethnicity,ethnicity,False
19774,1,1,ethnicity,ethnicity,False
19775,1,1,ethnicity,ethnicity,False
19776,1,1,ethnicity,ethnicity,False
19782,1,1,ethnicity,ethnicity,False
19783,1,1,ethnicity,ethnicity,False
19809,1,1,ethnicity,ethnicity,False
19820,1,1,ethnicity,ethnicity,False
19826,1,1,ethnicity,ethnicity,False
19832,1,1,ethnicity,ethnicity,False
19837,1,1,ethnicity,ethnicity,False
19839,1,1,ethnicity,ethnicity,False
19840,1,1,ethnicity,ethnicity,False
19850,1,1,ethnicity,ethnicity,False
19858,1,1,ethnicity,ethnicity,False
19862,1,1,ethnicity,ethnicity,False
19867,1,1,ethnicity,ethnicity,False
19870,1,1,ethnicity,ethnicity,False
19873,1,1,ethnicity,ethnicity,False
19874,1,1,ethnicity,ethnicity,False
19883,1,1,ethnicity,ethnicity,False
19884,1,1,ethnicity,ethnicity,False
19886,1,1,ethnicity,ethnicity,False
19887,1,1,ethnicity,ethnicity,False
19895,1,1,ethnicity,ethnicity,False
19898,1,1,ethnicity,ethnicity,False
19915,1,1,ethnicity,ethnicity,False
19922,1,1,ethnicity,ethnicity,False
19926,1,1,ethnicity,ethnicity,False
19932,1,1,ethnicity,ethnicity,False
19934,1,1,ethnicity,ethnicity,False
19940,1,1,ethnicity,ethnicity,False
19944,1,1,ethnicity,ethnicity,False
19958,1,1,ethnicity,ethnicity,False
19970,1,1,ethnicity,ethnicity,False
19975,1,1,ethnicity,ethnicity,False
19976,1,1,ethnicity,ethnicity,False
19977,1,1,ethnicity,ethnicity,False
19985,1,1,ethnicity,ethnicity,False
19993,1,1,ethnicity,ethnicity,False
19994,1,1,ethnicity,ethnicity,False
19997,1,1,ethnicity,ethnicity,False
19998,1,1,ethnicity,ethnicity,False
20008,1,1,ethnicity,ethnicity,False
20009,1,1,ethnicity,ethnicity,False
20010,1,1,ethnicity,ethnicity,False
20012,1,1,ethnicity,ethnicity,False
20014,1,1,ethnicity,ethnicity,False
20020,1,1,ethnicity,ethnicity,False
20027,1,1,ethnicity,ethnicity,False
20028,1,1,ethnicity,ethnicity,False
20031,1,1,ethnicity,ethnicity,False
20032,1,1,ethnicity,ethnicity,False
20044,1,1,ethnicity,ethnicity,False
20045,1,1,ethnicity,ethnicity,False
20046,1,1,ethnicity,ethnicity,False
20047,1,1,ethnicity,ethnicity,False
20048,1,1,ethnicity,ethnicity,False
20052,1,1,ethnicity,ethnicity,False
20066,1,1,ethnicity,ethnicity,False
20067,1,1,ethnicity,ethnicity,False
20069,1,1,ethnicity,ethnicity,False
20071,1,1,ethnicity,ethnicity,False
20079,1,1,ethnicity,ethnicity,False
20085,1,1,ethnicity,ethnicity,False
20086,1,1,ethnicity,ethnicity,False
20088,1,1,ethnicity,ethnicity,False
20092,1,1,ethnicity,ethnicity,False
20095,1,1,ethnicity,ethnicity,False
20101,1,1,ethnicity,ethnicity,False
20104,1,1,ethnicity,ethnicity,False
20105,1,1,ethnicity,ethnicity,False
20108,1,1,ethnicity,ethnicity,False
20109,1,1,ethnicity,ethnicity,False
20124,1,1,ethnicity,ethnicity,False
20125,1,1,ethnicity,ethnicity,False
20139,1,1,ethnicity,ethnicity,False
20147,1,1,ethnicity,ethnicity,False
20171,1,1,ethnicity,ethnicity,False
20177,1,1,ethnicity,ethnicity,False
20186,1,1,ethnicity,ethnicity,False
20190,1,1,ethnicity,ethnicity,False
20209,1,1,ethnicity,ethnicity,False
20228,1,1,ethnicity,ethnicity,False
20235,1,1,ethnicity,ethnicity,False
20242,1,1,ethnicity,ethnicity,False
20246,1,1,ethnicity,ethnicity,False
20255,1,1,ethnicity,ethnicity,False
20263,1,1,ethnicity,ethnicity,False
20264,1,1,ethnicity,ethnicity,False
20281,1,1,ethnicity,ethnicity,False
20282,1,1,ethnicity,ethnicity,False
20286,1,1,ethnicity,ethnicity,False
20289,1,1,ethnicity,ethnicity,False
20291,1,1,ethnicity,ethnicity,False
20293,1,1,ethnicity,ethnicity,False
20294,1,1,ethnicity,ethnicity,False
20299,1,1,ethnicity,ethnicity,False
20301,1,1,ethnicity,ethnicity,False
20303,1,1,ethnicity,ethnicity,False
20307,1,1,ethnicity,ethnicity,False
20309,1,1,ethnicity,ethnicity,False
20311,1,1,ethnicity,ethnicity,False
20312,1,1,ethnicity,ethnicity,False
20315,1,1,ethnicity,ethnicity,False
20318,1,1,ethnicity,ethnicity,False
20320,1,1,ethnicity,ethnicity,False
20336,1,1,ethnicity,ethnicity,False
20343,1,1,ethnicity,ethnicity,False
20353,1,1,ethnicity,ethnicity,False
20354,1,1,ethnicity,ethnicity,False
20356,1,1,ethnicity,ethnicity,False
20358,1,1,ethnicity,ethnicity,False
20361,1,1,ethnicity,ethnicity,False
20366,1,1,ethnicity,ethnicity,False
20367,1,1,ethnicity,ethnicity,False
20371,1,1,ethnicity,ethnicity,False
20373,1,1,ethnicity,ethnicity,False
20376,1,1,ethnicity,ethnicity,False
20382,1,1,ethnicity,ethnicity,False
20384,1,1,ethnicity,ethnicity,False
20386,1,1,ethnicity,ethnicity,False
20390,1,1,ethnicity,ethnicity,False
20395,1,1,ethnicity,ethnicity,False
20407,1,1,ethnicity,ethnicity,False
20419,1,1,ethnicity,ethnicity,False
20423,1,1,ethnicity,ethnicity,False
20424,1,1,ethnicity,ethnicity,False
20426,1,1,ethnicity,ethnicity,False
20430,1,1,ethnicity,ethnicity,False
20435,1,1,ethnicity,ethnicity,False
20447,1,1,ethnicity,ethnicity,False
20452,1,1,ethnicity,ethnicity,False
20455,1,1,ethnicity,ethnicity,False
20459,1,1,ethnicity,ethnicity,False
20463,1,1,ethnicity,ethnicity,False
20470,1,1,ethnicity,ethnicity,False
20487,1,1,ethnicity,ethnicity,False
20488,1,1,ethnicity,ethnicity,False
20493,1,1,ethnicity,ethnicity,False
20509,1,1,ethnicity,ethnicity,False
20511,1,1,ethnicity,ethnicity,False
20517,1,1,ethnicity,ethnicity,False
20526,1,1,ethnicity,ethnicity,False
20529,1,1,ethnicity,ethnicity,False
20533,1,1,ethnicity,ethnicity,False
20542,1,3,ethnicity,not_cyberbullying,True
20547,1,1,ethnicity,ethnicity,False
20555,1,1,ethnicity,ethnicity,False
20565,1,1,ethnicity,ethnicity,False
20574,1,1,ethnicity,ethnicity,False
20582,1,1,ethnicity,ethnicity,False
20595,1,1,ethnicity,ethnicity,False
20601,1,1,ethnicity,ethnicity,False
20602,1,1,ethnicity,ethnicity,False
20606,1,1,ethnicity,ethnicity,False
20607,1,1,ethnicity,ethnicity,False
20611,1,1,ethnicity,ethnicity,False
20613,1,1,ethnicity,ethnicity,False
20631,1,1,ethnicity,ethnicity,False
20632,1,4,ethnicity,other_cyberbullying,True
20633,1,1,ethnicity,ethnicity,False
20634,1,1,ethnicity,ethnicity,False
20635,1,1,ethnicity,ethnicity,False
20647,1,3,ethnicity,not_cyberbullying,True
20648,1,1,ethnicity,ethnicity,False
20650,1,1,ethnicity,ethnicity,False
20652,1,1,ethnicity,ethnicity,False
20654,1,1,ethnicity,ethnicity,False
20655,1,1,ethnicity,ethnicity,False
20664,1,1,ethnicity,ethnicity,False
20674,1,1,ethnicity,ethnicity,False
20676,1,1,ethnicity,ethnicity,False
20683,1,1,ethnicity,ethnicity,False
20691,1,1,ethnicity,ethnicity,False
20698,1,1,ethnicity,ethnicity,False
20700,1,1,ethnicity,ethnicity,False
20701,1,1,ethnicity,ethnicity,False
20710,1,1,ethnicity,ethnicity,False
20713,1,1,ethnicity,ethnicity,False
20726,1,1,ethnicity,ethnicity,False
20734,1,1,ethnicity,ethnicity,False
20736,1,1,ethnicity,ethnicity,False
20748,1,1,ethnicity,ethnicity,False
20753,1,1,ethnicity,ethnicity,False
20759,1,3,ethnicity,not_cyberbullying,True
20760,1,1,ethnicity,ethnicity,False
20770,1,1,ethnicity,ethnicity,False
20782,1,1,ethnicity,ethnicity,False
20791,1,1,ethnicity,ethnicity,False
20792,1,1,ethnicity,ethnicity,False
20796,1,1,ethnicity,ethnicity,False
20801,1,1,ethnicity,ethnicity,False
20803,1,1,ethnicity,ethnicity,False
20810,1,0,ethnicity,age,True
20811,1,1,ethnicity,ethnicity,False
20817,1,1,ethnicity,ethnicity,False
20822,1,1,ethnicity,ethnicity,False
20823,1,1,ethnicity,ethnicity,False
20826,1,1,ethnicity,ethnicity,False
20832,1,1,ethnicity,ethnicity,False
20835,1,1,ethnicity,ethnicity,False
20838,1,1,ethnicity,ethnicity,False
20841,1,1,ethnicity,ethnicity,False
20852,1,1,ethnicity,ethnicity,False
20853,1,1,ethnicity,ethnicity,False
20865,1,1,ethnicity,ethnicity,False
20870,1,1,ethnicity,ethnicity,False
20875,1,1,ethnicity,ethnicity,False
20877,1,1,ethnicity,ethnicity,False
20880,1,1,ethnicity,ethnicity,False
20881,1,1,ethnicity,ethnicity,False
20884,1,1,ethnicity,ethnicity,False
20885,1,1,ethnicity,ethnicity,False
20891,1,1,ethnicity,ethnicity,False
20895,1,1,ethnicity,ethnicity,False
20896,1,1,ethnicity,ethnicity,False
20897,1,1,ethnicity,ethnicity,False
20906,1,1,ethnicity,ethnicity,False
20911,1,1,ethnicity,ethnicity,False
20915,1,1,ethnicity,ethnicity,False
20919,1,1,ethnicity,ethnicity,False
20931,1,1,ethnicity,ethnicity,False
20932,1,1,ethnicity,ethnicity,False
20934,1,1,ethnicity,ethnicity,False
20946,1,1,ethnicity,ethnicity,False
20957,1,1,ethnicity,ethnicity,False
20965,1,1,ethnicity,ethnicity,False
20970,1,1,ethnicity,ethnicity,False
20975,1,1,ethnicity,ethnicity,False
20980,1,1,ethnicity,ethnicity,False
20981,1,1,ethnicity,ethnicity,False
20984,1,1,ethnicity,ethnicity,False
20987,1,1,ethnicity,ethnicity,False
20988,1,1,ethnicity,ethnicity,False
20992,1,1,ethnicity,ethnicity,False
20994,1,1,ethnicity,ethnicity,False
21006,1,1,ethnicity,ethnicity,False
21007,1,1,ethnicity,ethnicity,False
21017,1,1,ethnicity,ethnicity,False
21019,1,1,ethnicity,ethnicity,False
21020,1,1,ethnicity,ethnicity,False
21022,1,1,ethnicity,ethnicity,False
21027,1,1,ethnicity,ethnicity,False
21028,1,1,ethnicity,ethnicity,False
21030,1,1,ethnicity,ethnicity,False
21036,1,1,ethnicity,ethnicity,False
21038,1,1,ethnicity,ethnicity,False
21039,1,1,ethnicity,ethnicity,False
21041,1,1,ethnicity,ethnicity,False
21042,1,1,ethnicity,ethnicity,False
21045,1,1,ethnicity,ethnicity,False
21051,1,1,ethnicity,ethnicity,False
21066,1,1,ethnicity,ethnicity,False
21067,1,1,ethnicity,ethnicity,False
21072,1,1,ethnicity,ethnicity,False
21075,1,1,ethnicity,ethnicity,False
21081,1,1,ethnicity,ethnicity,False
21082,1,3,ethnicity,not_cyberbullying,True
21086,1,1,ethnicity,ethnicity,False
21087,1,1,ethnicity,ethnicity,False
21088,1,1,ethnicity,ethnicity,False
21089,1,1,ethnicity,ethnicity,False
21090,1,1,ethnicity,ethnicity,False
21094,1,1,ethnicity,ethnicity,False
21108,1,1,ethnicity,ethnicity,False
21109,1,1,ethnicity,ethnicity,False
21111,1,1,ethnicity,ethnicity,False
21112,1,1,ethnicity,ethnicity,False
21113,1,1,ethnicity,ethnicity,False
